language,emotion,year,value,count,std,slope,intercept,r_value,p_value,predicted
english,valence_mean,1900,0.23703554098908483,20,0.1200388644207947,-0.000519508860840826,1.2221246270685204,-0.2892428367341177,0.01127079194479825,0.23505779147095096
english,valence_mean,1901,0.22496170110081612,15,0.2365686822763004,-0.000519508860840826,1.2221246270685204,-0.2892428367341177,0.01127079194479825,0.23453828261011012
english,valence_mean,1902,0.2368604911333026,8,0.1906284236036194,-0.000519508860840826,1.2221246270685204,-0.2892428367341177,0.01127079194479825,0.23401877374926927
english,valence_mean,1903,0.18846759549920805,20,0.23007025454705307,-0.000519508860840826,1.2221246270685204,-0.2892428367341177,0.01127079194479825,0.23349926488842843
english,valence_mean,1905,0.10068979572390499,82,0.23731119094634406,-0.000519508860840826,1.2221246270685204,-0.2892428367341177,0.01127079194479825,0.23246024716674685
english,valence_mean,1910,0.335903252718044,13,0.1777314161543752,-0.000519508860840826,1.2221246270685204,-0.2892428367341177,0.01127079194479825,0.22986270286254273
english,valence_mean,1912,0.4019646147206439,17,0.26777391521995886,-0.000519508860840826,1.2221246270685204,-0.2892428367341177,0.01127079194479825,0.22882368514086104
english,valence_mean,1950,0.07928301417989424,3,0.18596473294286248,-0.000519508860840826,1.2221246270685204,-0.2892428367341177,0.01127079194479825,0.20908234842890971
english,valence_mean,1951,0.06939043884700495,40,0.3207417465133752,-0.000519508860840826,1.2221246270685204,-0.2892428367341177,0.01127079194479825,0.20856283956806876
english,valence_mean,1952,0.1344467296880635,8,0.06629516864974803,-0.000519508860840826,1.2221246270685204,-0.2892428367341177,0.01127079194479825,0.20804333070722802
english,valence_mean,1953,0.05234847362522288,4,0.19284875678982624,-0.000519508860840826,1.2221246270685204,-0.2892428367341177,0.01127079194479825,0.20752382184638707
english,valence_mean,1954,0.21945249342491557,6,0.2133291066551199,-0.000519508860840826,1.2221246270685204,-0.2892428367341177,0.01127079194479825,0.20700431298554633
english,valence_mean,1955,0.249431102245985,15,0.1904440145241632,-0.000519508860840826,1.2221246270685204,-0.2892428367341177,0.01127079194479825,0.2064848041247056
english,valence_mean,1956,0.33087720732562825,39,0.21837665102011658,-0.000519508860840826,1.2221246270685204,-0.2892428367341177,0.01127079194479825,0.20596529526386465
english,valence_mean,1957,0.22225553673855009,10,0.20946123015848772,-0.000519508860840826,1.2221246270685204,-0.2892428367341177,0.01127079194479825,0.2054457864030239
english,valence_mean,1958,0.35136415144024774,14,0.23775130671843633,-0.000519508860840826,1.2221246270685204,-0.2892428367341177,0.01127079194479825,0.20492627754218296
english,valence_mean,1959,0.2771508419045824,16,0.26767633442196803,-0.000519508860840826,1.2221246270685204,-0.2892428367341177,0.01127079194479825,0.20440676868134222
english,valence_mean,1960,0.25613115264439107,38,0.23230597849956855,-0.000519508860840826,1.2221246270685204,-0.2892428367341177,0.01127079194479825,0.2038872598205015
english,valence_mean,1961,0.14588058436965579,17,0.15668694608932676,-0.000519508860840826,1.2221246270685204,-0.2892428367341177,0.01127079194479825,0.20336775095966053
english,valence_mean,1962,0.20242911414169995,26,0.20942560313874203,-0.000519508860840826,1.2221246270685204,-0.2892428367341177,0.01127079194479825,0.2028482420988198
english,valence_mean,1963,0.2238554029408814,94,0.17538961668869607,-0.000519508860840826,1.2221246270685204,-0.2892428367341177,0.01127079194479825,0.20232873323797884
english,valence_mean,1964,0.16927167104532875,42,0.2500637820809959,-0.000519508860840826,1.2221246270685204,-0.2892428367341177,0.01127079194479825,0.2018092243771381
english,valence_mean,1965,0.1446595231384284,20,0.27116017242328466,-0.000519508860840826,1.2221246270685204,-0.2892428367341177,0.01127079194479825,0.20128971551629715
english,valence_mean,1966,0.14294865298553172,17,0.17496317328336564,-0.000519508860840826,1.2221246270685204,-0.2892428367341177,0.01127079194479825,0.20077020665545642
english,valence_mean,1967,0.227719944464582,52,0.2077790871734442,-0.000519508860840826,1.2221246270685204,-0.2892428367341177,0.01127079194479825,0.20025069779461568
english,valence_mean,1968,0.19278186200805103,80,0.19160526572950878,-0.000519508860840826,1.2221246270685204,-0.2892428367341177,0.01127079194479825,0.19973118893377473
english,valence_mean,1969,0.22092829914851023,103,0.1886154165880022,-0.000519508860840826,1.2221246270685204,-0.2892428367341177,0.01127079194479825,0.199211680072934
english,valence_mean,1970,0.19946794188658798,489,0.1989922021763303,-0.000519508860840826,1.2221246270685204,-0.2892428367341177,0.01127079194479825,0.19869217121209304
english,valence_mean,1971,0.16266488774837312,147,0.1914220085369596,-0.000519508860840826,1.2221246270685204,-0.2892428367341177,0.01127079194479825,0.1981726623512523
english,valence_mean,1972,0.20303151302349637,198,0.19884665568725246,-0.000519508860840826,1.2221246270685204,-0.2892428367341177,0.01127079194479825,0.19765315349041157
english,valence_mean,1973,0.18391983121056793,253,0.19146938138947367,-0.000519508860840826,1.2221246270685204,-0.2892428367341177,0.01127079194479825,0.19713364462957061
english,valence_mean,1974,0.20724572741521763,161,0.17806075577795225,-0.000519508860840826,1.2221246270685204,-0.2892428367341177,0.01127079194479825,0.19661413576872988
english,valence_mean,1975,0.19584827564206117,475,0.1938930132392567,-0.000519508860840826,1.2221246270685204,-0.2892428367341177,0.01127079194479825,0.19609462690788892
english,valence_mean,1976,0.21466452772406266,324,0.19161455860517132,-0.000519508860840826,1.2221246270685204,-0.2892428367341177,0.01127079194479825,0.1955751180470482
english,valence_mean,1977,0.20150915095835453,411,0.20390386677360622,-0.000519508860840826,1.2221246270685204,-0.2892428367341177,0.01127079194479825,0.19505560918620723
english,valence_mean,1978,0.2329052685218444,396,0.2046971556370335,-0.000519508860840826,1.2221246270685204,-0.2892428367341177,0.01127079194479825,0.1945361003253665
english,valence_mean,1979,0.23027956688719026,321,0.21625393880395946,-0.000519508860840826,1.2221246270685204,-0.2892428367341177,0.01127079194479825,0.19401659146452577
english,valence_mean,1980,0.19068878764887048,636,0.2385128420874719,-0.000519508860840826,1.2221246270685204,-0.2892428367341177,0.01127079194479825,0.1934970826036848
english,valence_mean,1981,0.18257067454503617,410,0.18965388102073133,-0.000519508860840826,1.2221246270685204,-0.2892428367341177,0.01127079194479825,0.19297757374284408
english,valence_mean,1982,0.20720720616006613,471,0.2165883087571289,-0.000519508860840826,1.2221246270685204,-0.2892428367341177,0.01127079194479825,0.19245806488200312
english,valence_mean,1983,0.19590410340829378,738,0.2161553298115639,-0.000519508860840826,1.2221246270685204,-0.2892428367341177,0.01127079194479825,0.1919385560211624
english,valence_mean,1984,0.2028294166045356,901,0.2251736101722052,-0.000519508860840826,1.2221246270685204,-0.2892428367341177,0.01127079194479825,0.19141904716032165
english,valence_mean,1985,0.16924829015007611,1311,0.20569597591411945,-0.000519508860840826,1.2221246270685204,-0.2892428367341177,0.01127079194479825,0.1908995382994807
english,valence_mean,1986,0.2004548554604765,1610,0.22126483186658633,-0.000519508860840826,1.2221246270685204,-0.2892428367341177,0.01127079194479825,0.19038002943863996
english,valence_mean,1987,0.20671725956907636,2352,0.20435614950168338,-0.000519508860840826,1.2221246270685204,-0.2892428367341177,0.01127079194479825,0.189860520577799
english,valence_mean,1988,0.20998010475622425,2975,0.21110729082396337,-0.000519508860840826,1.2221246270685204,-0.2892428367341177,0.01127079194479825,0.18934101171695827
english,valence_mean,1989,0.19775449317114138,3565,0.20729290482162327,-0.000519508860840826,1.2221246270685204,-0.2892428367341177,0.01127079194479825,0.18882150285611732
english,valence_mean,1990,0.2114702984423969,5056,0.21966162136074316,-0.000519508860840826,1.2221246270685204,-0.2892428367341177,0.01127079194479825,0.18830199399527658
english,valence_mean,1991,0.19744925830030338,5316,0.21515856900748037,-0.000519508860840826,1.2221246270685204,-0.2892428367341177,0.01127079194479825,0.18778248513443585
english,valence_mean,1992,0.19432957135158754,5544,0.21527326224546908,-0.000519508860840826,1.2221246270685204,-0.2892428367341177,0.01127079194479825,0.1872629762735949
english,valence_mean,1993,0.19641036391451638,6631,0.2195945940133322,-0.000519508860840826,1.2221246270685204,-0.2892428367341177,0.01127079194479825,0.18674346741275416
english,valence_mean,1994,0.18128773339684312,6916,0.2188435425861047,-0.000519508860840826,1.2221246270685204,-0.2892428367341177,0.01127079194479825,0.1862239585519132
english,valence_mean,1995,0.18008408393360267,8679,0.2162295971687665,-0.000519508860840826,1.2221246270685204,-0.2892428367341177,0.01127079194479825,0.18570444969107247
english,valence_mean,1996,0.183637510037447,9400,0.21865659992281497,-0.000519508860840826,1.2221246270685204,-0.2892428367341177,0.01127079194479825,0.18518494083023174
english,valence_mean,1997,0.17830431414922435,11646,0.223943471083944,-0.000519508860840826,1.2221246270685204,-0.2892428367341177,0.01127079194479825,0.18466543196939078
english,valence_mean,1998,0.17350543211524203,12382,0.2217725727615749,-0.000519508860840826,1.2221246270685204,-0.2892428367341177,0.01127079194479825,0.18414592310855005
english,valence_mean,1999,0.18731126905239637,15038,0.22632693061466364,-0.000519508860840826,1.2221246270685204,-0.2892428367341177,0.01127079194479825,0.1836264142477091
english,valence_mean,2000,0.18161042262917154,16360,0.22734567078308682,-0.000519508860840826,1.2221246270685204,-0.2892428367341177,0.01127079194479825,0.18310690538686836
english,valence_mean,2001,0.1766414079968655,19196,0.23016291418414597,-0.000519508860840826,1.2221246270685204,-0.2892428367341177,0.01127079194479825,0.18258739652602762
english,valence_mean,2002,0.1742902469869561,21227,0.2285224730690338,-0.000519508860840826,1.2221246270685204,-0.2892428367341177,0.01127079194479825,0.18206788766518667
english,valence_mean,2003,0.18230201624772607,31184,0.2286961192046282,-0.000519508860840826,1.2221246270685204,-0.2892428367341177,0.01127079194479825,0.18154837880434593
english,valence_mean,2004,0.1670843600492189,29918,0.23188270929360613,-0.000519508860840826,1.2221246270685204,-0.2892428367341177,0.01127079194479825,0.18102886994350498
english,valence_mean,2005,0.17108878625014956,47346,0.2301057366513657,-0.000519508860840826,1.2221246270685204,-0.2892428367341177,0.01127079194479825,0.18050936108266424
english,valence_mean,2006,0.16648037484540631,61864,0.22759647881649028,-0.000519508860840826,1.2221246270685204,-0.2892428367341177,0.01127079194479825,0.1799898522218233
english,valence_mean,2007,0.17283003909818195,65531,0.23503263995782675,-0.000519508860840826,1.2221246270685204,-0.2892428367341177,0.01127079194479825,0.17947034336098255
english,valence_mean,2008,0.15844724295443371,83549,0.23493931954261527,-0.000519508860840826,1.2221246270685204,-0.2892428367341177,0.01127079194479825,0.17895083450014182
english,valence_mean,2009,0.16188234174419008,68822,0.23154884812965768,-0.000519508860840826,1.2221246270685204,-0.2892428367341177,0.01127079194479825,0.17843132563930086
english,valence_mean,2010,0.17198490951165976,52339,0.22755557234894688,-0.000519508860840826,1.2221246270685204,-0.2892428367341177,0.01127079194479825,0.17791181677846013
english,valence_mean,2011,0.1683785039438302,46637,0.2260416119125697,-0.000519508860840826,1.2221246270685204,-0.2892428367341177,0.01127079194479825,0.17739230791761917
english,valence_mean,2012,0.16405480347050747,24632,0.22648690819741765,-0.000519508860840826,1.2221246270685204,-0.2892428367341177,0.01127079194479825,0.17687279905677844
english,valence_mean,2013,0.16450433921970298,23027,0.2266476567674581,-0.000519508860840826,1.2221246270685204,-0.2892428367341177,0.01127079194479825,0.1763532901959377
english,valence_mean,2014,0.1716348221224185,31527,0.22164826362548587,-0.000519508860840826,1.2221246270685204,-0.2892428367341177,0.01127079194479825,0.17583378133509675
english,valence_mean,2015,0.16309608710704612,40496,0.22143681978627341,-0.000519508860840826,1.2221246270685204,-0.2892428367341177,0.01127079194479825,0.17531427247425602
english,valence_mean,2016,0.17990856284260417,13491,0.22565454587216321,-0.000519508860840826,1.2221246270685204,-0.2892428367341177,0.01127079194479825,0.17479476361341506
english,valence_mean,2017,0.18789439180223858,1741,0.23227828592390823,-0.000519508860840826,1.2221246270685204,-0.2892428367341177,0.01127079194479825,0.17427525475257433
english,valence_mean,2020,0.23385142002983902,6,0.1663943439090502,-0.000519508860840826,1.2221246270685204,-0.2892428367341177,0.01127079194479825,0.1727167281700519
english,arousal_mean,1900,0.144332399237255,20,0.11915686871746345,-0.00036409004486019056,0.9149478196403421,-0.21377394445921846,0.06370350779155894,0.22317673440598007
english,arousal_mean,1901,0.3087841010826256,15,0.12218739201036492,-0.00036409004486019056,0.9149478196403421,-0.21377394445921846,0.06370350779155894,0.2228126443611198
english,arousal_mean,1902,0.41504432320021595,8,0.19836463312995264,-0.00036409004486019056,0.9149478196403421,-0.21377394445921846,0.06370350779155894,0.22244855431625965
english,arousal_mean,1903,0.30937936566454177,20,0.06804906115898812,-0.00036409004486019056,0.9149478196403421,-0.21377394445921846,0.06370350779155894,0.2220844642713995
english,arousal_mean,1905,0.31522614959436196,82,0.19341322676864192,-0.00036409004486019056,0.9149478196403421,-0.21377394445921846,0.06370350779155894,0.22135628418167907
english,arousal_mean,1910,0.1808257955999828,13,0.09880232080108242,-0.00036409004486019056,0.9149478196403421,-0.21377394445921846,0.06370350779155894,0.2195358339573782
english,arousal_mean,1912,0.3757505046260231,17,0.21358436928781582,-0.00036409004486019056,0.9149478196403421,-0.21377394445921846,0.06370350779155894,0.21880765386765777
english,arousal_mean,1950,0.10365647785714266,3,0.04530744772938812,-0.00036409004486019056,0.9149478196403421,-0.21377394445921846,0.06370350779155894,0.20497223216297056
english,arousal_mean,1951,0.18882953125074725,40,0.18718879171801012,-0.00036409004486019056,0.9149478196403421,-0.21377394445921846,0.06370350779155894,0.2046081421181103
english,arousal_mean,1952,0.12824171060596745,8,0.09226064380530505,-0.00036409004486019056,0.9149478196403421,-0.21377394445921846,0.06370350779155894,0.20424405207325014
english,arousal_mean,1953,0.1140034797058823,4,0.03929771754608205,-0.00036409004486019056,0.9149478196403421,-0.21377394445921846,0.06370350779155894,0.20387996202838998
english,arousal_mean,1954,0.1168802496831612,6,0.09479694814329545,-0.00036409004486019056,0.9149478196403421,-0.21377394445921846,0.06370350779155894,0.20351587198352972
english,arousal_mean,1955,0.21522504232083975,15,0.09888537127835277,-0.00036409004486019056,0.9149478196403421,-0.21377394445921846,0.06370350779155894,0.20315178193866956
english,arousal_mean,1956,0.18238300805161464,39,0.1438120157266787,-0.00036409004486019056,0.9149478196403421,-0.21377394445921846,0.06370350779155894,0.2027876918938094
english,arousal_mean,1957,0.1499141633882298,10,0.11324545890079803,-0.00036409004486019056,0.9149478196403421,-0.21377394445921846,0.06370350779155894,0.20242360184894914
english,arousal_mean,1958,0.17821604210460704,14,0.11119836503893409,-0.00036409004486019056,0.9149478196403421,-0.21377394445921846,0.06370350779155894,0.202059511804089
english,arousal_mean,1959,0.21976489420535544,16,0.18816550321468908,-0.00036409004486019056,0.9149478196403421,-0.21377394445921846,0.06370350779155894,0.20169542175922883
english,arousal_mean,1960,0.18611101985829015,38,0.1388977860671682,-0.00036409004486019056,0.9149478196403421,-0.21377394445921846,0.06370350779155894,0.20133133171436857
english,arousal_mean,1961,0.1483650680192102,17,0.10996310804329777,-0.00036409004486019056,0.9149478196403421,-0.21377394445921846,0.06370350779155894,0.2009672416695084
english,arousal_mean,1962,0.18694912858140628,26,0.14844422105612523,-0.00036409004486019056,0.9149478196403421,-0.21377394445921846,0.06370350779155894,0.20060315162464826
english,arousal_mean,1963,0.11887563088760454,94,0.1161881135972052,-0.00036409004486019056,0.9149478196403421,-0.21377394445921846,0.06370350779155894,0.200239061579788
english,arousal_mean,1964,0.16404499968171254,42,0.13990507120243265,-0.00036409004486019056,0.9149478196403421,-0.21377394445921846,0.06370350779155894,0.19987497153492784
english,arousal_mean,1965,0.16412498407205875,20,0.16469521747167398,-0.00036409004486019056,0.9149478196403421,-0.21377394445921846,0.06370350779155894,0.19951088149006768
english,arousal_mean,1966,0.12131635529813678,17,0.09766244812994831,-0.00036409004486019056,0.9149478196403421,-0.21377394445921846,0.06370350779155894,0.19914679144520742
english,arousal_mean,1967,0.17732264976872972,52,0.14938808170834217,-0.00036409004486019056,0.9149478196403421,-0.21377394445921846,0.06370350779155894,0.19878270140034726
english,arousal_mean,1968,0.11720363753166367,80,0.104561691063289,-0.00036409004486019056,0.9149478196403421,-0.21377394445921846,0.06370350779155894,0.1984186113554871
english,arousal_mean,1969,0.1562470375228602,103,0.13524816431541692,-0.00036409004486019056,0.9149478196403421,-0.21377394445921846,0.06370350779155894,0.19805452131062684
english,arousal_mean,1970,0.1733451087219107,489,0.13063912912685505,-0.00036409004486019056,0.9149478196403421,-0.21377394445921846,0.06370350779155894,0.1976904312657667
english,arousal_mean,1971,0.14606509623645336,147,0.13619166959674195,-0.00036409004486019056,0.9149478196403421,-0.21377394445921846,0.06370350779155894,0.19732634122090653
english,arousal_mean,1972,0.16844163918859975,198,0.11781921524351437,-0.00036409004486019056,0.9149478196403421,-0.21377394445921846,0.06370350779155894,0.19696225117604638
english,arousal_mean,1973,0.1435670665349386,253,0.10807439681625398,-0.00036409004486019056,0.9149478196403421,-0.21377394445921846,0.06370350779155894,0.1965981611311861
english,arousal_mean,1974,0.16716031850536917,161,0.1105351399064742,-0.00036409004486019056,0.9149478196403421,-0.21377394445921846,0.06370350779155894,0.19623407108632596
english,arousal_mean,1975,0.1592894616909273,475,0.12359002388108803,-0.00036409004486019056,0.9149478196403421,-0.21377394445921846,0.06370350779155894,0.1958699810414658
english,arousal_mean,1976,0.1536997084858169,324,0.1030329577519784,-0.00036409004486019056,0.9149478196403421,-0.21377394445921846,0.06370350779155894,0.19550589099660554
english,arousal_mean,1977,0.17988675130643997,411,0.14160673965312834,-0.00036409004486019056,0.9149478196403421,-0.21377394445921846,0.06370350779155894,0.19514180095174538
english,arousal_mean,1978,0.1999097431594036,396,0.13443158524104817,-0.00036409004486019056,0.9149478196403421,-0.21377394445921846,0.06370350779155894,0.19477771090688523
english,arousal_mean,1979,0.2031689361500475,321,0.14405784381771983,-0.00036409004486019056,0.9149478196403421,-0.21377394445921846,0.06370350779155894,0.19441362086202496
english,arousal_mean,1980,0.2158846682530432,636,0.16011315756400255,-0.00036409004486019056,0.9149478196403421,-0.21377394445921846,0.06370350779155894,0.1940495308171648
english,arousal_mean,1981,0.20440078595759018,410,0.1749054350598961,-0.00036409004486019056,0.9149478196403421,-0.21377394445921846,0.06370350779155894,0.19368544077230465
english,arousal_mean,1982,0.2139148795720445,471,0.14013430288217382,-0.00036409004486019056,0.9149478196403421,-0.21377394445921846,0.06370350779155894,0.19332135072744439
english,arousal_mean,1983,0.2162279160439098,738,0.16011345226035273,-0.00036409004486019056,0.9149478196403421,-0.21377394445921846,0.06370350779155894,0.19295726068258423
english,arousal_mean,1984,0.21844485881321454,901,0.15778936525984066,-0.00036409004486019056,0.9149478196403421,-0.21377394445921846,0.06370350779155894,0.19259317063772408
english,arousal_mean,1985,0.18607785450702474,1311,0.14688886890586952,-0.00036409004486019056,0.9149478196403421,-0.21377394445921846,0.06370350779155894,0.1922290805928638
english,arousal_mean,1986,0.19865795411322185,1610,0.15138545136788348,-0.00036409004486019056,0.9149478196403421,-0.21377394445921846,0.06370350779155894,0.19186499054800366
english,arousal_mean,1987,0.18295864257339253,2352,0.13381399796643023,-0.00036409004486019056,0.9149478196403421,-0.21377394445921846,0.06370350779155894,0.1915009005031435
english,arousal_mean,1988,0.18736200537530884,2975,0.1447713847946146,-0.00036409004486019056,0.9149478196403421,-0.21377394445921846,0.06370350779155894,0.19113681045828324
english,arousal_mean,1989,0.18637362100688115,3565,0.13925231930944146,-0.00036409004486019056,0.9149478196403421,-0.21377394445921846,0.06370350779155894,0.19077272041342308
english,arousal_mean,1990,0.19605618099621053,5056,0.14825533571546468,-0.00036409004486019056,0.9149478196403421,-0.21377394445921846,0.06370350779155894,0.19040863036856293
english,arousal_mean,1991,0.18401870214034774,5316,0.14107683082420946,-0.00036409004486019056,0.9149478196403421,-0.21377394445921846,0.06370350779155894,0.19004454032370266
english,arousal_mean,1992,0.19094788508795746,5544,0.1436846183817701,-0.00036409004486019056,0.9149478196403421,-0.21377394445921846,0.06370350779155894,0.1896804502788425
english,arousal_mean,1993,0.1907287640096041,6631,0.14729930403472427,-0.00036409004486019056,0.9149478196403421,-0.21377394445921846,0.06370350779155894,0.18931636023398235
english,arousal_mean,1994,0.19713073167836023,6916,0.15186543814932332,-0.00036409004486019056,0.9149478196403421,-0.21377394445921846,0.06370350779155894,0.18895227018912208
english,arousal_mean,1995,0.19464297483919427,8679,0.15555866485416692,-0.00036409004486019056,0.9149478196403421,-0.21377394445921846,0.06370350779155894,0.18858818014426193
english,arousal_mean,1996,0.19373450272408632,9400,0.15088120571304262,-0.00036409004486019056,0.9149478196403421,-0.21377394445921846,0.06370350779155894,0.18822409009940178
english,arousal_mean,1997,0.19914565166174694,11646,0.15449525458976657,-0.00036409004486019056,0.9149478196403421,-0.21377394445921846,0.06370350779155894,0.1878600000545415
english,arousal_mean,1998,0.20213179958367347,12382,0.15434223512731898,-0.00036409004486019056,0.9149478196403421,-0.21377394445921846,0.06370350779155894,0.18749591000968135
english,arousal_mean,1999,0.20844589312513473,15038,0.15795518997353952,-0.00036409004486019056,0.9149478196403421,-0.21377394445921846,0.06370350779155894,0.1871318199648212
english,arousal_mean,2000,0.21074114492144447,16360,0.16056013012296236,-0.00036409004486019056,0.9149478196403421,-0.21377394445921846,0.06370350779155894,0.18676772991996093
english,arousal_mean,2001,0.20729695485173108,19196,0.16065839410841756,-0.00036409004486019056,0.9149478196403421,-0.21377394445921846,0.06370350779155894,0.18640363987510078
english,arousal_mean,2002,0.20537550671409532,21227,0.1563348725486738,-0.00036409004486019056,0.9149478196403421,-0.21377394445921846,0.06370350779155894,0.18603954983024062
english,arousal_mean,2003,0.2009818187349481,31184,0.15739753179115895,-0.00036409004486019056,0.9149478196403421,-0.21377394445921846,0.06370350779155894,0.18567545978538047
english,arousal_mean,2004,0.2067725071624492,29918,0.16002352673245335,-0.00036409004486019056,0.9149478196403421,-0.21377394445921846,0.06370350779155894,0.1853113697405202
english,arousal_mean,2005,0.20568974212832422,47346,0.15698129255726254,-0.00036409004486019056,0.9149478196403421,-0.21377394445921846,0.06370350779155894,0.18494727969566005
english,arousal_mean,2006,0.2044398807875986,61864,0.15983690686193558,-0.00036409004486019056,0.9149478196403421,-0.21377394445921846,0.06370350779155894,0.1845831896507999
english,arousal_mean,2007,0.20960846051996657,65531,0.16329506300559463,-0.00036409004486019056,0.9149478196403421,-0.21377394445921846,0.06370350779155894,0.18421909960593963
english,arousal_mean,2008,0.21330944972962113,83549,0.16668902541268438,-0.00036409004486019056,0.9149478196403421,-0.21377394445921846,0.06370350779155894,0.18385500956107947
english,arousal_mean,2009,0.20772328766209527,68822,0.15853438108741855,-0.00036409004486019056,0.9149478196403421,-0.21377394445921846,0.06370350779155894,0.18349091951621932
english,arousal_mean,2010,0.20885037637960924,52339,0.15588571561452932,-0.00036409004486019056,0.9149478196403421,-0.21377394445921846,0.06370350779155894,0.18312682947135905
english,arousal_mean,2011,0.20779590911904716,46637,0.15471181977592463,-0.00036409004486019056,0.9149478196403421,-0.21377394445921846,0.06370350779155894,0.1827627394264989
english,arousal_mean,2012,0.21348948103037713,24632,0.15721058145288344,-0.00036409004486019056,0.9149478196403421,-0.21377394445921846,0.06370350779155894,0.18239864938163874
english,arousal_mean,2013,0.21135798008609774,23027,0.15630922160080168,-0.00036409004486019056,0.9149478196403421,-0.21377394445921846,0.06370350779155894,0.18203455933677848
english,arousal_mean,2014,0.2044229334499778,31527,0.14997209554307975,-0.00036409004486019056,0.9149478196403421,-0.21377394445921846,0.06370350779155894,0.18167046929191832
english,arousal_mean,2015,0.21155931872559353,40496,0.15644012761596623,-0.00036409004486019056,0.9149478196403421,-0.21377394445921846,0.06370350779155894,0.18130637924705817
english,arousal_mean,2016,0.2065064299026859,13491,0.15777211244181993,-0.00036409004486019056,0.9149478196403421,-0.21377394445921846,0.06370350779155894,0.1809422892021979
english,arousal_mean,2017,0.19993088673262174,1741,0.1580718264711284,-0.00036409004486019056,0.9149478196403421,-0.21377394445921846,0.06370350779155894,0.18057819915733775
english,arousal_mean,2020,0.2537328431943557,6,0.13348826985210882,-0.00036409004486019056,0.9149478196403421,-0.21377394445921846,0.06370350779155894,0.17948592902275717
english,dominance_mean,1900,0.4954666569620806,20,0.04636115525899348,7.990442008940037e-05,0.34391281455281675,0.24600912884581222,0.03218116277812389,0.49573121272267745
english,dominance_mean,1901,0.5059934221343282,15,0.032380593680946874,7.990442008940037e-05,0.34391281455281675,0.24600912884581222,0.03218116277812389,0.4958111171427668
english,dominance_mean,1902,0.5266631617469391,8,0.02014039039128623,7.990442008940037e-05,0.34391281455281675,0.24600912884581222,0.03218116277812389,0.49589102156285625
english,dominance_mean,1903,0.4757360838557282,20,0.034273155035837055,7.990442008940037e-05,0.34391281455281675,0.24600912884581222,0.03218116277812389,0.4959709259829457
english,dominance_mean,1905,0.5069320678484126,82,0.04746125381908657,7.990442008940037e-05,0.34391281455281675,0.24600912884581222,0.03218116277812389,0.4961307348231244
english,dominance_mean,1910,0.4993343409936077,13,0.03512421739869644,7.990442008940037e-05,0.34391281455281675,0.24600912884581222,0.03218116277812389,0.49653025692357144
english,dominance_mean,1912,0.5134294143678746,17,0.06752333426810436,7.990442008940037e-05,0.34391281455281675,0.24600912884581222,0.03218116277812389,0.4966900657637503
english,dominance_mean,1950,0.4730079365079365,3,0.007058794362592205,7.990442008940037e-05,0.34391281455281675,0.24600912884581222,0.03218116277812389,0.4997264337271475
english,dominance_mean,1951,0.4880240820535395,40,0.048550084713764895,7.990442008940037e-05,0.34391281455281675,0.24600912884581222,0.03218116277812389,0.49980633814723685
english,dominance_mean,1952,0.4807031449713527,8,0.029258677741026473,7.990442008940037e-05,0.34391281455281675,0.24600912884581222,0.03218116277812389,0.4998862425673263
english,dominance_mean,1953,0.47337798573975043,4,0.024852928766189376,7.990442008940037e-05,0.34391281455281675,0.24600912884581222,0.03218116277812389,0.4999661469874157
english,dominance_mean,1954,0.49633389115114185,6,0.05414291221510636,7.990442008940037e-05,0.34391281455281675,0.24600912884581222,0.03218116277812389,0.5000460514075051
english,dominance_mean,1955,0.48142582761999,15,0.03500551146425098,7.990442008940037e-05,0.34391281455281675,0.24600912884581222,0.03218116277812389,0.5001259558275944
english,dominance_mean,1956,0.5066582567835065,39,0.05560186178711095,7.990442008940037e-05,0.34391281455281675,0.24600912884581222,0.03218116277812389,0.5002058602476839
english,dominance_mean,1957,0.5266663000092825,10,0.053648342759146976,7.990442008940037e-05,0.34391281455281675,0.24600912884581222,0.03218116277812389,0.5002857646677733
english,dominance_mean,1958,0.5136702073244063,14,0.030783227661095272,7.990442008940037e-05,0.34391281455281675,0.24600912884581222,0.03218116277812389,0.5003656690878626
english,dominance_mean,1959,0.4964946828737679,16,0.033610248352418666,7.990442008940037e-05,0.34391281455281675,0.24600912884581222,0.03218116277812389,0.500445573507952
english,dominance_mean,1960,0.5000317427340688,38,0.03902617300763481,7.990442008940037e-05,0.34391281455281675,0.24600912884581222,0.03218116277812389,0.5005254779280415
english,dominance_mean,1961,0.4820406427450141,17,0.07447081760229439,7.990442008940037e-05,0.34391281455281675,0.24600912884581222,0.03218116277812389,0.5006053823481309
english,dominance_mean,1962,0.5075788815035445,26,0.036684188355062826,7.990442008940037e-05,0.34391281455281675,0.24600912884581222,0.03218116277812389,0.5006852867682203
english,dominance_mean,1963,0.5039482977033828,94,0.0370762458505728,7.990442008940037e-05,0.34391281455281675,0.24600912884581222,0.03218116277812389,0.5007651911883096
english,dominance_mean,1964,0.49456048165997096,42,0.04668237583125176,7.990442008940037e-05,0.34391281455281675,0.24600912884581222,0.03218116277812389,0.5008450956083991
english,dominance_mean,1965,0.47906506881466226,20,0.03661872575860257,7.990442008940037e-05,0.34391281455281675,0.24600912884581222,0.03218116277812389,0.5009250000284885
english,dominance_mean,1966,0.49813722780364755,17,0.05983717283914811,7.990442008940037e-05,0.34391281455281675,0.24600912884581222,0.03218116277812389,0.5010049044485778
english,dominance_mean,1967,0.49035781963145453,52,0.040143850917990186,7.990442008940037e-05,0.34391281455281675,0.24600912884581222,0.03218116277812389,0.5010848088686672
english,dominance_mean,1968,0.4926422953957381,80,0.04276035263515254,7.990442008940037e-05,0.34391281455281675,0.24600912884581222,0.03218116277812389,0.5011647132887567
english,dominance_mean,1969,0.5052651886569706,103,0.044037293233603704,7.990442008940037e-05,0.34391281455281675,0.24600912884581222,0.03218116277812389,0.5012446177088461
english,dominance_mean,1970,0.5042378028636477,489,0.05188742842004807,7.990442008940037e-05,0.34391281455281675,0.24600912884581222,0.03218116277812389,0.5013245221289355
english,dominance_mean,1971,0.4976670930051571,147,0.04505915408068425,7.990442008940037e-05,0.34391281455281675,0.24600912884581222,0.03218116277812389,0.5014044265490248
english,dominance_mean,1972,0.5027009332348286,198,0.045166823787829415,7.990442008940037e-05,0.34391281455281675,0.24600912884581222,0.03218116277812389,0.5014843309691143
english,dominance_mean,1973,0.4989628428693522,253,0.042264787952896406,7.990442008940037e-05,0.34391281455281675,0.24600912884581222,0.03218116277812389,0.5015642353892037
english,dominance_mean,1974,0.506755850980991,161,0.04757619161416289,7.990442008940037e-05,0.34391281455281675,0.24600912884581222,0.03218116277812389,0.5016441398092931
english,dominance_mean,1975,0.4988562576013222,475,0.03975119689366882,7.990442008940037e-05,0.34391281455281675,0.24600912884581222,0.03218116277812389,0.5017240442293824
english,dominance_mean,1976,0.5006404543936852,324,0.042370989004807506,7.990442008940037e-05,0.34391281455281675,0.24600912884581222,0.03218116277812389,0.5018039486494719
english,dominance_mean,1977,0.49858713103896257,411,0.0429728945501196,7.990442008940037e-05,0.34391281455281675,0.24600912884581222,0.03218116277812389,0.5018838530695613
english,dominance_mean,1978,0.5055466182913168,396,0.04490135761437498,7.990442008940037e-05,0.34391281455281675,0.24600912884581222,0.03218116277812389,0.5019637574896507
english,dominance_mean,1979,0.5005572695653668,321,0.04720429046028947,7.990442008940037e-05,0.34391281455281675,0.24600912884581222,0.03218116277812389,0.5020436619097401
english,dominance_mean,1980,0.5018186411307791,636,0.05229375250204488,7.990442008940037e-05,0.34391281455281675,0.24600912884581222,0.03218116277812389,0.5021235663298295
english,dominance_mean,1981,0.4988987269944601,410,0.04492785216108128,7.990442008940037e-05,0.34391281455281675,0.24600912884581222,0.03218116277812389,0.5022034707499189
english,dominance_mean,1982,0.5041560112016115,471,0.04790621723404761,7.990442008940037e-05,0.34391281455281675,0.24600912884581222,0.03218116277812389,0.5022833751700083
english,dominance_mean,1983,0.5044742110152262,738,0.04820224638106782,7.990442008940037e-05,0.34391281455281675,0.24600912884581222,0.03218116277812389,0.5023632795900976
english,dominance_mean,1984,0.5122981258508141,901,0.048550015303239644,7.990442008940037e-05,0.34391281455281675,0.24600912884581222,0.03218116277812389,0.5024431840101871
english,dominance_mean,1985,0.5051843837328553,1311,0.04834301139513338,7.990442008940037e-05,0.34391281455281675,0.24600912884581222,0.03218116277812389,0.5025230884302765
english,dominance_mean,1986,0.5112695696653231,1610,0.04912691858147801,7.990442008940037e-05,0.34391281455281675,0.24600912884581222,0.03218116277812389,0.5026029928503659
english,dominance_mean,1987,0.508084647174728,2352,0.04849984943752559,7.990442008940037e-05,0.34391281455281675,0.24600912884581222,0.03218116277812389,0.5026828972704553
english,dominance_mean,1988,0.5080171078655604,2975,0.04808398229525301,7.990442008940037e-05,0.34391281455281675,0.24600912884581222,0.03218116277812389,0.5027628016905447
english,dominance_mean,1989,0.5079748418226411,3565,0.047790932696821053,7.990442008940037e-05,0.34391281455281675,0.24600912884581222,0.03218116277812389,0.5028427061106341
english,dominance_mean,1990,0.5083180068987516,5056,0.047061313835824355,7.990442008940037e-05,0.34391281455281675,0.24600912884581222,0.03218116277812389,0.5029226105307235
english,dominance_mean,1991,0.5057047226663605,5316,0.046774924735856566,7.990442008940037e-05,0.34391281455281675,0.24600912884581222,0.03218116277812389,0.5030025149508128
english,dominance_mean,1992,0.5068883390503983,5544,0.04751763142160936,7.990442008940037e-05,0.34391281455281675,0.24600912884581222,0.03218116277812389,0.5030824193709023
english,dominance_mean,1993,0.5039646051277594,6631,0.04595649885882849,7.990442008940037e-05,0.34391281455281675,0.24600912884581222,0.03218116277812389,0.5031623237909917
english,dominance_mean,1994,0.5054562616113003,6916,0.04735286048928588,7.990442008940037e-05,0.34391281455281675,0.24600912884581222,0.03218116277812389,0.5032422282110811
english,dominance_mean,1995,0.5054659397360062,8679,0.04892220239961923,7.990442008940037e-05,0.34391281455281675,0.24600912884581222,0.03218116277812389,0.5033221326311705
english,dominance_mean,1996,0.5042137786973574,9400,0.04685983622869781,7.990442008940037e-05,0.34391281455281675,0.24600912884581222,0.03218116277812389,0.5034020370512599
english,dominance_mean,1997,0.5052800993337091,11646,0.046587854006262,7.990442008940037e-05,0.34391281455281675,0.24600912884581222,0.03218116277812389,0.5034819414713493
english,dominance_mean,1998,0.5039766225264156,12382,0.045980284092468134,7.990442008940037e-05,0.34391281455281675,0.24600912884581222,0.03218116277812389,0.5035618458914387
english,dominance_mean,1999,0.5050192223786172,15038,0.04602610019838497,7.990442008940037e-05,0.34391281455281675,0.24600912884581222,0.03218116277812389,0.503641750311528
english,dominance_mean,2000,0.5053887417822477,16360,0.04600389068720069,7.990442008940037e-05,0.34391281455281675,0.24600912884581222,0.03218116277812389,0.5037216547316175
english,dominance_mean,2001,0.5055711424145067,19196,0.04678329261968429,7.990442008940037e-05,0.34391281455281675,0.24600912884581222,0.03218116277812389,0.5038015591517069
english,dominance_mean,2002,0.504183956542642,21227,0.04512395479811509,7.990442008940037e-05,0.34391281455281675,0.24600912884581222,0.03218116277812389,0.5038814635717963
english,dominance_mean,2003,0.5044253152125482,31184,0.04651733153227956,7.990442008940037e-05,0.34391281455281675,0.24600912884581222,0.03218116277812389,0.5039613679918857
english,dominance_mean,2004,0.5039125545964042,29918,0.045783266012590716,7.990442008940037e-05,0.34391281455281675,0.24600912884581222,0.03218116277812389,0.5040412724119752
english,dominance_mean,2005,0.5040816782142189,47346,0.04606972641849519,7.990442008940037e-05,0.34391281455281675,0.24600912884581222,0.03218116277812389,0.5041211768320645
english,dominance_mean,2006,0.5041926924418656,61864,0.046988929144755186,7.990442008940037e-05,0.34391281455281675,0.24600912884581222,0.03218116277812389,0.5042010812521539
english,dominance_mean,2007,0.5037760148434921,65531,0.046216722894662096,7.990442008940037e-05,0.34391281455281675,0.24600912884581222,0.03218116277812389,0.5042809856722433
english,dominance_mean,2008,0.504088162581285,83549,0.04687915891040669,7.990442008940037e-05,0.34391281455281675,0.24600912884581222,0.03218116277812389,0.5043608900923326
english,dominance_mean,2009,0.5040646437890927,68822,0.04643946073462235,7.990442008940037e-05,0.34391281455281675,0.24600912884581222,0.03218116277812389,0.5044407945124221
english,dominance_mean,2010,0.5044084045446648,52339,0.04689757022520778,7.990442008940037e-05,0.34391281455281675,0.24600912884581222,0.03218116277812389,0.5045206989325115
english,dominance_mean,2011,0.5049481647482245,46637,0.04669129001620124,7.990442008940037e-05,0.34391281455281675,0.24600912884581222,0.03218116277812389,0.5046006033526009
english,dominance_mean,2012,0.5064191756797695,24632,0.047134295086244435,7.990442008940037e-05,0.34391281455281675,0.24600912884581222,0.03218116277812389,0.5046805077726904
english,dominance_mean,2013,0.5063601327895394,23027,0.047726128560289134,7.990442008940037e-05,0.34391281455281675,0.24600912884581222,0.03218116277812389,0.5047604121927797
english,dominance_mean,2014,0.5050441495980597,31527,0.04641523106321067,7.990442008940037e-05,0.34391281455281675,0.24600912884581222,0.03218116277812389,0.5048403166128691
english,dominance_mean,2015,0.5037234556424385,40496,0.04706030154055977,7.990442008940037e-05,0.34391281455281675,0.24600912884581222,0.03218116277812389,0.5049202210329585
english,dominance_mean,2016,0.5048322150190414,13491,0.04812563799682909,7.990442008940037e-05,0.34391281455281675,0.24600912884581222,0.03218116277812389,0.5050001254530478
english,dominance_mean,2017,0.5073720696723376,1741,0.04646503659103604,7.990442008940037e-05,0.34391281455281675,0.24600912884581222,0.03218116277812389,0.5050800298731373
english,dominance_mean,2020,0.5101809424349983,6,0.03684781575558722,7.990442008940037e-05,0.34391281455281675,0.24600912884581222,0.03218116277812389,0.5053197431334056
spanish,valence_mean,1960,0.33388029104761907,3,0.036872476170551005,-0.0008431769386223353,1.946647483314773,-0.6299798867881522,2.087712158734672e-06,0.2940206836149959
spanish,valence_mean,1970,0.28960313857597336,9,0.1114106169449995,-0.0008431769386223353,1.946647483314773,-0.6299798867881522,2.087712158734672e-06,0.28558891422877264
spanish,valence_mean,1971,0.31821544271634533,17,0.11504654770336098,-0.0008431769386223353,1.946647483314773,-0.6299798867881522,2.087712158734672e-06,0.2847457372901503
spanish,valence_mean,1972,0.2924270290343915,12,0.09604886643237313,-0.0008431769386223353,1.946647483314773,-0.6299798867881522,2.087712158734672e-06,0.28390256035152794
spanish,valence_mean,1974,0.29443748383333335,5,0.20161902273354063,-0.0008431769386223353,1.946647483314773,-0.6299798867881522,2.087712158734672e-06,0.28221620647428325
spanish,valence_mean,1975,0.27123535797915854,29,0.08417216234483425,-0.0008431769386223353,1.946647483314773,-0.6299798867881522,2.087712158734672e-06,0.2813730295356609
spanish,valence_mean,1976,0.2981906311203927,14,0.0851468457442784,-0.0008431769386223353,1.946647483314773,-0.6299798867881522,2.087712158734672e-06,0.28052985259703855
spanish,valence_mean,1977,0.30590156444317257,13,0.10552168882595366,-0.0008431769386223353,1.946647483314773,-0.6299798867881522,2.087712158734672e-06,0.2796866756584162
spanish,valence_mean,1978,0.25439999675389896,25,0.0740924067823866,-0.0008431769386223353,1.946647483314773,-0.6299798867881522,2.087712158734672e-06,0.27884349871979386
spanish,valence_mean,1980,0.2776581520889577,105,0.07360029071264952,-0.0008431769386223353,1.946647483314773,-0.6299798867881522,2.087712158734672e-06,0.27715714484254916
spanish,valence_mean,1981,0.2361409322355162,26,0.07689282637609503,-0.0008431769386223353,1.946647483314773,-0.6299798867881522,2.087712158734672e-06,0.2763139679039268
spanish,valence_mean,1982,0.26658520592786283,33,0.09387237889951389,-0.0008431769386223353,1.946647483314773,-0.6299798867881522,2.087712158734672e-06,0.27547079096530447
spanish,valence_mean,1983,0.2588968518061894,157,0.09357603057467254,-0.0008431769386223353,1.946647483314773,-0.6299798867881522,2.087712158734672e-06,0.2746276140266821
spanish,valence_mean,1984,0.27679224828487137,68,0.08614163611331994,-0.0008431769386223353,1.946647483314773,-0.6299798867881522,2.087712158734672e-06,0.2737844370880598
spanish,valence_mean,1985,0.25031183500876175,115,0.07855165012331154,-0.0008431769386223353,1.946647483314773,-0.6299798867881522,2.087712158734672e-06,0.27294126014943765
spanish,valence_mean,1986,0.2815793957160527,119,0.08756012844198724,-0.0008431769386223353,1.946647483314773,-0.6299798867881522,2.087712158734672e-06,0.2720980832108153
spanish,valence_mean,1987,0.2721581010210479,239,0.09541414665442348,-0.0008431769386223353,1.946647483314773,-0.6299798867881522,2.087712158734672e-06,0.27125490627219295
spanish,valence_mean,1988,0.23746880587522082,271,0.08574326669481944,-0.0008431769386223353,1.946647483314773,-0.6299798867881522,2.087712158734672e-06,0.2704117293335706
spanish,valence_mean,1989,0.2575720815661802,500,0.08359670601853478,-0.0008431769386223353,1.946647483314773,-0.6299798867881522,2.087712158734672e-06,0.26956855239494826
spanish,valence_mean,1990,0.27153862701783166,362,0.08687160736182249,-0.0008431769386223353,1.946647483314773,-0.6299798867881522,2.087712158734672e-06,0.2687253754563259
spanish,valence_mean,1991,0.25630892161618196,403,0.10044611862774472,-0.0008431769386223353,1.946647483314773,-0.6299798867881522,2.087712158734672e-06,0.26788219851770356
spanish,valence_mean,1992,0.24613640569972556,636,0.08281706860812206,-0.0008431769386223353,1.946647483314773,-0.6299798867881522,2.087712158734672e-06,0.2670390215790812
spanish,valence_mean,1993,0.25122336540341106,465,0.09239453435245247,-0.0008431769386223353,1.946647483314773,-0.6299798867881522,2.087712158734672e-06,0.26619584464045887
spanish,valence_mean,1994,0.2602776383821762,737,0.08989479590156686,-0.0008431769386223353,1.946647483314773,-0.6299798867881522,2.087712158734672e-06,0.2653526677018365
spanish,valence_mean,1995,0.2551527578080079,695,0.08665267104302717,-0.0008431769386223353,1.946647483314773,-0.6299798867881522,2.087712158734672e-06,0.2645094907632142
spanish,valence_mean,1996,0.25218030309256234,864,0.0881030547211009,-0.0008431769386223353,1.946647483314773,-0.6299798867881522,2.087712158734672e-06,0.2636663138245918
spanish,valence_mean,1997,0.2539522523166022,1046,0.08838727336263283,-0.0008431769386223353,1.946647483314773,-0.6299798867881522,2.087712158734672e-06,0.2628231368859695
spanish,valence_mean,1998,0.25550352243669977,1340,0.09240979168213133,-0.0008431769386223353,1.946647483314773,-0.6299798867881522,2.087712158734672e-06,0.26197995994734713
spanish,valence_mean,1999,0.2572755312961535,1226,0.08817921366003693,-0.0008431769386223353,1.946647483314773,-0.6299798867881522,2.087712158734672e-06,0.2611367830087248
spanish,valence_mean,2000,0.25642995795118706,2190,0.08802736624528912,-0.0008431769386223353,1.946647483314773,-0.6299798867881522,2.087712158734672e-06,0.26029360607010243
spanish,valence_mean,2001,0.2684987228087669,1801,0.09238451362918135,-0.0008431769386223353,1.946647483314773,-0.6299798867881522,2.087712158734672e-06,0.2594504291314801
spanish,valence_mean,2002,0.2584653838900827,2089,0.09133752003292722,-0.0008431769386223353,1.946647483314773,-0.6299798867881522,2.087712158734672e-06,0.25860725219285774
spanish,valence_mean,2003,0.2585072002188362,3434,0.09052931561355339,-0.0008431769386223353,1.946647483314773,-0.6299798867881522,2.087712158734672e-06,0.2577640752542356
spanish,valence_mean,2004,0.2590662756317026,3087,0.08888147552468109,-0.0008431769386223353,1.946647483314773,-0.6299798867881522,2.087712158734672e-06,0.25692089831561327
spanish,valence_mean,2005,0.2609972998696033,4179,0.09313949556061366,-0.0008431769386223353,1.946647483314773,-0.6299798867881522,2.087712158734672e-06,0.2560777213769909
spanish,valence_mean,2006,0.26346300479143947,6103,0.09314264835563098,-0.0008431769386223353,1.946647483314773,-0.6299798867881522,2.087712158734672e-06,0.25523454443836857
spanish,valence_mean,2007,0.2612265379795522,5600,0.09177963950087897,-0.0008431769386223353,1.946647483314773,-0.6299798867881522,2.087712158734672e-06,0.2543913674997462
spanish,valence_mean,2008,0.2575035913870285,4819,0.09231583748034614,-0.0008431769386223353,1.946647483314773,-0.6299798867881522,2.087712158734672e-06,0.2535481905611239
spanish,valence_mean,2009,0.25851141964261554,4300,0.0933032635091782,-0.0008431769386223353,1.946647483314773,-0.6299798867881522,2.087712158734672e-06,0.25270501362250153
spanish,valence_mean,2010,0.2608282178210875,6570,0.0932754589888416,-0.0008431769386223353,1.946647483314773,-0.6299798867881522,2.087712158734672e-06,0.2518618366838792
spanish,valence_mean,2011,0.25524277082711005,5143,0.0891053157703608,-0.0008431769386223353,1.946647483314773,-0.6299798867881522,2.087712158734672e-06,0.25101865974525683
spanish,valence_mean,2012,0.2528746777628817,2859,0.08857768726091525,-0.0008431769386223353,1.946647483314773,-0.6299798867881522,2.087712158734672e-06,0.2501754828066345
spanish,valence_mean,2013,0.25462971929336536,2274,0.08955317028275259,-0.0008431769386223353,1.946647483314773,-0.6299798867881522,2.087712158734672e-06,0.24933230586801214
spanish,valence_mean,2014,0.26103911806964486,2634,0.09393052631819174,-0.0008431769386223353,1.946647483314773,-0.6299798867881522,2.087712158734672e-06,0.2484891289293898
spanish,valence_mean,2015,0.2574916664223332,3341,0.09659630272081299,-0.0008431769386223353,1.946647483314773,-0.6299798867881522,2.087712158734672e-06,0.24764595199076744
spanish,valence_mean,2016,0.2577147569404555,2212,0.09445466876677194,-0.0008431769386223353,1.946647483314773,-0.6299798867881522,2.087712158734672e-06,0.2468027750521451
spanish,valence_mean,2017,0.25463108322400774,156,0.08584972674941349,-0.0008431769386223353,1.946647483314773,-0.6299798867881522,2.087712158734672e-06,0.24595959811352275
spanish,arousal_mean,1960,0.16080426857142857,3,0.04868029379990732,-0.00015940119099378336,0.46639169284917825,-0.12445581635897887,0.40456371267798175,0.1539653585013629
spanish,arousal_mean,1970,0.15858058336657163,9,0.05196687700274035,-0.00015940119099378336,0.46639169284917825,-0.12445581635897887,0.40456371267798175,0.15237134659142504
spanish,arousal_mean,1971,0.12520645467251604,17,0.05639163343304908,-0.00015940119099378336,0.46639169284917825,-0.12445581635897887,0.40456371267798175,0.15221194540043126
spanish,arousal_mean,1972,0.08827958619708988,12,0.08590342981112084,-0.00015940119099378336,0.46639169284917825,-0.12445581635897887,0.40456371267798175,0.15205254420943748
spanish,arousal_mean,1974,0.23728198133333328,5,0.13128201301761536,-0.00015940119099378336,0.46639169284917825,-0.12445581635897887,0.40456371267798175,0.15173374182744992
spanish,arousal_mean,1975,0.1668385434218962,29,0.07207838570690098,-0.00015940119099378336,0.46639169284917825,-0.12445581635897887,0.40456371267798175,0.15157434063645614
spanish,arousal_mean,1976,0.12869622676855283,14,0.06214483076707948,-0.00015940119099378336,0.46639169284917825,-0.12445581635897887,0.40456371267798175,0.15141493944546236
spanish,arousal_mean,1977,0.17096440217289624,13,0.0679616822816112,-0.00015940119099378336,0.46639169284917825,-0.12445581635897887,0.40456371267798175,0.15125553825446858
spanish,arousal_mean,1978,0.14762184884089458,25,0.06012086104615137,-0.00015940119099378336,0.46639169284917825,-0.12445581635897887,0.40456371267798175,0.15109613706347474
spanish,arousal_mean,1980,0.11978572172586933,105,0.06339309071032985,-0.00015940119099378336,0.46639169284917825,-0.12445581635897887,0.40456371267798175,0.15077733468148719
spanish,arousal_mean,1981,0.14111022790418726,26,0.0592033807430975,-0.00015940119099378336,0.46639169284917825,-0.12445581635897887,0.40456371267798175,0.1506179334904934
spanish,arousal_mean,1982,0.16387191216194913,33,0.0793636817352879,-0.00015940119099378336,0.46639169284917825,-0.12445581635897887,0.40456371267798175,0.15045853229949963
spanish,arousal_mean,1983,0.1450573369816849,157,0.07564999204831456,-0.00015940119099378336,0.46639169284917825,-0.12445581635897887,0.40456371267798175,0.15029913110850585
spanish,arousal_mean,1984,0.17091684384039615,68,0.10764866538086842,-0.00015940119099378336,0.46639169284917825,-0.12445581635897887,0.40456371267798175,0.15013972991751207
spanish,arousal_mean,1985,0.1496562185764624,115,0.07276533450391803,-0.00015940119099378336,0.46639169284917825,-0.12445581635897887,0.40456371267798175,0.14998032872651829
spanish,arousal_mean,1986,0.14140185677607575,119,0.06234400510484999,-0.00015940119099378336,0.46639169284917825,-0.12445581635897887,0.40456371267798175,0.1498209275355245
spanish,arousal_mean,1987,0.157837901742029,239,0.06564578641128603,-0.00015940119099378336,0.46639169284917825,-0.12445581635897887,0.40456371267798175,0.14966152634453073
spanish,arousal_mean,1988,0.14514444919798727,271,0.0644517647273153,-0.00015940119099378336,0.46639169284917825,-0.12445581635897887,0.40456371267798175,0.14950212515353695
spanish,arousal_mean,1989,0.16260429790788114,500,0.07657669414182364,-0.00015940119099378336,0.46639169284917825,-0.12445581635897887,0.40456371267798175,0.14934272396254317
spanish,arousal_mean,1990,0.14334786966886934,362,0.07098843222192093,-0.00015940119099378336,0.46639169284917825,-0.12445581635897887,0.40456371267798175,0.1491833227715494
spanish,arousal_mean,1991,0.14913048699534062,403,0.08319366842734686,-0.00015940119099378336,0.46639169284917825,-0.12445581635897887,0.40456371267798175,0.1490239215805556
spanish,arousal_mean,1992,0.14172365262433914,636,0.070329537022874,-0.00015940119099378336,0.46639169284917825,-0.12445581635897887,0.40456371267798175,0.14886452038956183
spanish,arousal_mean,1993,0.14800484837847921,465,0.07737089886733786,-0.00015940119099378336,0.46639169284917825,-0.12445581635897887,0.40456371267798175,0.14870511919856805
spanish,arousal_mean,1994,0.1533382277956912,737,0.08002450835164697,-0.00015940119099378336,0.46639169284917825,-0.12445581635897887,0.40456371267798175,0.1485457180075742
spanish,arousal_mean,1995,0.14904330103113256,695,0.0751844366843415,-0.00015940119099378336,0.46639169284917825,-0.12445581635897887,0.40456371267798175,0.14838631681658043
spanish,arousal_mean,1996,0.14447144007440016,864,0.06965028716768897,-0.00015940119099378336,0.46639169284917825,-0.12445581635897887,0.40456371267798175,0.14822691562558665
spanish,arousal_mean,1997,0.15073315693139958,1046,0.07117226065858334,-0.00015940119099378336,0.46639169284917825,-0.12445581635897887,0.40456371267798175,0.14806751443459287
spanish,arousal_mean,1998,0.14724042902356077,1340,0.0773664270312401,-0.00015940119099378336,0.46639169284917825,-0.12445581635897887,0.40456371267798175,0.1479081132435991
spanish,arousal_mean,1999,0.14062664471757955,1226,0.06353425921816377,-0.00015940119099378336,0.46639169284917825,-0.12445581635897887,0.40456371267798175,0.1477487120526053
spanish,arousal_mean,2000,0.14914915789099117,2190,0.07366997219384627,-0.00015940119099378336,0.46639169284917825,-0.12445581635897887,0.40456371267798175,0.14758931086161153
spanish,arousal_mean,2001,0.1534748937179499,1801,0.07946655180642663,-0.00015940119099378336,0.46639169284917825,-0.12445581635897887,0.40456371267798175,0.14742990967061775
spanish,arousal_mean,2002,0.14664886198476718,2089,0.0771425733506601,-0.00015940119099378336,0.46639169284917825,-0.12445581635897887,0.40456371267798175,0.14727050847962397
spanish,arousal_mean,2003,0.14754076939660798,3434,0.0744312134278859,-0.00015940119099378336,0.46639169284917825,-0.12445581635897887,0.40456371267798175,0.1471111072886302
spanish,arousal_mean,2004,0.14473264146091808,3087,0.07489551019596768,-0.00015940119099378336,0.46639169284917825,-0.12445581635897887,0.40456371267798175,0.14695170609763641
spanish,arousal_mean,2005,0.14624072383949313,4179,0.07341136082423388,-0.00015940119099378336,0.46639169284917825,-0.12445581635897887,0.40456371267798175,0.14679230490664263
spanish,arousal_mean,2006,0.14808135169731695,6103,0.0784529779011179,-0.00015940119099378336,0.46639169284917825,-0.12445581635897887,0.40456371267798175,0.14663290371564885
spanish,arousal_mean,2007,0.14857445947341097,5600,0.07468059894921532,-0.00015940119099378336,0.46639169284917825,-0.12445581635897887,0.40456371267798175,0.14647350252465507
spanish,arousal_mean,2008,0.14597131209004668,4819,0.07669373956701805,-0.00015940119099378336,0.46639169284917825,-0.12445581635897887,0.40456371267798175,0.1463141013336613
spanish,arousal_mean,2009,0.1446135460253339,4300,0.07403438008398737,-0.00015940119099378336,0.46639169284917825,-0.12445581635897887,0.40456371267798175,0.14615470014266746
spanish,arousal_mean,2010,0.14626752491285938,6570,0.07554387077374057,-0.00015940119099378336,0.46639169284917825,-0.12445581635897887,0.40456371267798175,0.14599529895167368
spanish,arousal_mean,2011,0.1430070583934525,5143,0.07214548940959195,-0.00015940119099378336,0.46639169284917825,-0.12445581635897887,0.40456371267798175,0.1458358977606799
spanish,arousal_mean,2012,0.14168858310908128,2859,0.06905459831329196,-0.00015940119099378336,0.46639169284917825,-0.12445581635897887,0.40456371267798175,0.14567649656968612
spanish,arousal_mean,2013,0.14362971640176148,2274,0.07448905212226195,-0.00015940119099378336,0.46639169284917825,-0.12445581635897887,0.40456371267798175,0.14551709537869234
spanish,arousal_mean,2014,0.14510471130109398,2634,0.07359791441885118,-0.00015940119099378336,0.46639169284917825,-0.12445581635897887,0.40456371267798175,0.14535769418769856
spanish,arousal_mean,2015,0.1488979929944801,3341,0.07695908212068713,-0.00015940119099378336,0.46639169284917825,-0.12445581635897887,0.40456371267798175,0.14519829299670478
spanish,arousal_mean,2016,0.14935239590885824,2212,0.07380543821262049,-0.00015940119099378336,0.46639169284917825,-0.12445581635897887,0.40456371267798175,0.145038891805711
spanish,arousal_mean,2017,0.14285915255893158,156,0.07404589388329652,-0.00015940119099378336,0.46639169284917825,-0.12445581635897887,0.40456371267798175,0.14487949061471722
spanish,dominance_mean,1960,0.4442678571428571,3,0.04581826553496602,-0.00026537446231619295,0.9631761042899585,-0.34804773939174855,0.016515083161698228,0.4430421581502203
spanish,dominance_mean,1970,0.44681733143399804,9,0.052274623337467546,-0.00026537446231619295,0.9631761042899585,-0.34804773939174855,0.016515083161698228,0.4403884135270584
spanish,dominance_mean,1971,0.43002661064425773,17,0.042240403553275914,-0.00026537446231619295,0.9631761042899585,-0.34804773939174855,0.016515083161698228,0.44012303906474215
spanish,dominance_mean,1972,0.40416349206349206,12,0.15282059662549383,-0.00026537446231619295,0.9631761042899585,-0.34804773939174855,0.016515083161698228,0.43985766460242604
spanish,dominance_mean,1974,0.44476666666666664,5,0.05950718910817041,-0.00026537446231619295,0.9631761042899585,-0.34804773939174855,0.016515083161698228,0.4393269156777936
spanish,dominance_mean,1975,0.46885289177404443,29,0.09298936094895,-0.00026537446231619295,0.9631761042899585,-0.34804773939174855,0.016515083161698228,0.43906154121547736
spanish,dominance_mean,1976,0.44579993815708097,14,0.07722130725572526,-0.00026537446231619295,0.9631761042899585,-0.34804773939174855,0.016515083161698228,0.43879616675316124
spanish,dominance_mean,1977,0.45666252509959937,13,0.027091679877009976,-0.00026537446231619295,0.9631761042899585,-0.34804773939174855,0.016515083161698228,0.438530792290845
spanish,dominance_mean,1978,0.44576844588744585,25,0.07005683338305681,-0.00026537446231619295,0.9631761042899585,-0.34804773939174855,0.016515083161698228,0.4382654178285288
spanish,dominance_mean,1980,0.42588045076616504,105,0.09421708992475016,-0.00026537446231619295,0.9631761042899585,-0.34804773939174855,0.016515083161698228,0.43773466890389645
spanish,dominance_mean,1981,0.4279699042787278,26,0.07642437283795774,-0.00026537446231619295,0.9631761042899585,-0.34804773939174855,0.016515083161698228,0.4374692944415802
spanish,dominance_mean,1982,0.4396528268028268,33,0.07187583502916864,-0.00026537446231619295,0.9631761042899585,-0.34804773939174855,0.016515083161698228,0.4372039199792641
spanish,dominance_mean,1983,0.4285096594435788,157,0.0756578897814591,-0.00026537446231619295,0.9631761042899585,-0.34804773939174855,0.016515083161698228,0.4369385455169479
spanish,dominance_mean,1984,0.4603786233317614,68,0.07220762496977266,-0.00026537446231619295,0.9631761042899585,-0.34804773939174855,0.016515083161698228,0.43667317105463166
spanish,dominance_mean,1985,0.42304821124008773,115,0.06509623866688508,-0.00026537446231619295,0.9631761042899585,-0.34804773939174855,0.016515083161698228,0.43640779659231543
spanish,dominance_mean,1986,0.41520939456848216,119,0.05915210830977218,-0.00026537446231619295,0.9631761042899585,-0.34804773939174855,0.016515083161698228,0.4361424221299993
spanish,dominance_mean,1987,0.44849205177358914,239,0.06572337625621764,-0.00026537446231619295,0.9631761042899585,-0.34804773939174855,0.016515083161698228,0.4358770476676831
spanish,dominance_mean,1988,0.43418778313317224,271,0.07661470549482925,-0.00026537446231619295,0.9631761042899585,-0.34804773939174855,0.016515083161698228,0.43561167320536687
spanish,dominance_mean,1989,0.4459320342864405,500,0.0685055433965058,-0.00026537446231619295,0.9631761042899585,-0.34804773939174855,0.016515083161698228,0.43534629874305075
spanish,dominance_mean,1990,0.4451995650539525,362,0.07782249660073713,-0.00026537446231619295,0.9631761042899585,-0.34804773939174855,0.016515083161698228,0.4350809242807345
spanish,dominance_mean,1991,0.4360630060077632,403,0.08266574319018803,-0.00026537446231619295,0.9631761042899585,-0.34804773939174855,0.016515083161698228,0.4348155498184183
spanish,dominance_mean,1992,0.42648109706833015,636,0.08048855323467755,-0.00026537446231619295,0.9631761042899585,-0.34804773939174855,0.016515083161698228,0.4345501753561021
spanish,dominance_mean,1993,0.4333009283700349,465,0.08191965524586826,-0.00026537446231619295,0.9631761042899585,-0.34804773939174855,0.016515083161698228,0.43428480089378596
spanish,dominance_mean,1994,0.428735719190267,737,0.07879242053862556,-0.00026537446231619295,0.9631761042899585,-0.34804773939174855,0.016515083161698228,0.43401942643146973
spanish,dominance_mean,1995,0.43180189970276467,695,0.07272653136748755,-0.00026537446231619295,0.9631761042899585,-0.34804773939174855,0.016515083161698228,0.4337540519691535
spanish,dominance_mean,1996,0.427200294077023,864,0.07390505010722034,-0.00026537446231619295,0.9631761042899585,-0.34804773939174855,0.016515083161698228,0.4334886775068374
spanish,dominance_mean,1997,0.4318200819288555,1046,0.07026989417025814,-0.00026537446231619295,0.9631761042899585,-0.34804773939174855,0.016515083161698228,0.43322330304452117
spanish,dominance_mean,1998,0.43344319474874277,1340,0.0728662723614842,-0.00026537446231619295,0.9631761042899585,-0.34804773939174855,0.016515083161698228,0.43295792858220494
spanish,dominance_mean,1999,0.42936361428372677,1226,0.07748563496510567,-0.00026537446231619295,0.9631761042899585,-0.34804773939174855,0.016515083161698228,0.43269255411988883
spanish,dominance_mean,2000,0.4298344392149263,2190,0.07482256665916948,-0.00026537446231619295,0.9631761042899585,-0.34804773939174855,0.016515083161698228,0.4324271796575726
spanish,dominance_mean,2001,0.43158533205560706,1801,0.07287043908677057,-0.00026537446231619295,0.9631761042899585,-0.34804773939174855,0.016515083161698228,0.4321618051952564
spanish,dominance_mean,2002,0.4277560475765521,2089,0.07823808924800228,-0.00026537446231619295,0.9631761042899585,-0.34804773939174855,0.016515083161698228,0.43189643073294015
spanish,dominance_mean,2003,0.4277660516892053,3434,0.07584725759909951,-0.00026537446231619295,0.9631761042899585,-0.34804773939174855,0.016515083161698228,0.43163105627062404
spanish,dominance_mean,2004,0.42908007498104095,3087,0.07156831473251615,-0.00026537446231619295,0.9631761042899585,-0.34804773939174855,0.016515083161698228,0.4313656818083078
spanish,dominance_mean,2005,0.4280356799807522,4179,0.07574603993805216,-0.00026537446231619295,0.9631761042899585,-0.34804773939174855,0.016515083161698228,0.4311003073459916
spanish,dominance_mean,2006,0.4325900725775347,6103,0.07511603668554982,-0.00026537446231619295,0.9631761042899585,-0.34804773939174855,0.016515083161698228,0.43083493288367547
spanish,dominance_mean,2007,0.42939097439101886,5600,0.07299125882571621,-0.00026537446231619295,0.9631761042899585,-0.34804773939174855,0.016515083161698228,0.43056955842135924
spanish,dominance_mean,2008,0.43451593604064725,4819,0.0761944511461733,-0.00026537446231619295,0.9631761042899585,-0.34804773939174855,0.016515083161698228,0.430304183959043
spanish,dominance_mean,2009,0.4298942749505043,4300,0.0731980818970333,-0.00026537446231619295,0.9631761042899585,-0.34804773939174855,0.016515083161698228,0.4300388094967268
spanish,dominance_mean,2010,0.43182397792290894,6570,0.07337313265890963,-0.00026537446231619295,0.9631761042899585,-0.34804773939174855,0.016515083161698228,0.4297734350344107
spanish,dominance_mean,2011,0.42644375263117323,5143,0.07560985921157962,-0.00026537446231619295,0.9631761042899585,-0.34804773939174855,0.016515083161698228,0.42950806057209445
spanish,dominance_mean,2012,0.42920253811807346,2859,0.07296979253484147,-0.00026537446231619295,0.9631761042899585,-0.34804773939174855,0.016515083161698228,0.4292426861097782
spanish,dominance_mean,2013,0.4331285146497091,2274,0.07774818616103771,-0.00026537446231619295,0.9631761042899585,-0.34804773939174855,0.016515083161698228,0.4289773116474621
spanish,dominance_mean,2014,0.43159382911087335,2634,0.07254724614602534,-0.00026537446231619295,0.9631761042899585,-0.34804773939174855,0.016515083161698228,0.4287119371851459
spanish,dominance_mean,2015,0.4345960131445318,3341,0.07636732962659366,-0.00026537446231619295,0.9631761042899585,-0.34804773939174855,0.016515083161698228,0.42844656272282966
spanish,dominance_mean,2016,0.4321041673639771,2212,0.07535588577125509,-0.00026537446231619295,0.9631761042899585,-0.34804773939174855,0.016515083161698228,0.42818118826051355
spanish,dominance_mean,2017,0.4256135051252613,156,0.08695291815960242,-0.00026537446231619295,0.9631761042899585,-0.34804773939174855,0.016515083161698228,0.4279158137981973
french,valence_mean,1955,0.25597199598148146,3,0.054051359355546225,-5.2480782018187124e-05,0.3330535294721336,-0.06134381089355284,0.6594658866652638,0.2304536006265778
french,valence_mean,1956,0.21475761603287982,7,0.0984529561823796,-5.2480782018187124e-05,0.3330535294721336,-0.06134381089355284,0.6594658866652638,0.2304011198445596
french,valence_mean,1958,0.20078698124159844,12,0.07092664030230382,-5.2480782018187124e-05,0.3330535294721336,-0.06134381089355284,0.6594658866652638,0.23029615828052324
french,valence_mean,1959,0.25794062081314517,8,0.15094985936063862,-5.2480782018187124e-05,0.3330535294721336,-0.06134381089355284,0.6594658866652638,0.23024367749850505
french,valence_mean,1960,0.28108327796866095,6,0.06804424460753915,-5.2480782018187124e-05,0.3330535294721336,-0.06134381089355284,0.6594658866652638,0.23019119671648686
french,valence_mean,1961,0.2402768010725764,11,0.06358177285272237,-5.2480782018187124e-05,0.3330535294721336,-0.06134381089355284,0.6594658866652638,0.23013871593446866
french,valence_mean,1968,0.2543124141893632,13,0.07867414548499575,-5.2480782018187124e-05,0.3330535294721336,-0.06134381089355284,0.6594658866652638,0.22977135046034136
french,valence_mean,1971,0.22324139815873015,4,0.03216051540285457,-5.2480782018187124e-05,0.3330535294721336,-0.06134381089355284,0.6594658866652638,0.2296139081142868
french,valence_mean,1972,0.22350543392680305,20,0.0788942830566802,-5.2480782018187124e-05,0.3330535294721336,-0.06134381089355284,0.6594658866652638,0.2295614273322686
french,valence_mean,1973,0.1949632290666667,5,0.03235426530504492,-5.2480782018187124e-05,0.3330535294721336,-0.06134381089355284,0.6594658866652638,0.22950894655025045
french,valence_mean,1974,0.23148080300680643,26,0.06315507793613051,-5.2480782018187124e-05,0.3330535294721336,-0.06134381089355284,0.6594658866652638,0.22945646576823225
french,valence_mean,1975,0.22282502664244608,33,0.07380163335313912,-5.2480782018187124e-05,0.3330535294721336,-0.06134381089355284,0.6594658866652638,0.22940398498621406
french,valence_mean,1976,0.21630452101593525,24,0.05517446183060721,-5.2480782018187124e-05,0.3330535294721336,-0.06134381089355284,0.6594658866652638,0.22935150420419587
french,valence_mean,1977,0.2500396433003809,24,0.07907424552697954,-5.2480782018187124e-05,0.3330535294721336,-0.06134381089355284,0.6594658866652638,0.22929902342217767
french,valence_mean,1978,0.22773759714305794,23,0.06437650017660902,-5.2480782018187124e-05,0.3330535294721336,-0.06134381089355284,0.6594658866652638,0.22924654264015948
french,valence_mean,1979,0.2161508057854614,24,0.06377203719876358,-5.2480782018187124e-05,0.3330535294721336,-0.06134381089355284,0.6594658866652638,0.2291940618581413
french,valence_mean,1980,0.19760708634058177,18,0.05766517292877544,-5.2480782018187124e-05,0.3330535294721336,-0.06134381089355284,0.6594658866652638,0.22914158107612312
french,valence_mean,1981,0.23948756416565906,39,0.11151675091051094,-5.2480782018187124e-05,0.3330535294721336,-0.06134381089355284,0.6594658866652638,0.22908910029410495
french,valence_mean,1982,0.21258236000235078,20,0.07056978135764055,-5.2480782018187124e-05,0.3330535294721336,-0.06134381089355284,0.6594658866652638,0.22903661951208676
french,valence_mean,1983,0.20860411694589426,11,0.09563798861389951,-5.2480782018187124e-05,0.3330535294721336,-0.06134381089355284,0.6594658866652638,0.22898413873006856
french,valence_mean,1984,0.23611904941950104,61,0.08994689617532704,-5.2480782018187124e-05,0.3330535294721336,-0.06134381089355284,0.6594658866652638,0.22893165794805037
french,valence_mean,1985,0.23873832111257304,58,0.09154943975559056,-5.2480782018187124e-05,0.3330535294721336,-0.06134381089355284,0.6594658866652638,0.22887917716603218
french,valence_mean,1986,0.21985102661137956,52,0.07275290971373365,-5.2480782018187124e-05,0.3330535294721336,-0.06134381089355284,0.6594658866652638,0.22882669638401398
french,valence_mean,1987,0.22967729315591054,129,0.08290478815429007,-5.2480782018187124e-05,0.3330535294721336,-0.06134381089355284,0.6594658866652638,0.2287742156019958
french,valence_mean,1988,0.2171455206672005,235,0.06436253623396154,-5.2480782018187124e-05,0.3330535294721336,-0.06134381089355284,0.6594658866652638,0.22872173481997762
french,valence_mean,1989,0.20719262943352923,156,0.07877194909564013,-5.2480782018187124e-05,0.3330535294721336,-0.06134381089355284,0.6594658866652638,0.22866925403795943
french,valence_mean,1990,0.2341232703546024,183,0.09491282003936946,-5.2480782018187124e-05,0.3330535294721336,-0.06134381089355284,0.6594658866652638,0.22861677325594126
french,valence_mean,1991,0.2185108518294583,237,0.08009603451090544,-5.2480782018187124e-05,0.3330535294721336,-0.06134381089355284,0.6594658866652638,0.22856429247392307
french,valence_mean,1992,0.22250264185482638,108,0.10598901458714827,-5.2480782018187124e-05,0.3330535294721336,-0.06134381089355284,0.6594658866652638,0.22851181169190488
french,valence_mean,1993,0.2270393645255234,216,0.08703415699339923,-5.2480782018187124e-05,0.3330535294721336,-0.06134381089355284,0.6594658866652638,0.22845933090988668
french,valence_mean,1994,0.23823400380512108,320,0.09111527188140361,-5.2480782018187124e-05,0.3330535294721336,-0.06134381089355284,0.6594658866652638,0.2284068501278685
french,valence_mean,1995,0.22639976897238298,452,0.07594891231026824,-5.2480782018187124e-05,0.3330535294721336,-0.06134381089355284,0.6594658866652638,0.2283543693458503
french,valence_mean,1996,0.23391732337440757,292,0.08630405808399438,-5.2480782018187124e-05,0.3330535294721336,-0.06134381089355284,0.6594658866652638,0.22830188856383213
french,valence_mean,1997,0.21908072847459434,394,0.07248330502976578,-5.2480782018187124e-05,0.3330535294721336,-0.06134381089355284,0.6594658866652638,0.22824940778181393
french,valence_mean,1998,0.23200801980356733,773,0.0884860971787153,-5.2480782018187124e-05,0.3330535294721336,-0.06134381089355284,0.6594658866652638,0.22819692699979577
french,valence_mean,1999,0.23609287665654438,692,0.08880419045471574,-5.2480782018187124e-05,0.3330535294721336,-0.06134381089355284,0.6594658866652638,0.22814444621777757
french,valence_mean,2000,0.22053022496964803,728,0.07220262999276351,-5.2480782018187124e-05,0.3330535294721336,-0.06134381089355284,0.6594658866652638,0.22809196543575938
french,valence_mean,2001,0.23170584048865311,954,0.08677776807453862,-5.2480782018187124e-05,0.3330535294721336,-0.06134381089355284,0.6594658866652638,0.2280394846537412
french,valence_mean,2002,0.2238123597411657,926,0.08500562998680103,-5.2480782018187124e-05,0.3330535294721336,-0.06134381089355284,0.6594658866652638,0.227987003871723
french,valence_mean,2003,0.2296421351688377,2298,0.08229162592690178,-5.2480782018187124e-05,0.3330535294721336,-0.06134381089355284,0.6594658866652638,0.2279345230897048
french,valence_mean,2004,0.22610226011473183,1388,0.07933437886533709,-5.2480782018187124e-05,0.3330535294721336,-0.06134381089355284,0.6594658866652638,0.22788204230768663
french,valence_mean,2005,0.22845706953233733,2251,0.08240597250894761,-5.2480782018187124e-05,0.3330535294721336,-0.06134381089355284,0.6594658866652638,0.22782956152566844
french,valence_mean,2006,0.23063133639320607,2709,0.08243995984604247,-5.2480782018187124e-05,0.3330535294721336,-0.06134381089355284,0.6594658866652638,0.22777708074365027
french,valence_mean,2007,0.23056137491874698,4541,0.08052423028426288,-5.2480782018187124e-05,0.3330535294721336,-0.06134381089355284,0.6594658866652638,0.22772459996163208
french,valence_mean,2008,0.22780201085573631,3537,0.0828652689180006,-5.2480782018187124e-05,0.3330535294721336,-0.06134381089355284,0.6594658866652638,0.22767211917961389
french,valence_mean,2009,0.23123649379411046,2169,0.0846973339593866,-5.2480782018187124e-05,0.3330535294721336,-0.06134381089355284,0.6594658866652638,0.2276196383975957
french,valence_mean,2010,0.22810559300850633,2521,0.08128407023570151,-5.2480782018187124e-05,0.3330535294721336,-0.06134381089355284,0.6594658866652638,0.2275671576155775
french,valence_mean,2011,0.2297926960315733,1671,0.08280067529051703,-5.2480782018187124e-05,0.3330535294721336,-0.06134381089355284,0.6594658866652638,0.2275146768335593
french,valence_mean,2012,0.22887694644428608,1006,0.08857680615767577,-5.2480782018187124e-05,0.3330535294721336,-0.06134381089355284,0.6594658866652638,0.22746219605154114
french,valence_mean,2013,0.2323551641392587,1168,0.08543422393851476,-5.2480782018187124e-05,0.3330535294721336,-0.06134381089355284,0.6594658866652638,0.22740971526952294
french,valence_mean,2014,0.23244759483609923,1523,0.09257288521966384,-5.2480782018187124e-05,0.3330535294721336,-0.06134381089355284,0.6594658866652638,0.22735723448750478
french,valence_mean,2015,0.22791671782871387,796,0.0932950440792603,-5.2480782018187124e-05,0.3330535294721336,-0.06134381089355284,0.6594658866652638,0.22730475370548658
french,valence_mean,2016,0.2319233472643706,784,0.08784044271378283,-5.2480782018187124e-05,0.3330535294721336,-0.06134381089355284,0.6594658866652638,0.2272522729234684
french,valence_mean,2017,0.2484266269897012,67,0.07847650351273017,-5.2480782018187124e-05,0.3330535294721336,-0.06134381089355284,0.6594658866652638,0.2271997921414502
french,arousal_mean,1955,0.14642855601851848,3,0.08414170678991714,0.00014995868815032213,-0.16961183949406072,0.22083852129836368,0.10855206213761241,0.12355739583981906
french,arousal_mean,1956,0.11196034947845804,7,0.0321739024800468,0.00014995868815032213,-0.16961183949406072,0.22083852129836368,0.10855206213761241,0.12370735452796938
french,arousal_mean,1958,0.149310843364748,12,0.03769752199361933,0.00014995868815032213,-0.16961183949406072,0.22083852129836368,0.10855206213761241,0.12400727190427002
french,arousal_mean,1959,0.14543423525131116,8,0.051584420213308044,0.00014995868815032213,-0.16961183949406072,0.22083852129836368,0.10855206213761241,0.12415723059242034
french,arousal_mean,1960,0.12148109946581191,6,0.062144158860692814,0.00014995868815032213,-0.16961183949406072,0.22083852129836368,0.10855206213761241,0.12430718928057066
french,arousal_mean,1961,0.11278475731706675,11,0.0509337775202184,0.00014995868815032213,-0.16961183949406072,0.22083852129836368,0.10855206213761241,0.12445714796872098
french,arousal_mean,1968,0.14927809465614297,13,0.0929909206374338,0.00014995868815032213,-0.16961183949406072,0.22083852129836368,0.10855206213761241,0.12550685878577322
french,arousal_mean,1971,0.09480803172619043,4,0.02911580907850863,0.00014995868815032213,-0.16961183949406072,0.22083852129836368,0.10855206213761241,0.12595673485022418
french,arousal_mean,1972,0.11687673949865365,20,0.042235634823632164,0.00014995868815032213,-0.16961183949406072,0.22083852129836368,0.10855206213761241,0.1261066935383745
french,arousal_mean,1973,0.10223227739682535,5,0.04331986849483441,0.00014995868815032213,-0.16961183949406072,0.22083852129836368,0.10855206213761241,0.12625665222652482
french,arousal_mean,1974,0.1260594054358547,26,0.050357778176863564,0.00014995868815032213,-0.16961183949406072,0.22083852129836368,0.10855206213761241,0.12640661091467514
french,arousal_mean,1975,0.12351039306462394,33,0.04005581755095032,0.00014995868815032213,-0.16961183949406072,0.22083852129836368,0.10855206213761241,0.12655656960282546
french,arousal_mean,1976,0.10891720239987396,24,0.04051144266565576,0.00014995868815032213,-0.16961183949406072,0.22083852129836368,0.10855206213761241,0.12670652829097578
french,arousal_mean,1977,0.12796644755850253,24,0.04108904136109775,0.00014995868815032213,-0.16961183949406072,0.22083852129836368,0.10855206213761241,0.1268564869791261
french,arousal_mean,1978,0.09783566444628881,23,0.03848760653426306,0.00014995868815032213,-0.16961183949406072,0.22083852129836368,0.10855206213761241,0.12700644566727642
french,arousal_mean,1979,0.12087219336433941,24,0.042862262961971626,0.00014995868815032213,-0.16961183949406072,0.22083852129836368,0.10855206213761241,0.12715640435542674
french,arousal_mean,1980,0.11177135146828096,18,0.04413568216718754,0.00014995868815032213,-0.16961183949406072,0.22083852129836368,0.10855206213761241,0.12730636304357712
french,arousal_mean,1981,0.14316069668395187,39,0.05266572254092194,0.00014995868815032213,-0.16961183949406072,0.22083852129836368,0.10855206213761241,0.12745632173172744
french,arousal_mean,1982,0.13697299114329498,20,0.03858039980522287,0.00014995868815032213,-0.16961183949406072,0.22083852129836368,0.10855206213761241,0.12760628041987776
french,arousal_mean,1983,0.1302446331559057,11,0.05039155106700731,0.00014995868815032213,-0.16961183949406072,0.22083852129836368,0.10855206213761241,0.12775623910802808
french,arousal_mean,1984,0.13324205457812263,61,0.058939604181925044,0.00014995868815032213,-0.16961183949406072,0.22083852129836368,0.10855206213761241,0.1279061977961784
french,arousal_mean,1985,0.14005984981677716,58,0.049370046728854304,0.00014995868815032213,-0.16961183949406072,0.22083852129836368,0.10855206213761241,0.12805615648432872
french,arousal_mean,1986,0.13522450537146719,52,0.07666256843185767,0.00014995868815032213,-0.16961183949406072,0.22083852129836368,0.10855206213761241,0.12820611517247904
french,arousal_mean,1987,0.13807813977673614,129,0.05594276982092111,0.00014995868815032213,-0.16961183949406072,0.22083852129836368,0.10855206213761241,0.12835607386062936
french,arousal_mean,1988,0.11776854033073002,235,0.04538946961580468,0.00014995868815032213,-0.16961183949406072,0.22083852129836368,0.10855206213761241,0.12850603254877968
french,arousal_mean,1989,0.12321194808063766,156,0.05135246985803416,0.00014995868815032213,-0.16961183949406072,0.22083852129836368,0.10855206213761241,0.12865599123693
french,arousal_mean,1990,0.13718192033427615,183,0.056182938129414835,0.00014995868815032213,-0.16961183949406072,0.22083852129836368,0.10855206213761241,0.12880594992508032
french,arousal_mean,1991,0.12206733425566524,237,0.052006112332192794,0.00014995868815032213,-0.16961183949406072,0.22083852129836368,0.10855206213761241,0.12895590861323064
french,arousal_mean,1992,0.14565192214227796,108,0.07644157397735464,0.00014995868815032213,-0.16961183949406072,0.22083852129836368,0.10855206213761241,0.12910586730138096
french,arousal_mean,1993,0.13145065993766958,216,0.06346399306802487,0.00014995868815032213,-0.16961183949406072,0.22083852129836368,0.10855206213761241,0.12925582598953128
french,arousal_mean,1994,0.13177186927041923,320,0.055279544091775365,0.00014995868815032213,-0.16961183949406072,0.22083852129836368,0.10855206213761241,0.1294057846776816
french,arousal_mean,1995,0.12283039973398192,452,0.046117879020499054,0.00014995868815032213,-0.16961183949406072,0.22083852129836368,0.10855206213761241,0.12955574336583192
french,arousal_mean,1996,0.13216257927561742,292,0.06537039076782415,0.00014995868815032213,-0.16961183949406072,0.22083852129836368,0.10855206213761241,0.12970570205398224
french,arousal_mean,1997,0.12874332031512137,394,0.05283581711550376,0.00014995868815032213,-0.16961183949406072,0.22083852129836368,0.10855206213761241,0.12985566074213256
french,arousal_mean,1998,0.13323390476788372,773,0.0640986998258613,0.00014995868815032213,-0.16961183949406072,0.22083852129836368,0.10855206213761241,0.13000561943028288
french,arousal_mean,1999,0.1272392179782933,692,0.0529319715307151,0.00014995868815032213,-0.16961183949406072,0.22083852129836368,0.10855206213761241,0.1301555781184332
french,arousal_mean,2000,0.1283469241733233,728,0.05138059067378782,0.00014995868815032213,-0.16961183949406072,0.22083852129836368,0.10855206213761241,0.13030553680658352
french,arousal_mean,2001,0.1277201939987168,954,0.05533566522358618,0.00014995868815032213,-0.16961183949406072,0.22083852129836368,0.10855206213761241,0.13045549549473384
french,arousal_mean,2002,0.1305480412094069,926,0.05793436585026759,0.00014995868815032213,-0.16961183949406072,0.22083852129836368,0.10855206213761241,0.13060545418288416
french,arousal_mean,2003,0.12999775368519687,2298,0.05355507193474519,0.00014995868815032213,-0.16961183949406072,0.22083852129836368,0.10855206213761241,0.13075541287103448
french,arousal_mean,2004,0.1303219711369975,1388,0.05233578019789812,0.00014995868815032213,-0.16961183949406072,0.22083852129836368,0.10855206213761241,0.1309053715591848
french,arousal_mean,2005,0.12899278315377014,2251,0.05330013732794197,0.00014995868815032213,-0.16961183949406072,0.22083852129836368,0.10855206213761241,0.13105533024733512
french,arousal_mean,2006,0.12894612562343624,2709,0.05517871604795377,0.00014995868815032213,-0.16961183949406072,0.22083852129836368,0.10855206213761241,0.13120528893548544
french,arousal_mean,2007,0.12979904747836574,4541,0.058251803330899764,0.00014995868815032213,-0.16961183949406072,0.22083852129836368,0.10855206213761241,0.13135524762363576
french,arousal_mean,2008,0.13199542030170985,3537,0.061630739591909976,0.00014995868815032213,-0.16961183949406072,0.22083852129836368,0.10855206213761241,0.13150520631178614
french,arousal_mean,2009,0.13157861952355446,2169,0.058382791305842896,0.00014995868815032213,-0.16961183949406072,0.22083852129836368,0.10855206213761241,0.13165516499993646
french,arousal_mean,2010,0.12850691362862104,2521,0.05710985936222514,0.00014995868815032213,-0.16961183949406072,0.22083852129836368,0.10855206213761241,0.13180512368808678
french,arousal_mean,2011,0.13057443261911858,1671,0.055642144098809444,0.00014995868815032213,-0.16961183949406072,0.22083852129836368,0.10855206213761241,0.1319550823762371
french,arousal_mean,2012,0.1406933672127512,1006,0.06731685785445839,0.00014995868815032213,-0.16961183949406072,0.22083852129836368,0.10855206213761241,0.13210504106438742
french,arousal_mean,2013,0.1317641252678848,1168,0.062481168615031425,0.00014995868815032213,-0.16961183949406072,0.22083852129836368,0.10855206213761241,0.13225499975253774
french,arousal_mean,2014,0.1335832335903422,1523,0.06447551990729002,0.00014995868815032213,-0.16961183949406072,0.22083852129836368,0.10855206213761241,0.13240495844068806
french,arousal_mean,2015,0.1360085471043543,796,0.07833403121715347,0.00014995868815032213,-0.16961183949406072,0.22083852129836368,0.10855206213761241,0.13255491712883838
french,arousal_mean,2016,0.13457297994880213,784,0.06558905030607096,0.00014995868815032213,-0.16961183949406072,0.22083852129836368,0.10855206213761241,0.1327048758169887
french,arousal_mean,2017,0.13999772023390533,67,0.04372200318325859,0.00014995868815032213,-0.16961183949406072,0.22083852129836368,0.10855206213761241,0.13285483450513902
french,dominance_mean,1955,0.4926712962962964,3,0.09833228021773402,-4.485084081151674e-05,0.5305269066124438,-0.04544747581259191,0.7441795672799505,0.4428435128259286
french,dominance_mean,1956,0.4858608843537415,7,0.04944560730002433,-4.485084081151674e-05,0.5305269066124438,-0.04544747581259191,0.7441795672799505,0.4427986619851171
french,dominance_mean,1958,0.4362673522344996,12,0.060818788208857354,-4.485084081151674e-05,0.5305269066124438,-0.04544747581259191,0.7441795672799505,0.44270896030349405
french,dominance_mean,1959,0.45486319097569095,8,0.0937616498910834,-4.485084081151674e-05,0.5305269066124438,-0.04544747581259191,0.7441795672799505,0.44266410946268253
french,dominance_mean,1960,0.44676740028490025,6,0.04997091038563431,-4.485084081151674e-05,0.5305269066124438,-0.04544747581259191,0.7441795672799505,0.442619258621871
french,dominance_mean,1961,0.4093865276138003,11,0.029693438399609064,-4.485084081151674e-05,0.5305269066124438,-0.04544747581259191,0.7441795672799505,0.4425744077810595
french,dominance_mean,1968,0.4305144514673361,13,0.07378962956819919,-4.485084081151674e-05,0.5305269066124438,-0.04544747581259191,0.7441795672799505,0.4422604518953789
french,dominance_mean,1971,0.48126173941798944,4,0.12650389325600891,-4.485084081151674e-05,0.5305269066124438,-0.04544747581259191,0.7441795672799505,0.44212589937294433
french,dominance_mean,1972,0.43390131313861574,20,0.06964397901091857,-4.485084081151674e-05,0.5305269066124438,-0.04544747581259191,0.7441795672799505,0.4420810485321328
french,dominance_mean,1973,0.3872212698412699,5,0.05143480835687039,-4.485084081151674e-05,0.5305269066124438,-0.04544747581259191,0.7441795672799505,0.4420361976913213
french,dominance_mean,1974,0.45302445459455076,26,0.06573165326283367,-4.485084081151674e-05,0.5305269066124438,-0.04544747581259191,0.7441795672799505,0.4419913468505098
french,dominance_mean,1975,0.43838321692209914,33,0.07238985290421975,-4.485084081151674e-05,0.5305269066124438,-0.04544747581259191,0.7441795672799505,0.44194649600969826
french,dominance_mean,1976,0.42314923847287983,24,0.054384000829736295,-4.485084081151674e-05,0.5305269066124438,-0.04544747581259191,0.7441795672799505,0.44190164516888675
french,dominance_mean,1977,0.44141093112615093,24,0.07581423090909864,-4.485084081151674e-05,0.5305269066124438,-0.04544747581259191,0.7441795672799505,0.44185679432807523
french,dominance_mean,1978,0.429668610745686,23,0.08575767987041065,-4.485084081151674e-05,0.5305269066124438,-0.04544747581259191,0.7441795672799505,0.4418119434872637
french,dominance_mean,1979,0.4314277285804937,24,0.0650945563313774,-4.485084081151674e-05,0.5305269066124438,-0.04544747581259191,0.7441795672799505,0.4417670926464522
french,dominance_mean,1980,0.39813996758071235,18,0.07636446967511346,-4.485084081151674e-05,0.5305269066124438,-0.04544747581259191,0.7441795672799505,0.4417222418056407
french,dominance_mean,1981,0.4553602696164,39,0.07514411340082701,-4.485084081151674e-05,0.5305269066124438,-0.04544747581259191,0.7441795672799505,0.44167739096482916
french,dominance_mean,1982,0.4085249266997549,20,0.06632631866804277,-4.485084081151674e-05,0.5305269066124438,-0.04544747581259191,0.7441795672799505,0.44163254012401765
french,dominance_mean,1983,0.4566975039256931,11,0.0732220023373124,-4.485084081151674e-05,0.5305269066124438,-0.04544747581259191,0.7441795672799505,0.44158768928320613
french,dominance_mean,1984,0.42844575851398214,61,0.055152190444832154,-4.485084081151674e-05,0.5305269066124438,-0.04544747581259191,0.7441795672799505,0.4415428384423946
french,dominance_mean,1985,0.4433173491408422,58,0.06093018606417371,-4.485084081151674e-05,0.5305269066124438,-0.04544747581259191,0.7441795672799505,0.4414979876015831
french,dominance_mean,1986,0.4359014185570035,52,0.05392656430566431,-4.485084081151674e-05,0.5305269066124438,-0.04544747581259191,0.7441795672799505,0.4414531367607716
french,dominance_mean,1987,0.4442431546972373,129,0.06396964773832838,-4.485084081151674e-05,0.5305269066124438,-0.04544747581259191,0.7441795672799505,0.44140828591996006
french,dominance_mean,1988,0.4420348265937682,235,0.06262296261298793,-4.485084081151674e-05,0.5305269066124438,-0.04544747581259191,0.7441795672799505,0.44136343507914855
french,dominance_mean,1989,0.4318287498137043,156,0.06680794493884688,-4.485084081151674e-05,0.5305269066124438,-0.04544747581259191,0.7441795672799505,0.44131858423833703
french,dominance_mean,1990,0.4560621539534181,183,0.07990056388764957,-4.485084081151674e-05,0.5305269066124438,-0.04544747581259191,0.7441795672799505,0.4412737333975255
french,dominance_mean,1991,0.4480742894402775,237,0.06785249642997954,-4.485084081151674e-05,0.5305269066124438,-0.04544747581259191,0.7441795672799505,0.441228882556714
french,dominance_mean,1992,0.44084139728553445,108,0.07565494597746679,-4.485084081151674e-05,0.5305269066124438,-0.04544747581259191,0.7441795672799505,0.4411840317159025
french,dominance_mean,1993,0.44191689132483014,216,0.06033810275238676,-4.485084081151674e-05,0.5305269066124438,-0.04544747581259191,0.7441795672799505,0.44113918087509096
french,dominance_mean,1994,0.4501197540779255,320,0.06339552750238062,-4.485084081151674e-05,0.5305269066124438,-0.04544747581259191,0.7441795672799505,0.44109433003427945
french,dominance_mean,1995,0.435743121430143,452,0.06193138244761416,-4.485084081151674e-05,0.5305269066124438,-0.04544747581259191,0.7441795672799505,0.44104947919346793
french,dominance_mean,1996,0.43735185042242863,292,0.06721669769460384,-4.485084081151674e-05,0.5305269066124438,-0.04544747581259191,0.7441795672799505,0.4410046283526564
french,dominance_mean,1997,0.44037704944717715,394,0.05785755905438184,-4.485084081151674e-05,0.5305269066124438,-0.04544747581259191,0.7441795672799505,0.4409597775118449
french,dominance_mean,1998,0.4468810505322307,773,0.06758416173504171,-4.485084081151674e-05,0.5305269066124438,-0.04544747581259191,0.7441795672799505,0.4409149266710334
french,dominance_mean,1999,0.44316498904740637,692,0.06686428533943356,-4.485084081151674e-05,0.5305269066124438,-0.04544747581259191,0.7441795672799505,0.44087007583022186
french,dominance_mean,2000,0.4391788678372829,728,0.0640193082196638,-4.485084081151674e-05,0.5305269066124438,-0.04544747581259191,0.7441795672799505,0.44082522498941035
french,dominance_mean,2001,0.4431447488339729,954,0.06320019065393956,-4.485084081151674e-05,0.5305269066124438,-0.04544747581259191,0.7441795672799505,0.44078037414859883
french,dominance_mean,2002,0.4416698373683614,926,0.06349960325310673,-4.485084081151674e-05,0.5305269066124438,-0.04544747581259191,0.7441795672799505,0.4407355233077873
french,dominance_mean,2003,0.4423246419381696,2298,0.06261821544895624,-4.485084081151674e-05,0.5305269066124438,-0.04544747581259191,0.7441795672799505,0.4406906724669758
french,dominance_mean,2004,0.44204730702328876,1388,0.0614354976980939,-4.485084081151674e-05,0.5305269066124438,-0.04544747581259191,0.7441795672799505,0.4406458216261643
french,dominance_mean,2005,0.439103689789353,2251,0.06521241759392668,-4.485084081151674e-05,0.5305269066124438,-0.04544747581259191,0.7441795672799505,0.44060097078535276
french,dominance_mean,2006,0.44224128212640845,2709,0.06250383172908897,-4.485084081151674e-05,0.5305269066124438,-0.04544747581259191,0.7441795672799505,0.44055611994454125
french,dominance_mean,2007,0.4400942169541796,4541,0.061636970234465065,-4.485084081151674e-05,0.5305269066124438,-0.04544747581259191,0.7441795672799505,0.44051126910372973
french,dominance_mean,2008,0.4456609791045269,3537,0.06625876853708759,-4.485084081151674e-05,0.5305269066124438,-0.04544747581259191,0.7441795672799505,0.4404664182629182
french,dominance_mean,2009,0.44341259739321587,2169,0.06409385740769197,-4.485084081151674e-05,0.5305269066124438,-0.04544747581259191,0.7441795672799505,0.4404215674221067
french,dominance_mean,2010,0.43752781326825735,2521,0.062332768829490084,-4.485084081151674e-05,0.5305269066124438,-0.04544747581259191,0.7441795672799505,0.4403767165812952
french,dominance_mean,2011,0.44070033413084664,1671,0.06027920271159283,-4.485084081151674e-05,0.5305269066124438,-0.04544747581259191,0.7441795672799505,0.44033186574048366
french,dominance_mean,2012,0.44502271402877164,1006,0.06512099887895467,-4.485084081151674e-05,0.5305269066124438,-0.04544747581259191,0.7441795672799505,0.44028701489967215
french,dominance_mean,2013,0.44674784037774773,1168,0.06460280879799027,-4.485084081151674e-05,0.5305269066124438,-0.04544747581259191,0.7441795672799505,0.44024216405886063
french,dominance_mean,2014,0.4453792813531955,1523,0.0627689219813842,-4.485084081151674e-05,0.5305269066124438,-0.04544747581259191,0.7441795672799505,0.4401973132180491
french,dominance_mean,2015,0.4409444552258692,796,0.06968872002685125,-4.485084081151674e-05,0.5305269066124438,-0.04544747581259191,0.7441795672799505,0.4401524623772376
french,dominance_mean,2016,0.4488646279433434,784,0.0682690952014419,-4.485084081151674e-05,0.5305269066124438,-0.04544747581259191,0.7441795672799505,0.4401076115364261
french,dominance_mean,2017,0.445031561623418,67,0.07988897863206144,-4.485084081151674e-05,0.5305269066124438,-0.04544747581259191,0.7441795672799505,0.44006276069561456
german,valence_mean,1957,0.036828001293995834,6,0.08048958822783345,0.00017820321032791932,-0.2803208018845001,0.11992657816878878,0.4117699691395226,0.06842288072723801
german,valence_mean,1963,0.13974869684920638,5,0.13048072934642443,0.00017820321032791932,-0.2803208018845001,0.11992657816878878,0.4117699691395226,0.06949209998920552
german,valence_mean,1968,0.007363089871628388,14,0.046974623543824305,0.00017820321032791932,-0.2803208018845001,0.11992657816878878,0.4117699691395226,0.07038311604084513
german,valence_mean,1969,0.11235103868983953,3,0.11557319545668347,0.00017820321032791932,-0.2803208018845001,0.11992657816878878,0.4117699691395226,0.07056131925117304
german,valence_mean,1971,0.07477740944996467,7,0.08234029709932549,0.00017820321032791932,-0.2803208018845001,0.11992657816878878,0.4117699691395226,0.07091772567182891
german,valence_mean,1972,-0.002356146174544387,15,0.06157341522954869,0.00017820321032791932,-0.2803208018845001,0.11992657816878878,0.4117699691395226,0.07109592888215682
german,valence_mean,1973,0.06824550663700253,14,0.1044269178915959,0.00017820321032791932,-0.2803208018845001,0.11992657816878878,0.4117699691395226,0.07127413209248473
german,valence_mean,1975,0.10381970202346441,15,0.07702449996813268,0.00017820321032791932,-0.2803208018845001,0.11992657816878878,0.4117699691395226,0.07163053851314055
german,valence_mean,1976,0.08704749587713438,69,0.09754039653088546,0.00017820321032791932,-0.2803208018845001,0.11992657816878878,0.4117699691395226,0.07180874172346846
german,valence_mean,1977,0.05814789349621209,4,0.1412187020028343,0.00017820321032791932,-0.2803208018845001,0.11992657816878878,0.4117699691395226,0.07198694493379643
german,valence_mean,1979,0.10193707417566494,12,0.07157395336181703,0.00017820321032791932,-0.2803208018845001,0.11992657816878878,0.4117699691395226,0.07234335135445225
german,valence_mean,1980,0.08451610102564097,4,0.09632419743697833,0.00017820321032791932,-0.2803208018845001,0.11992657816878878,0.4117699691395226,0.07252155456478016
german,valence_mean,1981,0.10262667249700042,22,0.08819456876376346,0.00017820321032791932,-0.2803208018845001,0.11992657816878878,0.4117699691395226,0.07269975777510806
german,valence_mean,1982,0.08693637238476427,14,0.10777619286481638,0.00017820321032791932,-0.2803208018845001,0.11992657816878878,0.4117699691395226,0.07287796098543597
german,valence_mean,1983,0.035034089275324434,24,0.06994631025484135,0.00017820321032791932,-0.2803208018845001,0.11992657816878878,0.4117699691395226,0.07305616419576394
german,valence_mean,1984,0.06366526478961838,18,0.11169410919886053,0.00017820321032791932,-0.2803208018845001,0.11992657816878878,0.4117699691395226,0.07323436740609185
german,valence_mean,1985,0.09184497943744088,55,0.10506131584003674,0.00017820321032791932,-0.2803208018845001,0.11992657816878878,0.4117699691395226,0.07341257061641976
german,valence_mean,1986,0.0815285211749499,50,0.10263541782522266,0.00017820321032791932,-0.2803208018845001,0.11992657816878878,0.4117699691395226,0.07359077382674767
german,valence_mean,1987,0.09088201390297125,98,0.08722625672715716,0.00017820321032791932,-0.2803208018845001,0.11992657816878878,0.4117699691395226,0.07376897703707558
german,valence_mean,1988,0.05768588654491414,109,0.07847989316790774,0.00017820321032791932,-0.2803208018845001,0.11992657816878878,0.4117699691395226,0.07394718024740354
german,valence_mean,1989,0.06562469813048259,136,0.09141088851330618,0.00017820321032791932,-0.2803208018845001,0.11992657816878878,0.4117699691395226,0.07412538345773145
german,valence_mean,1990,0.06644482226312123,160,0.09767020235940929,0.00017820321032791932,-0.2803208018845001,0.11992657816878878,0.4117699691395226,0.07430358666805936
german,valence_mean,1991,0.05326120877453074,139,0.07890803813124998,0.00017820321032791932,-0.2803208018845001,0.11992657816878878,0.4117699691395226,0.07448178987838727
german,valence_mean,1992,0.07175312189800379,224,0.08043991781004844,0.00017820321032791932,-0.2803208018845001,0.11992657816878878,0.4117699691395226,0.07465999308871518
german,valence_mean,1993,0.06286116823270131,341,0.09689287516354596,0.00017820321032791932,-0.2803208018845001,0.11992657816878878,0.4117699691395226,0.07483819629904309
german,valence_mean,1994,0.07177080745128958,333,0.08297174392035622,0.00017820321032791932,-0.2803208018845001,0.11992657816878878,0.4117699691395226,0.07501639950937106
german,valence_mean,1995,0.08476052586370132,220,0.11531123344046719,0.00017820321032791932,-0.2803208018845001,0.11992657816878878,0.4117699691395226,0.07519460271969897
german,valence_mean,1996,0.06784748851551328,210,0.09631744961286506,0.00017820321032791932,-0.2803208018845001,0.11992657816878878,0.4117699691395226,0.07537280593002688
german,valence_mean,1997,0.07758485836799782,411,0.10052106638096188,0.00017820321032791932,-0.2803208018845001,0.11992657816878878,0.4117699691395226,0.07555100914035479
german,valence_mean,1998,0.08735424652911157,463,0.08477500093306523,0.00017820321032791932,-0.2803208018845001,0.11992657816878878,0.4117699691395226,0.0757292123506827
german,valence_mean,1999,0.0821195419790884,502,0.09907483291398865,0.00017820321032791932,-0.2803208018845001,0.11992657816878878,0.4117699691395226,0.0759074155610106
german,valence_mean,2000,0.0794554591157234,403,0.09577193414770975,0.00017820321032791932,-0.2803208018845001,0.11992657816878878,0.4117699691395226,0.07608561877133857
german,valence_mean,2001,0.07658788828279443,624,0.10545991149456249,0.00017820321032791932,-0.2803208018845001,0.11992657816878878,0.4117699691395226,0.07626382198166648
german,valence_mean,2002,0.07061533205205354,696,0.10192124439541049,0.00017820321032791932,-0.2803208018845001,0.11992657816878878,0.4117699691395226,0.07644202519199439
german,valence_mean,2003,0.07512398108433613,1980,0.09667277627258394,0.00017820321032791932,-0.2803208018845001,0.11992657816878878,0.4117699691395226,0.0766202284023223
german,valence_mean,2004,0.06716355822190875,1561,0.08860157344472354,0.00017820321032791932,-0.2803208018845001,0.11992657816878878,0.4117699691395226,0.07679843161265021
german,valence_mean,2005,0.07383317484277228,2285,0.09946943535132739,0.00017820321032791932,-0.2803208018845001,0.11992657816878878,0.4117699691395226,0.07697663482297817
german,valence_mean,2006,0.06934372605795738,2608,0.09534425148456219,0.00017820321032791932,-0.2803208018845001,0.11992657816878878,0.4117699691395226,0.07715483803330608
german,valence_mean,2007,0.07002326001816413,2520,0.09521736593143736,0.00017820321032791932,-0.2803208018845001,0.11992657816878878,0.4117699691395226,0.077333041243634
german,valence_mean,2008,0.07851606225490212,3675,0.09617058330743737,0.00017820321032791932,-0.2803208018845001,0.11992657816878878,0.4117699691395226,0.0775112444539619
german,valence_mean,2009,0.07432070086588315,2877,0.09594346976506307,0.00017820321032791932,-0.2803208018845001,0.11992657816878878,0.4117699691395226,0.07768944766428981
german,valence_mean,2010,0.07710348298858963,2220,0.0950930392310927,0.00017820321032791932,-0.2803208018845001,0.11992657816878878,0.4117699691395226,0.07786765087461772
german,valence_mean,2011,0.07448674895945635,1968,0.09491485907101141,0.00017820321032791932,-0.2803208018845001,0.11992657816878878,0.4117699691395226,0.07804585408494569
german,valence_mean,2012,0.080141893307505,1053,0.09692728375168579,0.00017820321032791932,-0.2803208018845001,0.11992657816878878,0.4117699691395226,0.0782240572952736
german,valence_mean,2013,0.08231174107544743,1311,0.09561540289141107,0.00017820321032791932,-0.2803208018845001,0.11992657816878878,0.4117699691395226,0.0784022605056015
german,valence_mean,2014,0.08385734191497916,1856,0.10015032848135338,0.00017820321032791932,-0.2803208018845001,0.11992657816878878,0.4117699691395226,0.07858046371592942
german,valence_mean,2015,0.0792011730097852,1455,0.09647441909064568,0.00017820321032791932,-0.2803208018845001,0.11992657816878878,0.4117699691395226,0.07875866692625733
german,valence_mean,2016,0.07522950453297154,904,0.08996841083972179,0.00017820321032791932,-0.2803208018845001,0.11992657816878878,0.4117699691395226,0.07893687013658524
german,valence_mean,2017,0.0996855296889976,118,0.0977447577903615,0.00017820321032791932,-0.2803208018845001,0.11992657816878878,0.4117699691395226,0.0791150733469132
german,arousal_mean,1957,0.22465017435921322,6,0.02055227001689872,-0.00027471042230622233,0.7064776517445822,-0.17870820242187274,0.21922835731188922,0.1688693552913051
german,arousal_mean,1963,0.1162365832539682,5,0.07882866138160298,-0.00027471042230622233,0.7064776517445822,-0.17870820242187274,0.21922835731188922,0.16722109275746777
german,arousal_mean,1968,0.14473262223410344,14,0.06263958013515997,-0.00027471042230622233,0.7064776517445822,-0.17870820242187274,0.21922835731188922,0.16584754064593665
german,arousal_mean,1969,0.12964395247771832,3,0.04198024176889656,-0.00027471042230622233,0.7064776517445822,-0.17870820242187274,0.21922835731188922,0.16557283022363045
german,arousal_mean,1971,0.22106445938226177,7,0.07970332036251906,-0.00027471042230622233,0.7064776517445822,-0.17870820242187274,0.21922835731188922,0.16502340937901805
german,arousal_mean,1972,0.1936000737272287,15,0.06785297474265803,-0.00027471042230622233,0.7064776517445822,-0.17870820242187274,0.21922835731188922,0.16474869895671174
german,arousal_mean,1973,0.24922707860429108,14,0.08419319148153932,-0.00027471042230622233,0.7064776517445822,-0.17870820242187274,0.21922835731188922,0.16447398853440554
german,arousal_mean,1975,0.1473803519055869,15,0.060401967080551316,-0.00027471042230622233,0.7064776517445822,-0.17870820242187274,0.21922835731188922,0.16392456768979313
german,arousal_mean,1976,0.1775988780801144,69,0.07626852942500396,-0.00027471042230622233,0.7064776517445822,-0.17870820242187274,0.21922835731188922,0.16364985726748693
german,arousal_mean,1977,0.16585376625378787,4,0.06304024121444633,-0.00027471042230622233,0.7064776517445822,-0.17870820242187274,0.21922835731188922,0.16337514684518062
german,arousal_mean,1979,0.10659316010940649,12,0.05207683673809748,-0.00027471042230622233,0.7064776517445822,-0.17870820242187274,0.21922835731188922,0.16282572600056822
german,arousal_mean,1980,0.12502185532051277,4,0.07191165836230927,-0.00027471042230622233,0.7064776517445822,-0.17870820242187274,0.21922835731188922,0.16255101557826201
german,arousal_mean,1981,0.17486943726688828,22,0.07760047919943536,-0.00027471042230622233,0.7064776517445822,-0.17870820242187274,0.21922835731188922,0.1622763051559558
german,arousal_mean,1982,0.15886807900532168,14,0.08897472189456927,-0.00027471042230622233,0.7064776517445822,-0.17870820242187274,0.21922835731188922,0.1620015947336495
german,arousal_mean,1983,0.16077626353732025,24,0.08410365631875419,-0.00027471042230622233,0.7064776517445822,-0.17870820242187274,0.21922835731188922,0.1617268843113433
german,arousal_mean,1984,0.17080716421695397,18,0.06995050995414856,-0.00027471042230622233,0.7064776517445822,-0.17870820242187274,0.21922835731188922,0.1614521738890371
german,arousal_mean,1985,0.15695429967779415,55,0.06429706455931741,-0.00027471042230622233,0.7064776517445822,-0.17870820242187274,0.21922835731188922,0.1611774634667309
german,arousal_mean,1986,0.16042049331414454,50,0.07614394491736162,-0.00027471042230622233,0.7064776517445822,-0.17870820242187274,0.21922835731188922,0.1609027530444247
german,arousal_mean,1987,0.14273820725735703,98,0.07046044846674235,-0.00027471042230622233,0.7064776517445822,-0.17870820242187274,0.21922835731188922,0.1606280426221185
german,arousal_mean,1988,0.15119384967289096,109,0.06678482534721392,-0.00027471042230622233,0.7064776517445822,-0.17870820242187274,0.21922835731188922,0.16035333219981218
german,arousal_mean,1989,0.15994556909888116,136,0.058286605158023704,-0.00027471042230622233,0.7064776517445822,-0.17870820242187274,0.21922835731188922,0.16007862177750598
german,arousal_mean,1990,0.140878774321108,160,0.06529190781207327,-0.00027471042230622233,0.7064776517445822,-0.17870820242187274,0.21922835731188922,0.15980391135519978
german,arousal_mean,1991,0.1561167184326843,139,0.07073463543206579,-0.00027471042230622233,0.7064776517445822,-0.17870820242187274,0.21922835731188922,0.15952920093289358
german,arousal_mean,1992,0.14715922227500156,224,0.06738996463488632,-0.00027471042230622233,0.7064776517445822,-0.17870820242187274,0.21922835731188922,0.15925449051058738
german,arousal_mean,1993,0.15713595913405232,341,0.07483067026611559,-0.00027471042230622233,0.7064776517445822,-0.17870820242187274,0.21922835731188922,0.15897978008828106
german,arousal_mean,1994,0.1354253989122837,333,0.07469604729433933,-0.00027471042230622233,0.7064776517445822,-0.17870820242187274,0.21922835731188922,0.15870506966597486
german,arousal_mean,1995,0.1530278454751237,220,0.08002756076102932,-0.00027471042230622233,0.7064776517445822,-0.17870820242187274,0.21922835731188922,0.15843035924366866
german,arousal_mean,1996,0.1472905106152024,210,0.06685213141125196,-0.00027471042230622233,0.7064776517445822,-0.17870820242187274,0.21922835731188922,0.15815564882136246
german,arousal_mean,1997,0.15891409918704688,411,0.07636560554807707,-0.00027471042230622233,0.7064776517445822,-0.17870820242187274,0.21922835731188922,0.15788093839905626
german,arousal_mean,1998,0.1588397341352596,463,0.07358573715313357,-0.00027471042230622233,0.7064776517445822,-0.17870820242187274,0.21922835731188922,0.15760622797674995
german,arousal_mean,1999,0.1568107033241445,502,0.08153951791756828,-0.00027471042230622233,0.7064776517445822,-0.17870820242187274,0.21922835731188922,0.15733151755444374
german,arousal_mean,2000,0.16331557930428314,403,0.0888059750794607,-0.00027471042230622233,0.7064776517445822,-0.17870820242187274,0.21922835731188922,0.15705680713213754
german,arousal_mean,2001,0.15302720721233193,624,0.07645027734738027,-0.00027471042230622233,0.7064776517445822,-0.17870820242187274,0.21922835731188922,0.15678209670983134
german,arousal_mean,2002,0.14918999226213087,696,0.07806197422153349,-0.00027471042230622233,0.7064776517445822,-0.17870820242187274,0.21922835731188922,0.15650738628752514
german,arousal_mean,2003,0.15644133749054237,1980,0.07609271066562165,-0.00027471042230622233,0.7064776517445822,-0.17870820242187274,0.21922835731188922,0.15623267586521894
german,arousal_mean,2004,0.14957437046827057,1561,0.07433556079403288,-0.00027471042230622233,0.7064776517445822,-0.17870820242187274,0.21922835731188922,0.15595796544291263
german,arousal_mean,2005,0.1604098849196596,2285,0.08232835526021083,-0.00027471042230622233,0.7064776517445822,-0.17870820242187274,0.21922835731188922,0.15568325502060643
german,arousal_mean,2006,0.1597580216614994,2608,0.07641069764691612,-0.00027471042230622233,0.7064776517445822,-0.17870820242187274,0.21922835731188922,0.15540854459830022
german,arousal_mean,2007,0.15581253908240916,2520,0.07729459129811271,-0.00027471042230622233,0.7064776517445822,-0.17870820242187274,0.21922835731188922,0.15513383417599402
german,arousal_mean,2008,0.16162887992829575,3675,0.08401073411870076,-0.00027471042230622233,0.7064776517445822,-0.17870820242187274,0.21922835731188922,0.15485912375368782
german,arousal_mean,2009,0.15831027662510155,2877,0.07853114097262996,-0.00027471042230622233,0.7064776517445822,-0.17870820242187274,0.21922835731188922,0.1545844133313815
german,arousal_mean,2010,0.16209600727207962,2220,0.07993326887517525,-0.00027471042230622233,0.7064776517445822,-0.17870820242187274,0.21922835731188922,0.1543097029090753
german,arousal_mean,2011,0.1576684635538318,1968,0.07717353338613246,-0.00027471042230622233,0.7064776517445822,-0.17870820242187274,0.21922835731188922,0.1540349924867691
german,arousal_mean,2012,0.15668725004561546,1053,0.08001554318487135,-0.00027471042230622233,0.7064776517445822,-0.17870820242187274,0.21922835731188922,0.1537602820644629
german,arousal_mean,2013,0.16417539309198087,1311,0.08656525459962107,-0.00027471042230622233,0.7064776517445822,-0.17870820242187274,0.21922835731188922,0.1534855716421567
german,arousal_mean,2014,0.16310280130375393,1856,0.08488447759288949,-0.00027471042230622233,0.7064776517445822,-0.17870820242187274,0.21922835731188922,0.1532108612198504
german,arousal_mean,2015,0.16094848329046496,1455,0.08188493871631616,-0.00027471042230622233,0.7064776517445822,-0.17870820242187274,0.21922835731188922,0.1529361507975442
german,arousal_mean,2016,0.15422668599280256,904,0.07153460739888666,-0.00027471042230622233,0.7064776517445822,-0.17870820242187274,0.21922835731188922,0.152661440375238
german,arousal_mean,2017,0.16320092061148153,118,0.07354063922647001,-0.00027471042230622233,0.7064776517445822,-0.17870820242187274,0.21922835731188922,0.1523867299529318
german,dominance_mean,1957,0.41283869047619054,6,0.030088647951415404,0.00028613785035444284,-0.1673995704129247,0.2665345216656068,0.06413761255301458,0.39257220273071997
german,dominance_mean,1963,0.3856488095238095,5,0.05957821620669652,0.00028613785035444284,-0.1673995704129247,0.2665345216656068,0.06413761255301458,0.3942890298328466
german,dominance_mean,1968,0.3551177868023849,14,0.04107997947479608,0.00028613785035444284,-0.1673995704129247,0.2665345216656068,0.06413761255301458,0.39571971908461884
german,dominance_mean,1969,0.4371265597147949,3,0.08083829999033144,0.00028613785035444284,-0.1673995704129247,0.2665345216656068,0.06413761255301458,0.3960058569349733
german,dominance_mean,1971,0.3722657008177252,7,0.05309881152601789,0.00028613785035444284,-0.1673995704129247,0.2665345216656068,0.06413761255301458,0.39657813263568215
german,dominance_mean,1972,0.36226993844450944,15,0.050171458646727646,0.00028613785035444284,-0.1673995704129247,0.2665345216656068,0.06413761255301458,0.3968642704860366
german,dominance_mean,1973,0.3684331381656277,14,0.05999764524967263,0.00028613785035444284,-0.1673995704129247,0.2665345216656068,0.06413761255301458,0.397150408336391
german,dominance_mean,1975,0.3931466826281466,15,0.05213044578180543,0.00028613785035444284,-0.1673995704129247,0.2665345216656068,0.06413761255301458,0.3977226840370999
german,dominance_mean,1976,0.4329066439859595,69,0.05418710217692577,0.00028613785035444284,-0.1673995704129247,0.2665345216656068,0.06413761255301458,0.3980088218874544
german,dominance_mean,1977,0.38637310606060604,4,0.052426849126163536,0.00028613785035444284,-0.1673995704129247,0.2665345216656068,0.06413761255301458,0.39829495973780876
german,dominance_mean,1979,0.43894563081554455,12,0.08527698593115668,0.00028613785035444284,-0.1673995704129247,0.2665345216656068,0.06413761255301458,0.3988672354385177
german,dominance_mean,1980,0.4114727564102564,4,0.0667454309846756,0.00028613785035444284,-0.1673995704129247,0.2665345216656068,0.06413761255301458,0.3991533732888722
german,dominance_mean,1981,0.3976623077258139,22,0.06425000439604754,0.00028613785035444284,-0.1673995704129247,0.2665345216656068,0.06413761255301458,0.39943951113922654
german,dominance_mean,1982,0.42958127916111793,14,0.08423478304733421,0.00028613785035444284,-0.1673995704129247,0.2665345216656068,0.06413761255301458,0.399725648989581
german,dominance_mean,1983,0.39484134338507654,24,0.06265238433358554,0.00028613785035444284,-0.1673995704129247,0.2665345216656068,0.06413761255301458,0.4000117868399355
german,dominance_mean,1984,0.3792182846043629,18,0.0617241486516087,0.00028613785035444284,-0.1673995704129247,0.2665345216656068,0.06413761255301458,0.40029792469028985
german,dominance_mean,1985,0.41102625406199234,55,0.07231572840260105,0.00028613785035444284,-0.1673995704129247,0.2665345216656068,0.06413761255301458,0.4005840625406443
german,dominance_mean,1986,0.3916628387314698,50,0.044876108427309276,0.00028613785035444284,-0.1673995704129247,0.2665345216656068,0.06413761255301458,0.4008702003909988
german,dominance_mean,1987,0.411247903772509,98,0.06612158575925269,0.00028613785035444284,-0.1673995704129247,0.2665345216656068,0.06413761255301458,0.40115633824135327
german,dominance_mean,1988,0.3974861941018511,109,0.06215120248374197,0.00028613785035444284,-0.1673995704129247,0.2665345216656068,0.06413761255301458,0.40144247609170763
german,dominance_mean,1989,0.4003152662939436,136,0.06358942239536496,0.00028613785035444284,-0.1673995704129247,0.2665345216656068,0.06413761255301458,0.4017286139420621
german,dominance_mean,1990,0.4001063338321111,160,0.06549315281540212,0.00028613785035444284,-0.1673995704129247,0.2665345216656068,0.06413761255301458,0.4020147517924166
german,dominance_mean,1991,0.39178671626530426,139,0.05523022384858567,0.00028613785035444284,-0.1673995704129247,0.2665345216656068,0.06413761255301458,0.40230088964277105
german,dominance_mean,1992,0.4100100232114276,224,0.06902946240292608,0.00028613785035444284,-0.1673995704129247,0.2665345216656068,0.06413761255301458,0.4025870274931254
german,dominance_mean,1993,0.40170952731508563,341,0.06691107755525405,0.00028613785035444284,-0.1673995704129247,0.2665345216656068,0.06413761255301458,0.4028731653434799
german,dominance_mean,1994,0.41400995070674124,333,0.07709107652426052,0.00028613785035444284,-0.1673995704129247,0.2665345216656068,0.06413761255301458,0.40315930319383436
german,dominance_mean,1995,0.41231215929625425,220,0.07284182806418141,0.00028613785035444284,-0.1673995704129247,0.2665345216656068,0.06413761255301458,0.4034454410441887
german,dominance_mean,1996,0.40759577517767565,210,0.07207737634322663,0.00028613785035444284,-0.1673995704129247,0.2665345216656068,0.06413761255301458,0.4037315788945432
german,dominance_mean,1997,0.404925721783454,411,0.06612071014248071,0.00028613785035444284,-0.1673995704129247,0.2665345216656068,0.06413761255301458,0.40401771674489767
german,dominance_mean,1998,0.4061371079676351,463,0.06927042508770367,0.00028613785035444284,-0.1673995704129247,0.2665345216656068,0.06413761255301458,0.40430385459525214
german,dominance_mean,1999,0.40627256447656446,502,0.06839503573242933,0.00028613785035444284,-0.1673995704129247,0.2665345216656068,0.06413761255301458,0.4045899924456065
german,dominance_mean,2000,0.4145476298558363,403,0.06794865694678251,0.00028613785035444284,-0.1673995704129247,0.2665345216656068,0.06413761255301458,0.404876130295961
german,dominance_mean,2001,0.40656867466278285,624,0.06719697431139503,0.00028613785035444284,-0.1673995704129247,0.2665345216656068,0.06413761255301458,0.40516226814631545
german,dominance_mean,2002,0.4024640518678307,696,0.06791336488009768,0.00028613785035444284,-0.1673995704129247,0.2665345216656068,0.06413761255301458,0.4054484059966699
german,dominance_mean,2003,0.40375249521056245,1980,0.0622742483396423,0.00028613785035444284,-0.1673995704129247,0.2665345216656068,0.06413761255301458,0.4057345438470243
german,dominance_mean,2004,0.39965077356096346,1561,0.06323332374296088,0.00028613785035444284,-0.1673995704129247,0.2665345216656068,0.06413761255301458,0.40602068169737876
german,dominance_mean,2005,0.4012188598742292,2285,0.060152567234765954,0.00028613785035444284,-0.1673995704129247,0.2665345216656068,0.06413761255301458,0.40630681954773323
german,dominance_mean,2006,0.40258674284397905,2608,0.06388639390282312,0.00028613785035444284,-0.1673995704129247,0.2665345216656068,0.06413761255301458,0.4065929573980876
german,dominance_mean,2007,0.4033425769398244,2520,0.06452586310716128,0.00028613785035444284,-0.1673995704129247,0.2665345216656068,0.06413761255301458,0.40687909524844207
german,dominance_mean,2008,0.40251660192641836,3675,0.06196361543452925,0.00028613785035444284,-0.1673995704129247,0.2665345216656068,0.06413761255301458,0.40716523309879654
german,dominance_mean,2009,0.40439296128155566,2877,0.0668557607180721,0.00028613785035444284,-0.1673995704129247,0.2665345216656068,0.06413761255301458,0.407451370949151
german,dominance_mean,2010,0.40228564501566966,2220,0.06493221080459413,0.00028613785035444284,-0.1673995704129247,0.2665345216656068,0.06413761255301458,0.4077375087995054
german,dominance_mean,2011,0.40168523811737916,1968,0.06510321303904784,0.00028613785035444284,-0.1673995704129247,0.2665345216656068,0.06413761255301458,0.40802364664985985
german,dominance_mean,2012,0.4051053006143396,1053,0.062358724922548,0.00028613785035444284,-0.1673995704129247,0.2665345216656068,0.06413761255301458,0.4083097845002143
german,dominance_mean,2013,0.4089230784562934,1311,0.059810953120573995,0.00028613785035444284,-0.1673995704129247,0.2665345216656068,0.06413761255301458,0.4085959223505688
german,dominance_mean,2014,0.40612728411246646,1856,0.06458655389815407,0.00028613785035444284,-0.1673995704129247,0.2665345216656068,0.06413761255301458,0.40888206020092316
german,dominance_mean,2015,0.4034262744479068,1455,0.06154696293655334,0.00028613785035444284,-0.1673995704129247,0.2665345216656068,0.06413761255301458,0.40916819805127763
german,dominance_mean,2016,0.41120987746116516,904,0.07097863168459322,0.00028613785035444284,-0.1673995704129247,0.2665345216656068,0.06413761255301458,0.4094543359016321
german,dominance_mean,2017,0.42679935295331695,118,0.07954277333424474,0.00028613785035444284,-0.1673995704129247,0.2665345216656068,0.06413761255301458,0.40974047375198647
italian,valence_mean,1956,0.22816552111111102,3,0.016780171035496328,0.00020563004321689794,-0.1851425871684772,0.15254701020792144,0.285220283145079,0.21706977736377514
italian,valence_mean,1966,0.13887294,3,0.0,0.00020563004321689794,-0.1851425871684772,0.15254701020792144,0.285220283145079,0.21912607779594412
italian,valence_mean,1968,0.18060012613790968,7,0.08880738650377056,0.00020563004321689794,-0.1851425871684772,0.15254701020792144,0.285220283145079,0.21953733788237795
italian,valence_mean,1969,0.1952759018530303,11,0.0703393640170504,0.00020563004321689794,-0.1851425871684772,0.15254701020792144,0.285220283145079,0.21974296792559483
italian,valence_mean,1971,0.21267192811481478,15,0.058436126287852455,0.00020563004321689794,-0.1851425871684772,0.15254701020792144,0.285220283145079,0.2201542280120286
italian,valence_mean,1972,0.25007108997521005,10,0.049167731050112545,0.00020563004321689794,-0.1851425871684772,0.15254701020792144,0.285220283145079,0.22035985805524555
italian,valence_mean,1973,0.2361345973887326,18,0.08192028823906523,0.00020563004321689794,-0.1851425871684772,0.15254701020792144,0.285220283145079,0.22056548809846244
italian,valence_mean,1974,0.30088301941408463,18,0.10938380218043459,0.00020563004321689794,-0.1851425871684772,0.15254701020792144,0.285220283145079,0.22077111814167932
italian,valence_mean,1975,0.2242840368320346,22,0.04245773818166543,0.00020563004321689794,-0.1851425871684772,0.15254701020792144,0.285220283145079,0.2209767481848962
italian,valence_mean,1976,0.2280686614700598,44,0.08311404449602895,0.00020563004321689794,-0.1851425871684772,0.15254701020792144,0.285220283145079,0.2211823782281131
italian,valence_mean,1977,0.2038836544689892,32,0.05212506586926354,0.00020563004321689794,-0.1851425871684772,0.15254701020792144,0.285220283145079,0.22138800827133004
italian,valence_mean,1978,0.21513571677946333,5,0.04332045856881068,0.00020563004321689794,-0.1851425871684772,0.15254701020792144,0.285220283145079,0.22159363831454693
italian,valence_mean,1979,0.22204876714273888,32,0.07968781428567819,0.00020563004321689794,-0.1851425871684772,0.15254701020792144,0.285220283145079,0.2217992683577638
italian,valence_mean,1980,0.23811545906992154,31,0.06354026233245634,0.00020563004321689794,-0.1851425871684772,0.15254701020792144,0.285220283145079,0.2220048984009807
italian,valence_mean,1981,0.20512147946022288,28,0.061544491355475996,0.00020563004321689794,-0.1851425871684772,0.15254701020792144,0.285220283145079,0.22221052844419759
italian,valence_mean,1982,0.2174138797222222,4,0.0915497993434479,0.00020563004321689794,-0.1851425871684772,0.15254701020792144,0.285220283145079,0.22241615848741453
italian,valence_mean,1983,0.22520285982210095,48,0.09190283991574773,0.00020563004321689794,-0.1851425871684772,0.15254701020792144,0.285220283145079,0.22262178853063141
italian,valence_mean,1984,0.2468803873514971,103,0.06966585210795113,0.00020563004321689794,-0.1851425871684772,0.15254701020792144,0.285220283145079,0.2228274185738483
italian,valence_mean,1985,0.24941513363195852,63,0.07696738767298779,0.00020563004321689794,-0.1851425871684772,0.15254701020792144,0.285220283145079,0.2230330486170652
italian,valence_mean,1986,0.2336551263337147,31,0.08279530844443952,0.00020563004321689794,-0.1851425871684772,0.15254701020792144,0.285220283145079,0.22323867866028207
italian,valence_mean,1987,0.2320473501314074,192,0.06370388152536062,0.00020563004321689794,-0.1851425871684772,0.15254701020792144,0.285220283145079,0.22344430870349902
italian,valence_mean,1988,0.22428287795927174,214,0.06704376640818858,0.00020563004321689794,-0.1851425871684772,0.15254701020792144,0.285220283145079,0.2236499387467159
italian,valence_mean,1989,0.25305335776142107,195,0.08671890460545184,0.00020563004321689794,-0.1851425871684772,0.15254701020792144,0.285220283145079,0.2238555687899328
italian,valence_mean,1990,0.20468676287884788,307,0.06599681176785112,0.00020563004321689794,-0.1851425871684772,0.15254701020792144,0.285220283145079,0.22406119883314968
italian,valence_mean,1991,0.23860422829490968,174,0.08492484858004348,0.00020563004321689794,-0.1851425871684772,0.15254701020792144,0.285220283145079,0.22426682887636656
italian,valence_mean,1992,0.2109384225788108,222,0.07213074315136679,0.00020563004321689794,-0.1851425871684772,0.15254701020792144,0.285220283145079,0.2244724589195835
italian,valence_mean,1993,0.21553463176301055,163,0.06858574815310317,0.00020563004321689794,-0.1851425871684772,0.15254701020792144,0.285220283145079,0.2246780889628004
italian,valence_mean,1994,0.22039819681866205,292,0.081908906858076,0.00020563004321689794,-0.1851425871684772,0.15254701020792144,0.285220283145079,0.22488371900601728
italian,valence_mean,1995,0.22743341627079727,242,0.0848443809254797,0.00020563004321689794,-0.1851425871684772,0.15254701020792144,0.285220283145079,0.22508934904923417
italian,valence_mean,1996,0.22667983111993628,480,0.08338120248920429,0.00020563004321689794,-0.1851425871684772,0.15254701020792144,0.285220283145079,0.22529497909245105
italian,valence_mean,1997,0.23579121705298484,445,0.10288138222707742,0.00020563004321689794,-0.1851425871684772,0.15254701020792144,0.285220283145079,0.225500609135668
italian,valence_mean,1998,0.22890427986325074,648,0.07801727135331302,0.00020563004321689794,-0.1851425871684772,0.15254701020792144,0.285220283145079,0.22570623917888488
italian,valence_mean,1999,0.2206676104916315,643,0.07894990269094565,0.00020563004321689794,-0.1851425871684772,0.15254701020792144,0.285220283145079,0.22591186922210177
italian,valence_mean,2000,0.22889709263738747,732,0.08725254193364029,0.00020563004321689794,-0.1851425871684772,0.15254701020792144,0.285220283145079,0.22611749926531866
italian,valence_mean,2001,0.22154319703984243,968,0.07850179311339288,0.00020563004321689794,-0.1851425871684772,0.15254701020792144,0.285220283145079,0.22632312930853554
italian,valence_mean,2002,0.22643073452386198,836,0.08663810714102994,0.00020563004321689794,-0.1851425871684772,0.15254701020792144,0.285220283145079,0.22652875935175248
italian,valence_mean,2003,0.22055256582949495,1543,0.08009933727638498,0.00020563004321689794,-0.1851425871684772,0.15254701020792144,0.285220283145079,0.22673438939496937
italian,valence_mean,2004,0.21738876913439664,1575,0.07549391424981167,0.00020563004321689794,-0.1851425871684772,0.15254701020792144,0.285220283145079,0.22694001943818626
italian,valence_mean,2005,0.22058567797478842,1561,0.08203229213183474,0.00020563004321689794,-0.1851425871684772,0.15254701020792144,0.285220283145079,0.22714564948140314
italian,valence_mean,2006,0.2224702026009491,2879,0.08072392680531054,0.00020563004321689794,-0.1851425871684772,0.15254701020792144,0.285220283145079,0.2273512795246201
italian,valence_mean,2007,0.2203080445680974,2581,0.08546313542264701,0.00020563004321689794,-0.1851425871684772,0.15254701020792144,0.285220283145079,0.22755690956783697
italian,valence_mean,2008,0.22397314024122422,2667,0.08478402187693591,0.00020563004321689794,-0.1851425871684772,0.15254701020792144,0.285220283145079,0.22776253961105386
italian,valence_mean,2009,0.2277436159301704,2144,0.08182796037493255,0.00020563004321689794,-0.1851425871684772,0.15254701020792144,0.285220283145079,0.22796816965427075
italian,valence_mean,2010,0.23260209373412055,1892,0.08622511896803595,0.00020563004321689794,-0.1851425871684772,0.15254701020792144,0.285220283145079,0.22817379969748763
italian,valence_mean,2011,0.22872618536946726,2362,0.07791558537394055,0.00020563004321689794,-0.1851425871684772,0.15254701020792144,0.285220283145079,0.22837942974070458
italian,valence_mean,2012,0.23108572420416232,815,0.0855373017610115,0.00020563004321689794,-0.1851425871684772,0.15254701020792144,0.285220283145079,0.22858505978392146
italian,valence_mean,2013,0.2186127692444675,732,0.09183076689700474,0.00020563004321689794,-0.1851425871684772,0.15254701020792144,0.285220283145079,0.22879068982713835
italian,valence_mean,2014,0.22816003594186451,1379,0.07961273345541046,0.00020563004321689794,-0.1851425871684772,0.15254701020792144,0.285220283145079,0.22899631987035524
italian,valence_mean,2015,0.22643706979042846,951,0.08328671855094026,0.00020563004321689794,-0.1851425871684772,0.15254701020792144,0.285220283145079,0.22920194991357212
italian,valence_mean,2016,0.22187137137537744,609,0.0809043178113826,0.00020563004321689794,-0.1851425871684772,0.15254701020792144,0.285220283145079,0.22940757995678907
italian,valence_mean,2017,0.23670019504564652,53,0.08017992110000118,0.00020563004321689794,-0.1851425871684772,0.15254701020792144,0.285220283145079,0.22961321000000595
italian,arousal_mean,1956,0.07503851333333329,3,0.004961426981716854,0.0003706408573634764,-0.633359066544495,0.25792398192405114,0.06764927639884712,0.09161445045846484
italian,arousal_mean,1966,0.07429335,3,0.0,0.0003706408573634764,-0.633359066544495,0.25792398192405114,0.06764927639884712,0.09532085903209964
italian,arousal_mean,1968,0.15089046210265922,7,0.0669389798291004,0.0003706408573634764,-0.633359066544495,0.25792398192405114,0.06764927639884712,0.09606214074682662
italian,arousal_mean,1969,0.14084338848484845,11,0.09351496710513608,0.0003706408573634764,-0.633359066544495,0.25792398192405114,0.06764927639884712,0.09643278160419
italian,arousal_mean,1971,0.040880968407407396,15,0.048891698480042246,0.0003706408573634764,-0.633359066544495,0.25792398192405114,0.06764927639884712,0.09717406331891698
italian,arousal_mean,1972,0.0450886334453781,10,0.0884357354725872,0.0003706408573634764,-0.633359066544495,0.25792398192405114,0.06764927639884712,0.09754470417628047
italian,arousal_mean,1973,0.09340156056211239,18,0.0774778969739921,0.0003706408573634764,-0.633359066544495,0.25792398192405114,0.06764927639884712,0.09791534503364396
italian,arousal_mean,1974,0.09768263604075242,18,0.06318947753200915,0.0003706408573634764,-0.633359066544495,0.25792398192405114,0.06764927639884712,0.09828598589100745
italian,arousal_mean,1975,0.08741875930375174,22,0.06014497311932211,0.0003706408573634764,-0.633359066544495,0.25792398192405114,0.06764927639884712,0.09865662674837095
italian,arousal_mean,1976,0.10094170718583392,44,0.04675019721904878,0.0003706408573634764,-0.633359066544495,0.25792398192405114,0.06764927639884712,0.09902726760573444
italian,arousal_mean,1977,0.09148123168780593,32,0.041866762132711545,0.0003706408573634764,-0.633359066544495,0.25792398192405114,0.06764927639884712,0.09939790846309782
italian,arousal_mean,1978,0.0802628552291021,5,0.03435382092072665,0.0003706408573634764,-0.633359066544495,0.25792398192405114,0.06764927639884712,0.09976854932046131
italian,arousal_mean,1979,0.1002243506289702,32,0.054397038732250325,0.0003706408573634764,-0.633359066544495,0.25792398192405114,0.06764927639884712,0.1001391901778248
italian,arousal_mean,1980,0.09421496849778356,31,0.03614981707868309,0.0003706408573634764,-0.633359066544495,0.25792398192405114,0.06764927639884712,0.10050983103518829
italian,arousal_mean,1981,0.12454171820559208,28,0.06452184955084478,0.0003706408573634764,-0.633359066544495,0.25792398192405114,0.06764927639884712,0.10088047189255178
italian,arousal_mean,1982,0.19021645611111104,4,0.09856575398895373,0.0003706408573634764,-0.633359066544495,0.25792398192405114,0.06764927639884712,0.10125111274991527
italian,arousal_mean,1983,0.10269376279866484,48,0.05639555441360093,0.0003706408573634764,-0.633359066544495,0.25792398192405114,0.06764927639884712,0.10162175360727876
italian,arousal_mean,1984,0.0946673861891306,103,0.056585734419779356,0.0003706408573634764,-0.633359066544495,0.25792398192405114,0.06764927639884712,0.10199239446464214
italian,arousal_mean,1985,0.11331808802180278,63,0.060214934838357284,0.0003706408573634764,-0.633359066544495,0.25792398192405114,0.06764927639884712,0.10236303532200564
italian,arousal_mean,1986,0.12910849477938927,31,0.05490294468906254,0.0003706408573634764,-0.633359066544495,0.25792398192405114,0.06764927639884712,0.10273367617936913
italian,arousal_mean,1987,0.09819369612221347,192,0.059603249985082235,0.0003706408573634764,-0.633359066544495,0.25792398192405114,0.06764927639884712,0.10310431703673262
italian,arousal_mean,1988,0.09813434458196305,214,0.05646596922499671,0.0003706408573634764,-0.633359066544495,0.25792398192405114,0.06764927639884712,0.10347495789409611
italian,arousal_mean,1989,0.11200579914833526,195,0.06936330137697244,0.0003706408573634764,-0.633359066544495,0.25792398192405114,0.06764927639884712,0.1038455987514596
italian,arousal_mean,1990,0.10243313650490309,307,0.06328432184526796,0.0003706408573634764,-0.633359066544495,0.25792398192405114,0.06764927639884712,0.10421623960882309
italian,arousal_mean,1991,0.10596727125394623,174,0.06611562882046448,0.0003706408573634764,-0.633359066544495,0.25792398192405114,0.06764927639884712,0.10458688046618658
italian,arousal_mean,1992,0.09970912491861386,222,0.06451923002486247,0.0003706408573634764,-0.633359066544495,0.25792398192405114,0.06764927639884712,0.10495752132354996
italian,arousal_mean,1993,0.11428165624566068,163,0.06545579207066807,0.0003706408573634764,-0.633359066544495,0.25792398192405114,0.06764927639884712,0.10532816218091345
italian,arousal_mean,1994,0.09032227095299906,292,0.07418093958083756,0.0003706408573634764,-0.633359066544495,0.25792398192405114,0.06764927639884712,0.10569880303827695
italian,arousal_mean,1995,0.10857199013059861,242,0.07308847124254117,0.0003706408573634764,-0.633359066544495,0.25792398192405114,0.06764927639884712,0.10606944389564044
italian,arousal_mean,1996,0.10773105634932849,480,0.0721618580819046,0.0003706408573634764,-0.633359066544495,0.25792398192405114,0.06764927639884712,0.10644008475300393
italian,arousal_mean,1997,0.10821102635666753,445,0.0745702285308181,0.0003706408573634764,-0.633359066544495,0.25792398192405114,0.06764927639884712,0.10681072561036742
italian,arousal_mean,1998,0.10700342850828355,648,0.06868890727384881,0.0003706408573634764,-0.633359066544495,0.25792398192405114,0.06764927639884712,0.10718136646773091
italian,arousal_mean,1999,0.10261664422201475,643,0.06772001926966523,0.0003706408573634764,-0.633359066544495,0.25792398192405114,0.06764927639884712,0.1075520073250944
italian,arousal_mean,2000,0.10989165380223917,732,0.08058799452003641,0.0003706408573634764,-0.633359066544495,0.25792398192405114,0.06764927639884712,0.10792264818245778
italian,arousal_mean,2001,0.1027200618989521,968,0.0672484534886783,0.0003706408573634764,-0.633359066544495,0.25792398192405114,0.06764927639884712,0.10829328903982127
italian,arousal_mean,2002,0.10653272630630206,836,0.07419523847541432,0.0003706408573634764,-0.633359066544495,0.25792398192405114,0.06764927639884712,0.10866392989718476
italian,arousal_mean,2003,0.10458190066402023,1543,0.06876825853866955,0.0003706408573634764,-0.633359066544495,0.25792398192405114,0.06764927639884712,0.10903457075454825
italian,arousal_mean,2004,0.10770547019880229,1575,0.06704289305755293,0.0003706408573634764,-0.633359066544495,0.25792398192405114,0.06764927639884712,0.10940521161191175
italian,arousal_mean,2005,0.10950276669447245,1561,0.06911850239445108,0.0003706408573634764,-0.633359066544495,0.25792398192405114,0.06764927639884712,0.10977585246927524
italian,arousal_mean,2006,0.10629727197347136,2879,0.07098501437188268,0.0003706408573634764,-0.633359066544495,0.25792398192405114,0.06764927639884712,0.11014649332663873
italian,arousal_mean,2007,0.10485129791328031,2581,0.06826612918175494,0.0003706408573634764,-0.633359066544495,0.25792398192405114,0.06764927639884712,0.11051713418400211
italian,arousal_mean,2008,0.11311536475978916,2667,0.07676635406236554,0.0003706408573634764,-0.633359066544495,0.25792398192405114,0.06764927639884712,0.1108877750413656
italian,arousal_mean,2009,0.10569732553155588,2144,0.06399286520328652,0.0003706408573634764,-0.633359066544495,0.25792398192405114,0.06764927639884712,0.11125841589872909
italian,arousal_mean,2010,0.10578317022274646,1892,0.07275603402232136,0.0003706408573634764,-0.633359066544495,0.25792398192405114,0.06764927639884712,0.11162905675609258
italian,arousal_mean,2011,0.10410313330735035,2362,0.072838988702567,0.0003706408573634764,-0.633359066544495,0.25792398192405114,0.06764927639884712,0.11199969761345607
italian,arousal_mean,2012,0.10810087179083037,815,0.0787580707526417,0.0003706408573634764,-0.633359066544495,0.25792398192405114,0.06764927639884712,0.11237033847081956
italian,arousal_mean,2013,0.10637623768254227,732,0.07821609454726884,0.0003706408573634764,-0.633359066544495,0.25792398192405114,0.06764927639884712,0.11274097932818306
italian,arousal_mean,2014,0.11135714135812244,1379,0.07042137893107943,0.0003706408573634764,-0.633359066544495,0.25792398192405114,0.06764927639884712,0.11311162018554655
italian,arousal_mean,2015,0.10884949138558947,951,0.07233420020130563,0.0003706408573634764,-0.633359066544495,0.25792398192405114,0.06764927639884712,0.11348226104290993
italian,arousal_mean,2016,0.11216199910221147,609,0.06558061733793177,0.0003706408573634764,-0.633359066544495,0.25792398192405114,0.06764927639884712,0.11385290190027342
italian,arousal_mean,2017,0.13725535373736847,53,0.08502093096558375,0.0003706408573634764,-0.633359066544495,0.25792398192405114,0.06764927639884712,0.11422354275763691
italian,dominance_mean,1956,0.45981851851851846,3,0.005174609585479892,0.0005047064423207585,-0.5426377589207432,0.481250673307903,0.00035019846080655136,0.44456804225866053
italian,dominance_mean,1966,0.4159,3,0.0,0.0005047064423207585,-0.5426377589207432,0.481250673307903,0.00035019846080655136,0.4496151066818681
italian,dominance_mean,1968,0.43089092455163874,7,0.02450719310721682,0.0005047064423207585,-0.5426377589207432,0.481250673307903,0.00035019846080655136,0.4506245195665096
italian,dominance_mean,1969,0.4475712121212121,11,0.06338435624159654,0.0005047064423207585,-0.5426377589207432,0.481250673307903,0.00035019846080655136,0.4511292260088303
italian,dominance_mean,1971,0.415462962962963,15,0.08640958172695275,0.0005047064423207585,-0.5426377589207432,0.481250673307903,0.00035019846080655136,0.45213863889347183
italian,dominance_mean,1972,0.42582147058823533,10,0.0878346201233576,0.0005047064423207585,-0.5426377589207432,0.481250673307903,0.00035019846080655136,0.45264334533579265
italian,dominance_mean,1973,0.4584597608652596,18,0.08798150965946361,0.0005047064423207585,-0.5426377589207432,0.481250673307903,0.00035019846080655136,0.45314805177811335
italian,dominance_mean,1974,0.478530717353634,18,0.06443863296524825,0.0005047064423207585,-0.5426377589207432,0.481250673307903,0.00035019846080655136,0.45365275822043416
italian,dominance_mean,1975,0.4654112914862915,22,0.07561182866342907,0.0005047064423207585,-0.5426377589207432,0.481250673307903,0.00035019846080655136,0.454157464662755
italian,dominance_mean,1976,0.4552789303143933,44,0.05030287861518863,0.0005047064423207585,-0.5426377589207432,0.481250673307903,0.00035019846080655136,0.4546621711050757
italian,dominance_mean,1977,0.46737331974951213,32,0.05240083342305363,0.0005047064423207585,-0.5426377589207432,0.481250673307903,0.00035019846080655136,0.4551668775473965
italian,dominance_mean,1978,0.46277533539731674,5,0.026210370177077186,0.0005047064423207585,-0.5426377589207432,0.481250673307903,0.00035019846080655136,0.4556715839897172
italian,dominance_mean,1979,0.48307580257152266,32,0.08246378035499745,0.0005047064423207585,-0.5426377589207432,0.481250673307903,0.00035019846080655136,0.456176290432038
italian,dominance_mean,1980,0.4786317466267656,31,0.08622808519852268,0.0005047064423207585,-0.5426377589207432,0.481250673307903,0.00035019846080655136,0.4566809968743587
italian,dominance_mean,1981,0.4645082123494717,28,0.06339347347821159,0.0005047064423207585,-0.5426377589207432,0.481250673307903,0.00035019846080655136,0.4571857033166795
italian,dominance_mean,1982,0.4024756944444444,4,0.12390364592759662,0.0005047064423207585,-0.5426377589207432,0.481250673307903,0.00035019846080655136,0.4576904097590002
italian,dominance_mean,1983,0.46221403299811453,48,0.06848252113537688,0.0005047064423207585,-0.5426377589207432,0.481250673307903,0.00035019846080655136,0.4581951162013209
italian,dominance_mean,1984,0.4745274347212122,103,0.057846593881544055,0.0005047064423207585,-0.5426377589207432,0.481250673307903,0.00035019846080655136,0.45869982264364184
italian,dominance_mean,1985,0.4634638939637115,63,0.057972252037879236,0.0005047064423207585,-0.5426377589207432,0.481250673307903,0.00035019846080655136,0.45920452908596254
italian,dominance_mean,1986,0.46966107135801155,31,0.04114594517513226,0.0005047064423207585,-0.5426377589207432,0.481250673307903,0.00035019846080655136,0.45970923552828324
italian,dominance_mean,1987,0.4611734366717086,192,0.052324340937315736,0.0005047064423207585,-0.5426377589207432,0.481250673307903,0.00035019846080655136,0.46021394197060395
italian,dominance_mean,1988,0.4682257610822599,214,0.0663593373348428,0.0005047064423207585,-0.5426377589207432,0.481250673307903,0.00035019846080655136,0.46071864841292487
italian,dominance_mean,1989,0.4664706474090217,195,0.0603145049194498,0.0005047064423207585,-0.5426377589207432,0.481250673307903,0.00035019846080655136,0.46122335485524557
italian,dominance_mean,1990,0.46879057284202547,307,0.05361599540100397,0.0005047064423207585,-0.5426377589207432,0.481250673307903,0.00035019846080655136,0.4617280612975663
italian,dominance_mean,1991,0.4643381244709672,174,0.061457450056751045,0.0005047064423207585,-0.5426377589207432,0.481250673307903,0.00035019846080655136,0.462232767739887
italian,dominance_mean,1992,0.4644771409959872,222,0.07042409698983179,0.0005047064423207585,-0.5426377589207432,0.481250673307903,0.00035019846080655136,0.4627374741822079
italian,dominance_mean,1993,0.46888306391016527,163,0.06532350288969181,0.0005047064423207585,-0.5426377589207432,0.481250673307903,0.00035019846080655136,0.4632421806245286
italian,dominance_mean,1994,0.46413957343275414,292,0.06748636701793749,0.0005047064423207585,-0.5426377589207432,0.481250673307903,0.00035019846080655136,0.4637468870668493
italian,dominance_mean,1995,0.47662651971924286,242,0.07598349136989467,0.0005047064423207585,-0.5426377589207432,0.481250673307903,0.00035019846080655136,0.46425159350917
italian,dominance_mean,1996,0.4660603030121934,480,0.06833969739719738,0.0005047064423207585,-0.5426377589207432,0.481250673307903,0.00035019846080655136,0.4647562999514909
italian,dominance_mean,1997,0.46958868259073683,445,0.07275471593568326,0.0005047064423207585,-0.5426377589207432,0.481250673307903,0.00035019846080655136,0.4652610063938116
italian,dominance_mean,1998,0.4666761257341478,648,0.06449856326352629,0.0005047064423207585,-0.5426377589207432,0.481250673307903,0.00035019846080655136,0.46576571283613233
italian,dominance_mean,1999,0.4681603970049981,643,0.06646347488642577,0.0005047064423207585,-0.5426377589207432,0.481250673307903,0.00035019846080655136,0.46627041927845303
italian,dominance_mean,2000,0.4643966676877689,732,0.07281818755235829,0.0005047064423207585,-0.5426377589207432,0.481250673307903,0.00035019846080655136,0.46677512572077395
italian,dominance_mean,2001,0.46221074413020313,968,0.06443307854771338,0.0005047064423207585,-0.5426377589207432,0.481250673307903,0.00035019846080655136,0.46727983216309465
italian,dominance_mean,2002,0.46898438186669084,836,0.06259655160340036,0.0005047064423207585,-0.5426377589207432,0.481250673307903,0.00035019846080655136,0.46778453860541536
italian,dominance_mean,2003,0.46391998148402974,1543,0.06835564798674064,0.0005047064423207585,-0.5426377589207432,0.481250673307903,0.00035019846080655136,0.46828924504773606
italian,dominance_mean,2004,0.46682368831232474,1575,0.06278007203817577,0.0005047064423207585,-0.5426377589207432,0.481250673307903,0.00035019846080655136,0.468793951490057
italian,dominance_mean,2005,0.47206704575131775,1561,0.07067749106489105,0.0005047064423207585,-0.5426377589207432,0.481250673307903,0.00035019846080655136,0.4692986579323777
italian,dominance_mean,2006,0.4690280573140048,2879,0.06843756993825385,0.0005047064423207585,-0.5426377589207432,0.481250673307903,0.00035019846080655136,0.4698033643746984
italian,dominance_mean,2007,0.46901668851855105,2581,0.06765707686239508,0.0005047064423207585,-0.5426377589207432,0.481250673307903,0.00035019846080655136,0.4703080708170191
italian,dominance_mean,2008,0.47008545860443296,2667,0.06625228785682588,0.0005047064423207585,-0.5426377589207432,0.481250673307903,0.00035019846080655136,0.47081277725934
italian,dominance_mean,2009,0.47057294551063833,2144,0.06820191097020077,0.0005047064423207585,-0.5426377589207432,0.481250673307903,0.00035019846080655136,0.4713174837016607
italian,dominance_mean,2010,0.47181675578191773,1892,0.06933731039562416,0.0005047064423207585,-0.5426377589207432,0.481250673307903,0.00035019846080655136,0.4718221901439814
italian,dominance_mean,2011,0.47056987947302614,2362,0.06649822784718752,0.0005047064423207585,-0.5426377589207432,0.481250673307903,0.00035019846080655136,0.4723268965863021
italian,dominance_mean,2012,0.46709142317662283,815,0.06257713257110459,0.0005047064423207585,-0.5426377589207432,0.481250673307903,0.00035019846080655136,0.47283160302862304
italian,dominance_mean,2013,0.46646084537245613,732,0.0730159768821933,0.0005047064423207585,-0.5426377589207432,0.481250673307903,0.00035019846080655136,0.47333630947094374
italian,dominance_mean,2014,0.4717036957428541,1379,0.0661260672434343,0.0005047064423207585,-0.5426377589207432,0.481250673307903,0.00035019846080655136,0.47384101591326444
italian,dominance_mean,2015,0.4689364632948273,951,0.06810427046366113,0.0005047064423207585,-0.5426377589207432,0.481250673307903,0.00035019846080655136,0.47434572235558536
italian,dominance_mean,2016,0.4707146628854879,609,0.0632847166263621,0.0005047064423207585,-0.5426377589207432,0.481250673307903,0.00035019846080655136,0.47485042879790607
italian,dominance_mean,2017,0.47217851993219917,53,0.07440152369899332,0.0005047064423207585,-0.5426377589207432,0.481250673307903,0.00035019846080655136,0.47535513524022677
portuguese,valence_mean,1955,0.3544316838869047,4,0.0514709489395366,-0.0005420626212464558,1.3526781465015099,-0.34202417820468434,0.013073353001750835,0.2929457219646887
portuguese,valence_mean,1964,0.3067687893843154,19,0.11830138343255125,-0.0005420626212464558,1.3526781465015099,-0.34202417820468434,0.013073353001750835,0.28806715837347063
portuguese,valence_mean,1966,0.3283970920202821,9,0.07345564457156205,-0.0005420626212464558,1.3526781465015099,-0.34202417820468434,0.013073353001750835,0.2869830331309777
portuguese,valence_mean,1967,0.2828853926331831,25,0.05494106085463952,-0.0005420626212464558,1.3526781465015099,-0.34202417820468434,0.013073353001750835,0.2864409705097313
portuguese,valence_mean,1968,0.2738288122640441,26,0.08634327791749698,-0.0005420626212464558,1.3526781465015099,-0.34202417820468434,0.013073353001750835,0.2858989078884848
portuguese,valence_mean,1970,0.2736559047417202,17,0.08450988160114933,-0.0005420626212464558,1.3526781465015099,-0.34202417820468434,0.013073353001750835,0.2848147826459919
portuguese,valence_mean,1971,0.24237701987272725,10,0.0763970829097776,-0.0005420626212464558,1.3526781465015099,-0.34202417820468434,0.013073353001750835,0.28427272002474546
portuguese,valence_mean,1972,0.28776346374806655,27,0.06794898604575672,-0.0005420626212464558,1.3526781465015099,-0.34202417820468434,0.013073353001750835,0.283730657403499
portuguese,valence_mean,1973,0.28789962384607837,8,0.07249450353107578,-0.0005420626212464558,1.3526781465015099,-0.34202417820468434,0.013073353001750835,0.28318859478225256
portuguese,valence_mean,1975,0.28717782372178813,38,0.10462481473956634,-0.0005420626212464558,1.3526781465015099,-0.34202417820468434,0.013073353001750835,0.28210446953975965
portuguese,valence_mean,1976,0.2758573111766667,15,0.0940400316484133,-0.0005420626212464558,1.3526781465015099,-0.34202417820468434,0.013073353001750835,0.2815624069185132
portuguese,valence_mean,1977,0.25333879604100523,18,0.05685235224060192,-0.0005420626212464558,1.3526781465015099,-0.34202417820468434,0.013073353001750835,0.28102034429726674
portuguese,valence_mean,1978,0.2751552173871729,67,0.0684155694391675,-0.0005420626212464558,1.3526781465015099,-0.34202417820468434,0.013073353001750835,0.2804782816760203
portuguese,valence_mean,1979,0.3778337002969124,11,0.08094226508964243,-0.0005420626212464558,1.3526781465015099,-0.34202417820468434,0.013073353001750835,0.27993621905477384
portuguese,valence_mean,1980,0.2433388438400815,17,0.0425016201599092,-0.0005420626212464558,1.3526781465015099,-0.34202417820468434,0.013073353001750835,0.2793941564335274
portuguese,valence_mean,1981,0.2669335920277778,6,0.06387129325793584,-0.0005420626212464558,1.3526781465015099,-0.34202417820468434,0.013073353001750835,0.27885209381228093
portuguese,valence_mean,1982,0.23612566665854448,9,0.07677983747539865,-0.0005420626212464558,1.3526781465015099,-0.34202417820468434,0.013073353001750835,0.2783100311910345
portuguese,valence_mean,1983,0.28034646009189707,84,0.10311387646450104,-0.0005420626212464558,1.3526781465015099,-0.34202417820468434,0.013073353001750835,0.277767968569788
portuguese,valence_mean,1984,0.2590332452931834,81,0.1041442865995826,-0.0005420626212464558,1.3526781465015099,-0.34202417820468434,0.013073353001750835,0.2772259059485416
portuguese,valence_mean,1985,0.2680062646932471,38,0.0688328037261921,-0.0005420626212464558,1.3526781465015099,-0.34202417820468434,0.013073353001750835,0.2766838433272951
portuguese,valence_mean,1986,0.22850345731095872,52,0.07757920358316554,-0.0005420626212464558,1.3526781465015099,-0.34202417820468434,0.013073353001750835,0.27614178070604867
portuguese,valence_mean,1987,0.2976365329067191,26,0.10747301329411221,-0.0005420626212464558,1.3526781465015099,-0.34202417820468434,0.013073353001750835,0.2755997180848022
portuguese,valence_mean,1988,0.25626503405181117,49,0.07728704107286731,-0.0005420626212464558,1.3526781465015099,-0.34202417820468434,0.013073353001750835,0.27505765546355576
portuguese,valence_mean,1989,0.2733359686946032,66,0.09858638604799926,-0.0005420626212464558,1.3526781465015099,-0.34202417820468434,0.013073353001750835,0.2745155928423093
portuguese,valence_mean,1990,0.2528978302681091,124,0.07869151804302298,-0.0005420626212464558,1.3526781465015099,-0.34202417820468434,0.013073353001750835,0.27397353022106286
portuguese,valence_mean,1991,0.2332384078880201,49,0.07694979851406784,-0.0005420626212464558,1.3526781465015099,-0.34202417820468434,0.013073353001750835,0.2734314675998164
portuguese,valence_mean,1992,0.2703925473707423,137,0.08330193641139684,-0.0005420626212464558,1.3526781465015099,-0.34202417820468434,0.013073353001750835,0.27288940497856995
portuguese,valence_mean,1993,0.2856573706814273,93,0.10530962040329736,-0.0005420626212464558,1.3526781465015099,-0.34202417820468434,0.013073353001750835,0.2723473423573235
portuguese,valence_mean,1994,0.26431785282557535,523,0.0785370060983575,-0.0005420626212464558,1.3526781465015099,-0.34202417820468434,0.013073353001750835,0.27180527973607704
portuguese,valence_mean,1995,0.26350631717028267,306,0.09015063730416285,-0.0005420626212464558,1.3526781465015099,-0.34202417820468434,0.013073353001750835,0.2712632171148306
portuguese,valence_mean,1996,0.26631184577165157,362,0.0778228367704894,-0.0005420626212464558,1.3526781465015099,-0.34202417820468434,0.013073353001750835,0.27072115449358414
portuguese,valence_mean,1997,0.27667410077273735,287,0.09065320550218728,-0.0005420626212464558,1.3526781465015099,-0.34202417820468434,0.013073353001750835,0.2701790918723377
portuguese,valence_mean,1998,0.2751477782860021,469,0.08979036212300473,-0.0005420626212464558,1.3526781465015099,-0.34202417820468434,0.013073353001750835,0.26963702925109123
portuguese,valence_mean,1999,0.2622098387014954,396,0.08158983931070282,-0.0005420626212464558,1.3526781465015099,-0.34202417820468434,0.013073353001750835,0.2690949666298448
portuguese,valence_mean,2000,0.2668850351260755,383,0.08430471997661984,-0.0005420626212464558,1.3526781465015099,-0.34202417820468434,0.013073353001750835,0.2685529040085983
portuguese,valence_mean,2001,0.2604999004609493,543,0.08690276860969366,-0.0005420626212464558,1.3526781465015099,-0.34202417820468434,0.013073353001750835,0.2680108413873519
portuguese,valence_mean,2002,0.2668204458267855,521,0.07949860833551646,-0.0005420626212464558,1.3526781465015099,-0.34202417820468434,0.013073353001750835,0.2674687787661054
portuguese,valence_mean,2003,0.26843434055254944,986,0.080880148888115,-0.0005420626212464558,1.3526781465015099,-0.34202417820468434,0.013073353001750835,0.26692671614485897
portuguese,valence_mean,2004,0.27020266327473563,675,0.08555644563228021,-0.0005420626212464558,1.3526781465015099,-0.34202417820468434,0.013073353001750835,0.2663846535236125
portuguese,valence_mean,2005,0.27050955287263584,1283,0.08708993404688396,-0.0005420626212464558,1.3526781465015099,-0.34202417820468434,0.013073353001750835,0.26584259090236606
portuguese,valence_mean,2006,0.2776374209548346,3516,0.08856004376743763,-0.0005420626212464558,1.3526781465015099,-0.34202417820468434,0.013073353001750835,0.2653005282811196
portuguese,valence_mean,2007,0.2732256396319439,1428,0.08545511529907458,-0.0005420626212464558,1.3526781465015099,-0.34202417820468434,0.013073353001750835,0.26475846565987315
portuguese,valence_mean,2008,0.2750035903084733,1162,0.09337294938715651,-0.0005420626212464558,1.3526781465015099,-0.34202417820468434,0.013073353001750835,0.2642164030386267
portuguese,valence_mean,2009,0.2783788471954322,1246,0.08791266965935418,-0.0005420626212464558,1.3526781465015099,-0.34202417820468434,0.013073353001750835,0.26367434041738
portuguese,valence_mean,2010,0.27648837385982833,1936,0.08669148939347623,-0.0005420626212464558,1.3526781465015099,-0.34202417820468434,0.013073353001750835,0.2631322777961336
portuguese,valence_mean,2011,0.26696955653962817,1086,0.08492507703769148,-0.0005420626212464558,1.3526781465015099,-0.34202417820468434,0.013073353001750835,0.2625902151748871
portuguese,valence_mean,2012,0.27191518650403396,1445,0.08441453984549009,-0.0005420626212464558,1.3526781465015099,-0.34202417820468434,0.013073353001750835,0.26204815255364067
portuguese,valence_mean,2013,0.26428333294887124,1173,0.07963779181723729,-0.0005420626212464558,1.3526781465015099,-0.34202417820468434,0.013073353001750835,0.2615060899323942
portuguese,valence_mean,2014,0.27234182203205737,1154,0.08566388092693604,-0.0005420626212464558,1.3526781465015099,-0.34202417820468434,0.013073353001750835,0.26096402731114776
portuguese,valence_mean,2015,0.2668297790168413,1370,0.08556424286884427,-0.0005420626212464558,1.3526781465015099,-0.34202417820468434,0.013073353001750835,0.2604219646899013
portuguese,valence_mean,2016,0.26686901164051813,1045,0.08822382253907135,-0.0005420626212464558,1.3526781465015099,-0.34202417820468434,0.013073353001750835,0.25987990206865486
portuguese,valence_mean,2017,0.25680810487602906,128,0.0681776543873469,-0.0005420626212464558,1.3526781465015099,-0.34202417820468434,0.013073353001750835,0.2593378394474084
portuguese,arousal_mean,1955,0.15856860863095237,4,0.048925025126215285,-0.00035687123473669436,0.8125662455559175,-0.31630028198069116,0.02234656957336144,0.11488298164568
portuguese,arousal_mean,1964,0.14180442874097005,19,0.08041580479376961,-0.00035687123473669436,0.8125662455559175,-0.31630028198069116,0.02234656957336144,0.11167114053304972
portuguese,arousal_mean,1966,0.14565773948853614,9,0.06361494190713299,-0.00035687123473669436,0.8125662455559175,-0.31630028198069116,0.02234656957336144,0.1109573980635764
portuguese,arousal_mean,1967,0.10677454549600456,25,0.03292431159925598,-0.00035687123473669436,0.8125662455559175,-0.31630028198069116,0.02234656957336144,0.1106005268288397
portuguese,arousal_mean,1968,0.09432219466896223,26,0.06587223482158881,-0.00035687123473669436,0.8125662455559175,-0.31630028198069116,0.02234656957336144,0.11024365559410298
portuguese,arousal_mean,1970,0.08960758891514248,17,0.05717575995641788,-0.00035687123473669436,0.8125662455559175,-0.31630028198069116,0.02234656957336144,0.10952991312462956
portuguese,arousal_mean,1971,0.09847369631818184,10,0.09400342657627597,-0.00035687123473669436,0.8125662455559175,-0.31630028198069116,0.02234656957336144,0.10917304188989296
portuguese,arousal_mean,1972,0.09849119991805698,27,0.056422602502406626,-0.00035687123473669436,0.8125662455559175,-0.31630028198069116,0.02234656957336144,0.10881617065515625
portuguese,arousal_mean,1973,0.11949859909722219,8,0.11968145675400674,-0.00035687123473669436,0.8125662455559175,-0.31630028198069116,0.02234656957336144,0.10845929942041954
portuguese,arousal_mean,1975,0.12388819689141575,38,0.06710458403790685,-0.00035687123473669436,0.8125662455559175,-0.31630028198069116,0.02234656957336144,0.10774555695094612
portuguese,arousal_mean,1976,0.06560091889999997,15,0.06633380428657842,-0.00035687123473669436,0.8125662455559175,-0.31630028198069116,0.02234656957336144,0.10738868571620941
portuguese,arousal_mean,1977,0.09455381544973543,18,0.0568832962637853,-0.00035687123473669436,0.8125662455559175,-0.31630028198069116,0.02234656957336144,0.1070318144814727
portuguese,arousal_mean,1978,0.07743028428197461,67,0.05493674779562607,-0.00035687123473669436,0.8125662455559175,-0.31630028198069116,0.02234656957336144,0.1066749432467361
portuguese,arousal_mean,1979,0.13341562587513256,11,0.06472857948779707,-0.00035687123473669436,0.8125662455559175,-0.31630028198069116,0.02234656957336144,0.10631807201199939
portuguese,arousal_mean,1980,0.07824610826033442,17,0.05161182367108805,-0.00035687123473669436,0.8125662455559175,-0.31630028198069116,0.02234656957336144,0.10596120077726268
portuguese,arousal_mean,1981,0.06566010315656562,6,0.07132062535580788,-0.00035687123473669436,0.8125662455559175,-0.31630028198069116,0.02234656957336144,0.10560432954252597
portuguese,arousal_mean,1982,0.09378592078297593,9,0.0450072512039487,-0.00035687123473669436,0.8125662455559175,-0.31630028198069116,0.02234656957336144,0.10524745830778925
portuguese,arousal_mean,1983,0.1014962082804711,84,0.07493736822409607,-0.00035687123473669436,0.8125662455559175,-0.31630028198069116,0.02234656957336144,0.10489058707305254
portuguese,arousal_mean,1984,0.10132156700082705,81,0.0698582191499834,-0.00035687123473669436,0.8125662455559175,-0.31630028198069116,0.02234656957336144,0.10453371583831583
portuguese,arousal_mean,1985,0.09954167970054717,38,0.05796400892881091,-0.00035687123473669436,0.8125662455559175,-0.31630028198069116,0.02234656957336144,0.10417684460357923
portuguese,arousal_mean,1986,0.11401313927162028,52,0.08550671187769714,-0.00035687123473669436,0.8125662455559175,-0.31630028198069116,0.02234656957336144,0.10381997336884252
portuguese,arousal_mean,1987,0.1357908194309775,26,0.08515635957828156,-0.00035687123473669436,0.8125662455559175,-0.31630028198069116,0.02234656957336144,0.10346310213410581
portuguese,arousal_mean,1988,0.0927396545707235,49,0.049920213532320776,-0.00035687123473669436,0.8125662455559175,-0.31630028198069116,0.02234656957336144,0.1031062308993691
portuguese,arousal_mean,1989,0.11642617089701672,66,0.08068496973948114,-0.00035687123473669436,0.8125662455559175,-0.31630028198069116,0.02234656957336144,0.10274935966463239
portuguese,arousal_mean,1990,0.09422347634805218,124,0.057728424410300856,-0.00035687123473669436,0.8125662455559175,-0.31630028198069116,0.02234656957336144,0.10239248842989568
portuguese,arousal_mean,1991,0.0774661044725682,49,0.0580144963324552,-0.00035687123473669436,0.8125662455559175,-0.31630028198069116,0.02234656957336144,0.10203561719515908
portuguese,arousal_mean,1992,0.09521862945212219,137,0.0619504071693079,-0.00035687123473669436,0.8125662455559175,-0.31630028198069116,0.02234656957336144,0.10167874596042237
portuguese,arousal_mean,1993,0.12513339686511016,93,0.07285298042245128,-0.00035687123473669436,0.8125662455559175,-0.31630028198069116,0.02234656957336144,0.10132187472568566
portuguese,arousal_mean,1994,0.08894893902459043,523,0.05515209330413974,-0.00035687123473669436,0.8125662455559175,-0.31630028198069116,0.02234656957336144,0.10096500349094895
portuguese,arousal_mean,1995,0.10114143534299906,306,0.06510168757870094,-0.00035687123473669436,0.8125662455559175,-0.31630028198069116,0.02234656957336144,0.10060813225621223
portuguese,arousal_mean,1996,0.09590145075194456,362,0.06344234174135778,-0.00035687123473669436,0.8125662455559175,-0.31630028198069116,0.02234656957336144,0.10025126102147552
portuguese,arousal_mean,1997,0.1069046576628319,287,0.07880801411630567,-0.00035687123473669436,0.8125662455559175,-0.31630028198069116,0.02234656957336144,0.09989438978673881
portuguese,arousal_mean,1998,0.1106067145122337,469,0.07778347810684633,-0.00035687123473669436,0.8125662455559175,-0.31630028198069116,0.02234656957336144,0.09953751855200221
portuguese,arousal_mean,1999,0.09719328448424742,396,0.06695699165245277,-0.00035687123473669436,0.8125662455559175,-0.31630028198069116,0.02234656957336144,0.0991806473172655
portuguese,arousal_mean,2000,0.10316827773899805,383,0.06405954348142014,-0.00035687123473669436,0.8125662455559175,-0.31630028198069116,0.02234656957336144,0.09882377608252879
portuguese,arousal_mean,2001,0.0947180198768398,543,0.06605122202993526,-0.00035687123473669436,0.8125662455559175,-0.31630028198069116,0.02234656957336144,0.09846690484779208
portuguese,arousal_mean,2002,0.09764358724179065,521,0.062360175062957816,-0.00035687123473669436,0.8125662455559175,-0.31630028198069116,0.02234656957336144,0.09811003361305537
portuguese,arousal_mean,2003,0.09691165769312822,986,0.0664464703079594,-0.00035687123473669436,0.8125662455559175,-0.31630028198069116,0.02234656957336144,0.09775316237831866
portuguese,arousal_mean,2004,0.09579634001960988,675,0.061831058339200336,-0.00035687123473669436,0.8125662455559175,-0.31630028198069116,0.02234656957336144,0.09739629114358195
portuguese,arousal_mean,2005,0.10276729638092193,1283,0.06368002575842828,-0.00035687123473669436,0.8125662455559175,-0.31630028198069116,0.02234656957336144,0.09703941990884535
portuguese,arousal_mean,2006,0.10162184901877842,3516,0.07013854338361732,-0.00035687123473669436,0.8125662455559175,-0.31630028198069116,0.02234656957336144,0.09668254867410864
portuguese,arousal_mean,2007,0.09894620995151251,1428,0.06890757154466078,-0.00035687123473669436,0.8125662455559175,-0.31630028198069116,0.02234656957336144,0.09632567743937193
portuguese,arousal_mean,2008,0.10324174942214444,1162,0.06907300291776436,-0.00035687123473669436,0.8125662455559175,-0.31630028198069116,0.02234656957336144,0.09596880620463522
portuguese,arousal_mean,2009,0.10516990417889768,1246,0.07068433978083588,-0.00035687123473669436,0.8125662455559175,-0.31630028198069116,0.02234656957336144,0.0956119349698985
portuguese,arousal_mean,2010,0.10118643590369168,1936,0.06727534421608274,-0.00035687123473669436,0.8125662455559175,-0.31630028198069116,0.02234656957336144,0.0952550637351618
portuguese,arousal_mean,2011,0.09052969701597269,1086,0.06496658911407996,-0.00035687123473669436,0.8125662455559175,-0.31630028198069116,0.02234656957336144,0.09489819250042508
portuguese,arousal_mean,2012,0.09662186954577237,1445,0.06361906115988507,-0.00035687123473669436,0.8125662455559175,-0.31630028198069116,0.02234656957336144,0.09454132126568848
portuguese,arousal_mean,2013,0.09208492250429415,1173,0.06264247513120112,-0.00035687123473669436,0.8125662455559175,-0.31630028198069116,0.02234656957336144,0.09418445003095177
portuguese,arousal_mean,2014,0.09370888870836117,1154,0.06485767133263268,-0.00035687123473669436,0.8125662455559175,-0.31630028198069116,0.02234656957336144,0.09382757879621506
portuguese,arousal_mean,2015,0.09974592294585746,1370,0.06833325483614779,-0.00035687123473669436,0.8125662455559175,-0.31630028198069116,0.02234656957336144,0.09347070756147835
portuguese,arousal_mean,2016,0.10378458905250998,1045,0.07746046042241761,-0.00035687123473669436,0.8125662455559175,-0.31630028198069116,0.02234656957336144,0.09311383632674164
portuguese,arousal_mean,2017,0.08764423153867155,128,0.053604918287623156,-0.00035687123473669436,0.8125662455559175,-0.31630028198069116,0.02234656957336144,0.09275696509200493
portuguese,dominance_mean,1955,0.5526190476190476,4,0.05889097245276524,-0.0003702140389568469,1.2117663205984308,-0.28456768400544447,0.04088946823587802,0.4879978744377951
portuguese,dominance_mean,1964,0.4748178190574476,19,0.064508012656268,-0.0003702140389568469,1.2117663205984308,-0.28456768400544447,0.04088946823587802,0.48466594808718344
portuguese,dominance_mean,1966,0.48228593474426806,9,0.038812019894447713,-0.0003702140389568469,1.2117663205984308,-0.28456768400544447,0.04088946823587802,0.4839255200092698
portuguese,dominance_mean,1967,0.4975188944739471,25,0.06009640177266064,-0.0003702140389568469,1.2117663205984308,-0.28456768400544447,0.04088946823587802,0.48355530597031293
portuguese,dominance_mean,1968,0.45205962709048114,26,0.10449262525655746,-0.0003702140389568469,1.2117663205984308,-0.28456768400544447,0.04088946823587802,0.48318509193135606
portuguese,dominance_mean,1970,0.43899677047289504,17,0.07746625358339902,-0.0003702140389568469,1.2117663205984308,-0.28456768400544447,0.04088946823587802,0.4824446638534424
portuguese,dominance_mean,1971,0.5126954545454545,10,0.2730300457823427,-0.0003702140389568469,1.2117663205984308,-0.28456768400544447,0.04088946823587802,0.48207444981448555
portuguese,dominance_mean,1972,0.49105523425980946,27,0.06551094043988119,-0.0003702140389568469,1.2117663205984308,-0.28456768400544447,0.04088946823587802,0.4817042357755287
portuguese,dominance_mean,1973,0.4538100490196078,8,0.08269715212151608,-0.0003702140389568469,1.2117663205984308,-0.28456768400544447,0.04088946823587802,0.4813340217365718
portuguese,dominance_mean,1975,0.4944056686099306,38,0.08522295079489862,-0.0003702140389568469,1.2117663205984308,-0.28456768400544447,0.04088946823587802,0.48059359365865817
portuguese,dominance_mean,1976,0.47912444444444446,15,0.1427295580485722,-0.0003702140389568469,1.2117663205984308,-0.28456768400544447,0.04088946823587802,0.4802233796197013
portuguese,dominance_mean,1977,0.5041930555555555,18,0.0851381231786463,-0.0003702140389568469,1.2117663205984308,-0.28456768400544447,0.04088946823587802,0.4798531655807444
portuguese,dominance_mean,1978,0.48306041903175356,67,0.08767063765136567,-0.0003702140389568469,1.2117663205984308,-0.28456768400544447,0.04088946823587802,0.47948295154178755
portuguese,dominance_mean,1979,0.5296710930596235,11,0.09756590742416409,-0.0003702140389568469,1.2117663205984308,-0.28456768400544447,0.04088946823587802,0.4791127375028308
portuguese,dominance_mean,1980,0.4434794117647059,17,0.06796946018898749,-0.0003702140389568469,1.2117663205984308,-0.28456768400544447,0.04088946823587802,0.4787425234638739
portuguese,dominance_mean,1981,0.4873934343434343,6,0.042561915162307326,-0.0003702140389568469,1.2117663205984308,-0.28456768400544447,0.04088946823587802,0.47837230942491704
portuguese,dominance_mean,1982,0.4344730831708902,9,0.09392190937411986,-0.0003702140389568469,1.2117663205984308,-0.28456768400544447,0.04088946823587802,0.47800209538596017
portuguese,dominance_mean,1983,0.4716047502936684,84,0.07224966261267048,-0.0003702140389568469,1.2117663205984308,-0.28456768400544447,0.04088946823587802,0.4776318813470034
portuguese,dominance_mean,1984,0.45872062841298133,81,0.10183450831609055,-0.0003702140389568469,1.2117663205984308,-0.28456768400544447,0.04088946823587802,0.47726166730804653
portuguese,dominance_mean,1985,0.47466726250434693,38,0.07774367322242584,-0.0003702140389568469,1.2117663205984308,-0.28456768400544447,0.04088946823587802,0.47689145326908966
portuguese,dominance_mean,1986,0.4904401711575979,52,0.08864719712349592,-0.0003702140389568469,1.2117663205984308,-0.28456768400544447,0.04088946823587802,0.4765212392301328
portuguese,dominance_mean,1987,0.4468623536594125,26,0.09607884043894054,-0.0003702140389568469,1.2117663205984308,-0.28456768400544447,0.04088946823587802,0.476151025191176
portuguese,dominance_mean,1988,0.4747587377808266,49,0.07799152894172139,-0.0003702140389568469,1.2117663205984308,-0.28456768400544447,0.04088946823587802,0.47578081115221915
portuguese,dominance_mean,1989,0.4657354146785596,66,0.07812413269397954,-0.0003702140389568469,1.2117663205984308,-0.28456768400544447,0.04088946823587802,0.4754105971132623
portuguese,dominance_mean,1990,0.46748158616402463,124,0.09376524822333838,-0.0003702140389568469,1.2117663205984308,-0.28456768400544447,0.04088946823587802,0.4750403830743054
portuguese,dominance_mean,1991,0.43391643917307177,49,0.09852052953531179,-0.0003702140389568469,1.2117663205984308,-0.28456768400544447,0.04088946823587802,0.47467016903534864
portuguese,dominance_mean,1992,0.46185050413900774,137,0.09724481178737276,-0.0003702140389568469,1.2117663205984308,-0.28456768400544447,0.04088946823587802,0.47429995499639177
portuguese,dominance_mean,1993,0.49151122885953574,93,0.08694801052750983,-0.0003702140389568469,1.2117663205984308,-0.28456768400544447,0.04088946823587802,0.4739297409574349
portuguese,dominance_mean,1994,0.46980334609079666,523,0.08647861344963602,-0.0003702140389568469,1.2117663205984308,-0.28456768400544447,0.04088946823587802,0.473559526918478
portuguese,dominance_mean,1995,0.4733068781824137,306,0.08427897945493887,-0.0003702140389568469,1.2117663205984308,-0.28456768400544447,0.04088946823587802,0.47318931287952126
portuguese,dominance_mean,1996,0.4788739272656993,362,0.07510465693865195,-0.0003702140389568469,1.2117663205984308,-0.28456768400544447,0.04088946823587802,0.4728190988405644
portuguese,dominance_mean,1997,0.46767677223418525,287,0.08594310586295743,-0.0003702140389568469,1.2117663205984308,-0.28456768400544447,0.04088946823587802,0.4724488848016075
portuguese,dominance_mean,1998,0.4762744616861764,469,0.09417777265627804,-0.0003702140389568469,1.2117663205984308,-0.28456768400544447,0.04088946823587802,0.47207867076265064
portuguese,dominance_mean,1999,0.46835982621399197,396,0.08957690725625697,-0.0003702140389568469,1.2117663205984308,-0.28456768400544447,0.04088946823587802,0.47170845672369377
portuguese,dominance_mean,2000,0.47552851426739645,383,0.08955909436313352,-0.0003702140389568469,1.2117663205984308,-0.28456768400544447,0.04088946823587802,0.471338242684737
portuguese,dominance_mean,2001,0.4698282621760674,543,0.09056955655231864,-0.0003702140389568469,1.2117663205984308,-0.28456768400544447,0.04088946823587802,0.47096802864578013
portuguese,dominance_mean,2002,0.4716742853734466,521,0.09034336996249272,-0.0003702140389568469,1.2117663205984308,-0.28456768400544447,0.04088946823587802,0.47059781460682326
portuguese,dominance_mean,2003,0.4757090358963014,986,0.09359271037431356,-0.0003702140389568469,1.2117663205984308,-0.28456768400544447,0.04088946823587802,0.4702276005678664
portuguese,dominance_mean,2004,0.4724960210438339,675,0.0844595060492311,-0.0003702140389568469,1.2117663205984308,-0.28456768400544447,0.04088946823587802,0.4698573865289096
portuguese,dominance_mean,2005,0.478524544887597,1283,0.0851273161090241,-0.0003702140389568469,1.2117663205984308,-0.28456768400544447,0.04088946823587802,0.46948717248995275
portuguese,dominance_mean,2006,0.47216078800799677,3516,0.0876913186624693,-0.0003702140389568469,1.2117663205984308,-0.28456768400544447,0.04088946823587802,0.4691169584509959
portuguese,dominance_mean,2007,0.4722758977778776,1428,0.08812319639035603,-0.0003702140389568469,1.2117663205984308,-0.28456768400544447,0.04088946823587802,0.468746744412039
portuguese,dominance_mean,2008,0.47451754810072316,1162,0.08855756698548137,-0.0003702140389568469,1.2117663205984308,-0.28456768400544447,0.04088946823587802,0.46837653037308224
portuguese,dominance_mean,2009,0.4773894744922035,1246,0.08546835365011493,-0.0003702140389568469,1.2117663205984308,-0.28456768400544447,0.04088946823587802,0.46800631633412537
portuguese,dominance_mean,2010,0.47440533784662703,1936,0.08552266060645292,-0.0003702140389568469,1.2117663205984308,-0.28456768400544447,0.04088946823587802,0.4676361022951685
portuguese,dominance_mean,2011,0.4638711161633686,1086,0.0952327568045756,-0.0003702140389568469,1.2117663205984308,-0.28456768400544447,0.04088946823587802,0.4672658882562116
portuguese,dominance_mean,2012,0.47453631801243523,1445,0.08631759207280308,-0.0003702140389568469,1.2117663205984308,-0.28456768400544447,0.04088946823587802,0.46689567421725486
portuguese,dominance_mean,2013,0.4703531803214425,1173,0.08788963064032403,-0.0003702140389568469,1.2117663205984308,-0.28456768400544447,0.04088946823587802,0.466525460178298
portuguese,dominance_mean,2014,0.47271150649378973,1154,0.08330152664543125,-0.0003702140389568469,1.2117663205984308,-0.28456768400544447,0.04088946823587802,0.4661552461393411
portuguese,dominance_mean,2015,0.4682254099667321,1370,0.0886202259402976,-0.0003702140389568469,1.2117663205984308,-0.28456768400544447,0.04088946823587802,0.46578503210038424
portuguese,dominance_mean,2016,0.477752000222422,1045,0.08851803669110825,-0.0003702140389568469,1.2117663205984308,-0.28456768400544447,0.04088946823587802,0.46541481806142737
portuguese,dominance_mean,2017,0.4566453909503562,128,0.08660695691632353,-0.0003702140389568469,1.2117663205984308,-0.28456768400544447,0.04088946823587802,0.4650446040224706
dutch,valence_mean,1970,0.14818457,5,0.0,-9.960584369638902e-05,0.28093002588369304,-0.06394172228135257,0.7193981682874236,0.08470651380180666
dutch,valence_mean,1984,0.05922027636940281,8,0.07665122138116034,-9.960584369638902e-05,0.28093002588369304,-0.06394172228135257,0.7193981682874236,0.08331203199005721
dutch,valence_mean,1985,0.10635832240763822,32,0.07863066688589931,-9.960584369638902e-05,0.28093002588369304,-0.06394172228135257,0.7193981682874236,0.08321242614636085
dutch,valence_mean,1986,0.07411402724066103,17,0.037773521809641275,-9.960584369638902e-05,0.28093002588369304,-0.06394172228135257,0.7193981682874236,0.08311282030266445
dutch,valence_mean,1987,0.08150541801546848,39,0.05336383499680124,-9.960584369638902e-05,0.28093002588369304,-0.06394172228135257,0.7193981682874236,0.08301321445896806
dutch,valence_mean,1988,0.07784245969557106,40,0.05193532987778415,-9.960584369638902e-05,0.28093002588369304,-0.06394172228135257,0.7193981682874236,0.08291360861527167
dutch,valence_mean,1989,0.06857455679789563,6,0.08985263839485144,-9.960584369638902e-05,0.28093002588369304,-0.06394172228135257,0.7193981682874236,0.08281400277157527
dutch,valence_mean,1990,0.0557741224665521,85,0.06739610656706325,-9.960584369638902e-05,0.28093002588369304,-0.06394172228135257,0.7193981682874236,0.08271439692787888
dutch,valence_mean,1991,0.07330942121258878,68,0.054201627575173904,-9.960584369638902e-05,0.28093002588369304,-0.06394172228135257,0.7193981682874236,0.08261479108418252
dutch,valence_mean,1992,0.08536884366683334,61,0.07649911478050994,-9.960584369638902e-05,0.28093002588369304,-0.06394172228135257,0.7193981682874236,0.08251518524048612
dutch,valence_mean,1993,0.07640600098549971,108,0.05942497522863542,-9.960584369638902e-05,0.28093002588369304,-0.06394172228135257,0.7193981682874236,0.08241557939678973
dutch,valence_mean,1994,0.07244477941298756,56,0.06486351926535999,-9.960584369638902e-05,0.28093002588369304,-0.06394172228135257,0.7193981682874236,0.08231597355309334
dutch,valence_mean,1995,0.07103887566375863,21,0.08441143262112281,-9.960584369638902e-05,0.28093002588369304,-0.06394172228135257,0.7193981682874236,0.08221636770939694
dutch,valence_mean,1996,0.06515266595408387,64,0.05962859531639679,-9.960584369638902e-05,0.28093002588369304,-0.06394172228135257,0.7193981682874236,0.08211676186570055
dutch,valence_mean,1997,0.0683076756408112,134,0.07627938412637464,-9.960584369638902e-05,0.28093002588369304,-0.06394172228135257,0.7193981682874236,0.08201715602200416
dutch,valence_mean,1998,0.08586577504827386,233,0.08026873943012214,-9.960584369638902e-05,0.28093002588369304,-0.06394172228135257,0.7193981682874236,0.08191755017830779
dutch,valence_mean,1999,0.08721670060596251,159,0.07194576361194643,-9.960584369638902e-05,0.28093002588369304,-0.06394172228135257,0.7193981682874236,0.0818179443346114
dutch,valence_mean,2000,0.08881288808465856,185,0.07787316804562937,-9.960584369638902e-05,0.28093002588369304,-0.06394172228135257,0.7193981682874236,0.081718338490915
dutch,valence_mean,2001,0.06846721935547377,378,0.06708633611737508,-9.960584369638902e-05,0.28093002588369304,-0.06394172228135257,0.7193981682874236,0.08161873264721861
dutch,valence_mean,2002,0.07347630010290791,136,0.08767160192334558,-9.960584369638902e-05,0.28093002588369304,-0.06394172228135257,0.7193981682874236,0.08151912680352222
dutch,valence_mean,2003,0.07829985523572255,256,0.07973782651136416,-9.960584369638902e-05,0.28093002588369304,-0.06394172228135257,0.7193981682874236,0.08141952095982583
dutch,valence_mean,2004,0.07311484268151763,427,0.06331155970933229,-9.960584369638902e-05,0.28093002588369304,-0.06394172228135257,0.7193981682874236,0.08131991511612943
dutch,valence_mean,2005,0.08415012488879789,278,0.06546126309454361,-9.960584369638902e-05,0.28093002588369304,-0.06394172228135257,0.7193981682874236,0.08122030927243307
dutch,valence_mean,2006,0.08135274626254844,812,0.07891284953066156,-9.960584369638902e-05,0.28093002588369304,-0.06394172228135257,0.7193981682874236,0.08112070342873667
dutch,valence_mean,2007,0.08214866887209013,312,0.07383353849670898,-9.960584369638902e-05,0.28093002588369304,-0.06394172228135257,0.7193981682874236,0.08102109758504028
dutch,valence_mean,2008,0.07021372861699977,384,0.08700428375571082,-9.960584369638902e-05,0.28093002588369304,-0.06394172228135257,0.7193981682874236,0.08092149174134389
dutch,valence_mean,2009,0.08205465076974273,322,0.090350144501529,-9.960584369638902e-05,0.28093002588369304,-0.06394172228135257,0.7193981682874236,0.0808218858976475
dutch,valence_mean,2010,0.09259298303235737,327,0.07790993285744102,-9.960584369638902e-05,0.28093002588369304,-0.06394172228135257,0.7193981682874236,0.0807222800539511
dutch,valence_mean,2011,0.10427780429208412,621,0.08959522823064739,-9.960584369638902e-05,0.28093002588369304,-0.06394172228135257,0.7193981682874236,0.08062267421025474
dutch,valence_mean,2012,0.06901898481031252,398,0.06648965616426541,-9.960584369638902e-05,0.28093002588369304,-0.06394172228135257,0.7193981682874236,0.08052306836655834
dutch,valence_mean,2013,0.09056564079075052,262,0.07524732599756229,-9.960584369638902e-05,0.28093002588369304,-0.06394172228135257,0.7193981682874236,0.08042346252286195
dutch,valence_mean,2014,0.0986561591076774,460,0.08351078849173686,-9.960584369638902e-05,0.28093002588369304,-0.06394172228135257,0.7193981682874236,0.08032385667916556
dutch,valence_mean,2015,0.10255432928431399,261,0.11767734071860109,-9.960584369638902e-05,0.28093002588369304,-0.06394172228135257,0.7193981682874236,0.08022425083546916
dutch,valence_mean,2016,0.08497026663005829,51,0.07725720771863046,-9.960584369638902e-05,0.28093002588369304,-0.06394172228135257,0.7193981682874236,0.08012464499177277
dutch,arousal_mean,1970,0.091353795,5,0.0,0.00011883451693900538,-0.15022930276284804,0.11086493998005618,0.532498139773038,0.08387469560699254
dutch,arousal_mean,1984,0.09905579933562189,8,0.037961089867989385,0.00011883451693900538,-0.15022930276284804,0.11086493998005618,0.532498139773038,0.08553837884413862
dutch,arousal_mean,1985,0.11580507251269166,32,0.05417319026241861,0.00011883451693900538,-0.15022930276284804,0.11086493998005618,0.532498139773038,0.08565721336107762
dutch,arousal_mean,1986,0.06436910779232823,17,0.023431090018416523,0.00011883451693900538,-0.15022930276284804,0.11086493998005618,0.532498139773038,0.08577604787801663
dutch,arousal_mean,1987,0.06494953737978766,39,0.038474021743529485,0.00011883451693900538,-0.15022930276284804,0.11086493998005618,0.532498139773038,0.08589488239495563
dutch,arousal_mean,1988,0.08169712223069832,40,0.03718532646688758,0.00011883451693900538,-0.15022930276284804,0.11086493998005618,0.532498139773038,0.08601371691189463
dutch,arousal_mean,1989,0.08666362436418418,6,0.053971122281041686,0.00011883451693900538,-0.15022930276284804,0.11086493998005618,0.532498139773038,0.08613255142883364
dutch,arousal_mean,1990,0.09362836042728737,85,0.04632709846824604,0.00011883451693900538,-0.15022930276284804,0.11086493998005618,0.532498139773038,0.08625138594577267
dutch,arousal_mean,1991,0.07466934727040034,68,0.05219559102888834,0.00011883451693900538,-0.15022930276284804,0.11086493998005618,0.532498139773038,0.08637022046271167
dutch,arousal_mean,1992,0.11306799510783525,61,0.0709507434591247,0.00011883451693900538,-0.15022930276284804,0.11086493998005618,0.532498139773038,0.08648905497965068
dutch,arousal_mean,1993,0.07747104367492683,108,0.05329978984055098,0.00011883451693900538,-0.15022930276284804,0.11086493998005618,0.532498139773038,0.08660788949658968
dutch,arousal_mean,1994,0.086010291096165,56,0.04565991333154553,0.00011883451693900538,-0.15022930276284804,0.11086493998005618,0.532498139773038,0.08672672401352868
dutch,arousal_mean,1995,0.08554264268511529,21,0.07734501416227324,0.00011883451693900538,-0.15022930276284804,0.11086493998005618,0.532498139773038,0.08684555853046769
dutch,arousal_mean,1996,0.07857093840033223,64,0.06635857748212445,0.00011883451693900538,-0.15022930276284804,0.11086493998005618,0.532498139773038,0.08696439304740669
dutch,arousal_mean,1997,0.08695668546011574,134,0.04527554986876048,0.00011883451693900538,-0.15022930276284804,0.11086493998005618,0.532498139773038,0.0870832275643457
dutch,arousal_mean,1998,0.0792835842327058,233,0.05073702663882548,0.00011883451693900538,-0.15022930276284804,0.11086493998005618,0.532498139773038,0.0872020620812847
dutch,arousal_mean,1999,0.08074584779252962,159,0.045049517036754895,0.00011883451693900538,-0.15022930276284804,0.11086493998005618,0.532498139773038,0.0873208965982237
dutch,arousal_mean,2000,0.07630411105257463,185,0.06047349266524677,0.00011883451693900538,-0.15022930276284804,0.11086493998005618,0.532498139773038,0.0874397311151627
dutch,arousal_mean,2001,0.08027077616636757,378,0.050286750239890224,0.00011883451693900538,-0.15022930276284804,0.11086493998005618,0.532498139773038,0.08755856563210171
dutch,arousal_mean,2002,0.09966033407980526,136,0.08520510728670279,0.00011883451693900538,-0.15022930276284804,0.11086493998005618,0.532498139773038,0.08767740014904071
dutch,arousal_mean,2003,0.07710473189085724,256,0.0558066668986163,0.00011883451693900538,-0.15022930276284804,0.11086493998005618,0.532498139773038,0.08779623466597972
dutch,arousal_mean,2004,0.07956430872116058,427,0.044587059658037886,0.00011883451693900538,-0.15022930276284804,0.11086493998005618,0.532498139773038,0.08791506918291872
dutch,arousal_mean,2005,0.08903659600316757,278,0.06150721660298269,0.00011883451693900538,-0.15022930276284804,0.11086493998005618,0.532498139773038,0.08803390369985772
dutch,arousal_mean,2006,0.08402081455365663,812,0.052445009980151974,0.00011883451693900538,-0.15022930276284804,0.11086493998005618,0.532498139773038,0.08815273821679673
dutch,arousal_mean,2007,0.08446191943313681,312,0.05401388398852029,0.00011883451693900538,-0.15022930276284804,0.11086493998005618,0.532498139773038,0.08827157273373576
dutch,arousal_mean,2008,0.1024019096492801,384,0.06594952587782923,0.00011883451693900538,-0.15022930276284804,0.11086493998005618,0.532498139773038,0.08839040725067476
dutch,arousal_mean,2009,0.09708964796355828,322,0.08061056322189586,0.00011883451693900538,-0.15022930276284804,0.11086493998005618,0.532498139773038,0.08850924176761377
dutch,arousal_mean,2010,0.09381861508955577,327,0.0635123098263477,0.00011883451693900538,-0.15022930276284804,0.11086493998005618,0.532498139773038,0.08862807628455277
dutch,arousal_mean,2011,0.0890753119127984,621,0.07026257159089314,0.00011883451693900538,-0.15022930276284804,0.11086493998005618,0.532498139773038,0.08874691080149177
dutch,arousal_mean,2012,0.08625712795048758,398,0.05548348883561276,0.00011883451693900538,-0.15022930276284804,0.11086493998005618,0.532498139773038,0.08886574531843078
dutch,arousal_mean,2013,0.08845601800469217,262,0.06124117313085848,0.00011883451693900538,-0.15022930276284804,0.11086493998005618,0.532498139773038,0.08898457983536978
dutch,arousal_mean,2014,0.08835042390457068,460,0.060362894956949464,0.00011883451693900538,-0.15022930276284804,0.11086493998005618,0.532498139773038,0.08910341435230879
dutch,arousal_mean,2015,0.1069563276177164,261,0.08048319258410541,0.00011883451693900538,-0.15022930276284804,0.11086493998005618,0.532498139773038,0.08922224886924779
dutch,arousal_mean,2016,0.08671605365125039,51,0.06489809025350972,0.00011883451693900538,-0.15022930276284804,0.11086493998005618,0.532498139773038,0.08934108338618679
dutch,dominance_mean,1970,0.545,5,0.0,-0.0005575035701876224,1.527771842719357,-0.23487420910718163,0.18118766617493362,0.4294898094497408
dutch,dominance_mean,1984,0.3726452084094507,8,0.03287439319693044,-0.0005575035701876224,1.527771842719357,-0.23487420910718163,0.18118766617493362,0.42168475946711426
dutch,dominance_mean,1985,0.39156026617393247,32,0.045357132236127626,-0.0005575035701876224,1.527771842719357,-0.23487420910718163,0.18118766617493362,0.42112725589692657
dutch,dominance_mean,1986,0.4220795173330163,17,0.0369396857090276,-0.0005575035701876224,1.527771842719357,-0.23487420910718163,0.18118766617493362,0.4205697523267389
dutch,dominance_mean,1987,0.4075041316637196,39,0.046704777248961674,-0.0005575035701876224,1.527771842719357,-0.23487420910718163,0.18118766617493362,0.4200122487565514
dutch,dominance_mean,1988,0.40485513380124577,40,0.04895347713826885,-0.0005575035701876224,1.527771842719357,-0.23487420910718163,0.18118766617493362,0.4194547451863637
dutch,dominance_mean,1989,0.3815887067233841,6,0.038940166677824906,-0.0005575035701876224,1.527771842719357,-0.23487420910718163,0.18118766617493362,0.41889724161617603
dutch,dominance_mean,1990,0.40244959554735127,85,0.05391363471050668,-0.0005575035701876224,1.527771842719357,-0.23487420910718163,0.18118766617493362,0.41833973804598834
dutch,dominance_mean,1991,0.40390824710901135,68,0.0488651020816811,-0.0005575035701876224,1.527771842719357,-0.23487420910718163,0.18118766617493362,0.4177822344758009
dutch,dominance_mean,1992,0.41108134734109725,61,0.055026000076124786,-0.0005575035701876224,1.527771842719357,-0.23487420910718163,0.18118766617493362,0.4172247309056132
dutch,dominance_mean,1993,0.4051410126551585,108,0.046334143288597696,-0.0005575035701876224,1.527771842719357,-0.23487420910718163,0.18118766617493362,0.4166672273354255
dutch,dominance_mean,1994,0.4142437059183483,56,0.04635277715595682,-0.0005575035701876224,1.527771842719357,-0.23487420910718163,0.18118766617493362,0.416109723765238
dutch,dominance_mean,1995,0.40580034103683216,21,0.09491272020515468,-0.0005575035701876224,1.527771842719357,-0.23487420910718163,0.18118766617493362,0.41555222019505034
dutch,dominance_mean,1996,0.40882259094914947,64,0.05939728186595444,-0.0005575035701876224,1.527771842719357,-0.23487420910718163,0.18118766617493362,0.41499471662486265
dutch,dominance_mean,1997,0.40889614437369565,134,0.0538919267858559,-0.0005575035701876224,1.527771842719357,-0.23487420910718163,0.18118766617493362,0.4144372130546752
dutch,dominance_mean,1998,0.4207568835442709,233,0.05541183339906113,-0.0005575035701876224,1.527771842719357,-0.23487420910718163,0.18118766617493362,0.4138797094844875
dutch,dominance_mean,1999,0.4154927984995455,159,0.06087996845194539,-0.0005575035701876224,1.527771842719357,-0.23487420910718163,0.18118766617493362,0.4133222059142998
dutch,dominance_mean,2000,0.41792865089138187,185,0.048359771196683075,-0.0005575035701876224,1.527771842719357,-0.23487420910718163,0.18118766617493362,0.4127647023441121
dutch,dominance_mean,2001,0.4076193414384312,378,0.0516791746062541,-0.0005575035701876224,1.527771842719357,-0.23487420910718163,0.18118766617493362,0.41220719877392464
dutch,dominance_mean,2002,0.40590348978763785,136,0.05115475747568114,-0.0005575035701876224,1.527771842719357,-0.23487420910718163,0.18118766617493362,0.41164969520373695
dutch,dominance_mean,2003,0.4054356688574595,256,0.053798719061064565,-0.0005575035701876224,1.527771842719357,-0.23487420910718163,0.18118766617493362,0.41109219163354926
dutch,dominance_mean,2004,0.414687411174995,427,0.05469222491445379,-0.0005575035701876224,1.527771842719357,-0.23487420910718163,0.18118766617493362,0.4105346880633618
dutch,dominance_mean,2005,0.4260790097355644,278,0.06195597967184939,-0.0005575035701876224,1.527771842719357,-0.23487420910718163,0.18118766617493362,0.4099771844931741
dutch,dominance_mean,2006,0.41476015056349813,812,0.05537491748121944,-0.0005575035701876224,1.527771842719357,-0.23487420910718163,0.18118766617493362,0.4094196809229864
dutch,dominance_mean,2007,0.4150803892348587,312,0.05338392480279389,-0.0005575035701876224,1.527771842719357,-0.23487420910718163,0.18118766617493362,0.40886217735279895
dutch,dominance_mean,2008,0.4063620319262002,384,0.0561519421600051,-0.0005575035701876224,1.527771842719357,-0.23487420910718163,0.18118766617493362,0.40830467378261126
dutch,dominance_mean,2009,0.40980906244153686,322,0.052733254216397706,-0.0005575035701876224,1.527771842719357,-0.23487420910718163,0.18118766617493362,0.40774717021242357
dutch,dominance_mean,2010,0.4106663215264196,327,0.053624503416082395,-0.0005575035701876224,1.527771842719357,-0.23487420910718163,0.18118766617493362,0.4071896666422359
dutch,dominance_mean,2011,0.42837574320318267,621,0.07038301762510378,-0.0005575035701876224,1.527771842719357,-0.23487420910718163,0.18118766617493362,0.4066321630720484
dutch,dominance_mean,2012,0.4092180893533318,398,0.055509737935737435,-0.0005575035701876224,1.527771842719357,-0.23487420910718163,0.18118766617493362,0.4060746595018607
dutch,dominance_mean,2013,0.41698982076393504,262,0.05836247031326993,-0.0005575035701876224,1.527771842719357,-0.23487420910718163,0.18118766617493362,0.40551715593167303
dutch,dominance_mean,2014,0.4120797475638878,460,0.05132280183857525,-0.0005575035701876224,1.527771842719357,-0.23487420910718163,0.18118766617493362,0.40495965236148557
dutch,dominance_mean,2015,0.4109038556609384,261,0.05875841490269459,-0.0005575035701876224,1.527771842719357,-0.23487420910718163,0.18118766617493362,0.4044021487912979
dutch,dominance_mean,2016,0.41700057160298226,51,0.06207961630308265,-0.0005575035701876224,1.527771842719357,-0.23487420910718163,0.18118766617493362,0.4038446452211102
swedish,valence_mean,1966,0.09001801366252861,140,0.05291486259163702,0.00027859756513628976,-0.4729069700310608,0.2552157297278277,0.09859021447308966,0.07481584302688488
swedish,valence_mean,1971,0.07242408737685053,8,0.02714124742912937,0.00027859756513628976,-0.4729069700310608,0.2552157297278277,0.09859021447308966,0.0762088308525663
swedish,valence_mean,1972,0.06444330360507199,23,0.021012885960488316,0.00027859756513628976,-0.4729069700310608,0.2552157297278277,0.09859021447308966,0.07648742841770256
swedish,valence_mean,1973,0.09183563219280717,7,0.04908784840258009,0.00027859756513628976,-0.4729069700310608,0.2552157297278277,0.09859021447308966,0.07676602598283894
swedish,valence_mean,1974,0.06179588606581582,5,0.021601480193599785,0.00027859756513628976,-0.4729069700310608,0.2552157297278277,0.09859021447308966,0.0770446235479752
swedish,valence_mean,1975,0.0721277439786059,7,0.04753689034762363,0.00027859756513628976,-0.4729069700310608,0.2552157297278277,0.09859021447308966,0.07732322111311146
swedish,valence_mean,1979,0.0938242764148111,21,0.05318502364246996,0.00027859756513628976,-0.4729069700310608,0.2552157297278277,0.09859021447308966,0.07843761137365662
swedish,valence_mean,1980,0.07141803228534055,17,0.030919696064554737,0.00027859756513628976,-0.4729069700310608,0.2552157297278277,0.09859021447308966,0.07871620893879289
swedish,valence_mean,1982,0.057685171154810075,13,0.05779145759492415,0.00027859756513628976,-0.4729069700310608,0.2552157297278277,0.09859021447308966,0.07927340406906552
swedish,valence_mean,1984,0.07100494802028218,9,0.05887282700865253,0.00027859756513628976,-0.4729069700310608,0.2552157297278277,0.09859021447308966,0.07983059919933805
swedish,valence_mean,1985,0.13993127334953928,15,0.0970012180370607,0.00027859756513628976,-0.4729069700310608,0.2552157297278277,0.09859021447308966,0.08010919676447442
swedish,valence_mean,1986,0.0639595232457078,32,0.049053412279731326,0.00027859756513628976,-0.4729069700310608,0.2552157297278277,0.09859021447308966,0.08038779432961068
swedish,valence_mean,1987,0.05778492777635549,17,0.05130501004912387,0.00027859756513628976,-0.4729069700310608,0.2552157297278277,0.09859021447308966,0.08066639189474695
swedish,valence_mean,1988,0.08512281685812854,29,0.05629011284872297,0.00027859756513628976,-0.4729069700310608,0.2552157297278277,0.09859021447308966,0.08094498945988321
swedish,valence_mean,1989,0.08384171219127164,77,0.04364079228569685,0.00027859756513628976,-0.4729069700310608,0.2552157297278277,0.09859021447308966,0.08122358702501958
swedish,valence_mean,1990,0.09498081965717357,31,0.09967364598103029,0.00027859756513628976,-0.4729069700310608,0.2552157297278277,0.09859021447308966,0.08150218459015585
swedish,valence_mean,1991,0.07619228386806458,84,0.049631169140331076,0.00027859756513628976,-0.4729069700310608,0.2552157297278277,0.09859021447308966,0.08178078215529211
swedish,valence_mean,1992,0.08217512957837515,35,0.07838425660718046,0.00027859756513628976,-0.4729069700310608,0.2552157297278277,0.09859021447308966,0.08205937972042837
swedish,valence_mean,1993,0.08053070885658194,41,0.05123998761997541,0.00027859756513628976,-0.4729069700310608,0.2552157297278277,0.09859021447308966,0.08233797728556475
swedish,valence_mean,1994,0.0755238176259505,143,0.049381193972768696,0.00027859756513628976,-0.4729069700310608,0.2552157297278277,0.09859021447308966,0.08261657485070101
swedish,valence_mean,1995,0.09583272983779713,79,0.079152956200862,0.00027859756513628976,-0.4729069700310608,0.2552157297278277,0.09859021447308966,0.08289517241583727
swedish,valence_mean,1996,0.07242531734039791,53,0.042009495655087145,0.00027859756513628976,-0.4729069700310608,0.2552157297278277,0.09859021447308966,0.08317376998097353
swedish,valence_mean,1997,0.09743192272207354,67,0.09243913163184042,0.00027859756513628976,-0.4729069700310608,0.2552157297278277,0.09859021447308966,0.0834523675461099
swedish,valence_mean,1998,0.08293891252059402,89,0.05199008960266961,0.00027859756513628976,-0.4729069700310608,0.2552157297278277,0.09859021447308966,0.08373096511124617
swedish,valence_mean,1999,0.07194077892262825,102,0.05924309038812419,0.00027859756513628976,-0.4729069700310608,0.2552157297278277,0.09859021447308966,0.08400956267638243
swedish,valence_mean,2000,0.07712106622011827,173,0.06285229491943257,0.00027859756513628976,-0.4729069700310608,0.2552157297278277,0.09859021447308966,0.0842881602415187
swedish,valence_mean,2001,0.0776076361679325,174,0.06021400852376507,0.00027859756513628976,-0.4729069700310608,0.2552157297278277,0.09859021447308966,0.08456675780665507
swedish,valence_mean,2002,0.0987580068331697,105,0.0714237349803284,0.00027859756513628976,-0.4729069700310608,0.2552157297278277,0.09859021447308966,0.08484535537179133
swedish,valence_mean,2003,0.0848450119499519,97,0.08536607330572707,0.00027859756513628976,-0.4729069700310608,0.2552157297278277,0.09859021447308966,0.0851239529369276
swedish,valence_mean,2004,0.09215316384605882,423,0.0680090020454458,0.00027859756513628976,-0.4729069700310608,0.2552157297278277,0.09859021447308966,0.08540255050206386
swedish,valence_mean,2005,0.08294026910634973,309,0.06317360812863332,0.00027859756513628976,-0.4729069700310608,0.2552157297278277,0.09859021447308966,0.08568114806720023
swedish,valence_mean,2006,0.09493794199909478,382,0.08371772399639012,0.00027859756513628976,-0.4729069700310608,0.2552157297278277,0.09859021447308966,0.08595974563233649
swedish,valence_mean,2007,0.08260722177066333,317,0.0647955527208354,0.00027859756513628976,-0.4729069700310608,0.2552157297278277,0.09859021447308966,0.08623834319747276
swedish,valence_mean,2008,0.08453365434493106,461,0.07164464476351778,0.00027859756513628976,-0.4729069700310608,0.2552157297278277,0.09859021447308966,0.08651694076260902
swedish,valence_mean,2009,0.08252952580815898,646,0.0606689797350594,0.00027859756513628976,-0.4729069700310608,0.2552157297278277,0.09859021447308966,0.08679553832774528
swedish,valence_mean,2010,0.07977692305157896,815,0.05344749770085047,0.00027859756513628976,-0.4729069700310608,0.2552157297278277,0.09859021447308966,0.08707413589288165
swedish,valence_mean,2011,0.0789544562384137,357,0.06087282304564508,0.00027859756513628976,-0.4729069700310608,0.2552157297278277,0.09859021447308966,0.08735273345801792
swedish,valence_mean,2012,0.08066691910138607,192,0.06163559607640991,0.00027859756513628976,-0.4729069700310608,0.2552157297278277,0.09859021447308966,0.08763133102315418
swedish,valence_mean,2013,0.08349575296340092,163,0.07675469940675436,0.00027859756513628976,-0.4729069700310608,0.2552157297278277,0.09859021447308966,0.08790992858829044
swedish,valence_mean,2014,0.07662528716271685,224,0.0608324142701656,0.00027859756513628976,-0.4729069700310608,0.2552157297278277,0.09859021447308966,0.08818852615342682
swedish,valence_mean,2015,0.09162046220491442,107,0.09203285568725524,0.00027859756513628976,-0.4729069700310608,0.2552157297278277,0.09859021447308966,0.08846712371856308
swedish,valence_mean,2016,0.08365957032583764,83,0.0828843158955222,0.00027859756513628976,-0.4729069700310608,0.2552157297278277,0.09859021447308966,0.08874572128369934
swedish,valence_mean,2017,0.1255841659393082,14,0.08338907995698956,0.00027859756513628976,-0.4729069700310608,0.2552157297278277,0.09859021447308966,0.0890243188488356
swedish,arousal_mean,1966,0.09059212444914884,140,0.035645130602819715,0.00013429863684286466,-0.16547084659257755,0.12849815061924444,0.41153137763365766,0.0985602734404944
swedish,arousal_mean,1971,0.10477489253112116,8,0.03984327781660583,0.00013429863684286466,-0.16547084659257755,0.12849815061924444,0.41153137763365766,0.09923176662470873
swedish,arousal_mean,1972,0.09038191108280373,23,0.0293284504046121,0.00013429863684286466,-0.16547084659257755,0.12849815061924444,0.41153137763365766,0.09936606526155156
swedish,arousal_mean,1973,0.13930035177269784,7,0.06703597819123981,0.00013429863684286466,-0.16547084659257755,0.12849815061924444,0.41153137763365766,0.09950036389839445
swedish,arousal_mean,1974,0.08266123720311942,5,0.011624897196753869,0.00013429863684286466,-0.16547084659257755,0.12849815061924444,0.41153137763365766,0.09963466253523728
swedish,arousal_mean,1975,0.11049964526570044,7,0.036697749935392675,0.00013429863684286466,-0.16547084659257755,0.12849815061924444,0.41153137763365766,0.09976896117208017
swedish,arousal_mean,1979,0.08828029323564286,21,0.03275813123107331,0.00013429863684286466,-0.16547084659257755,0.12849815061924444,0.41153137763365766,0.10030615571945162
swedish,arousal_mean,1980,0.09887735391478376,17,0.033521735909017504,0.00013429863684286466,-0.16547084659257755,0.12849815061924444,0.41153137763365766,0.1004404543562945
swedish,arousal_mean,1982,0.10604960091093113,13,0.03632315022584908,0.00013429863684286466,-0.16547084659257755,0.12849815061924444,0.41153137763365766,0.10070905162998023
swedish,arousal_mean,1984,0.09990067708994704,9,0.016333202358117596,0.00013429863684286466,-0.16547084659257755,0.12849815061924444,0.41153137763365766,0.10097764890366595
swedish,arousal_mean,1985,0.130208952040404,15,0.11894048839662133,0.00013429863684286466,-0.16547084659257755,0.12849815061924444,0.41153137763365766,0.10111194754050884
swedish,arousal_mean,1986,0.09413113108061039,32,0.04714142729933558,0.00013429863684286466,-0.16547084659257755,0.12849815061924444,0.41153137763365766,0.10124624617735167
swedish,arousal_mean,1987,0.0855193543697899,17,0.03297847763326662,0.00013429863684286466,-0.16547084659257755,0.12849815061924444,0.41153137763365766,0.10138054481419456
swedish,arousal_mean,1988,0.09382740001922363,29,0.02522845677217891,0.00013429863684286466,-0.16547084659257755,0.12849815061924444,0.41153137763365766,0.1015148434510374
swedish,arousal_mean,1989,0.10084365994564427,77,0.03694144749738389,0.00013429863684286466,-0.16547084659257755,0.12849815061924444,0.41153137763365766,0.10164914208788028
swedish,arousal_mean,1990,0.11725764201211675,31,0.06375014297456195,0.00013429863684286466,-0.16547084659257755,0.12849815061924444,0.41153137763365766,0.10178344072472312
swedish,arousal_mean,1991,0.09780675297833878,84,0.03769296199204185,0.00013429863684286466,-0.16547084659257755,0.12849815061924444,0.41153137763365766,0.101917739361566
swedish,arousal_mean,1992,0.10772322577482069,35,0.10269449101854439,0.00013429863684286466,-0.16547084659257755,0.12849815061924444,0.41153137763365766,0.10205203799840884
swedish,arousal_mean,1993,0.09790116388562937,41,0.02912320450791162,0.00013429863684286466,-0.16547084659257755,0.12849815061924444,0.41153137763365766,0.10218633663525173
swedish,arousal_mean,1994,0.10106752283123968,143,0.03426479184989285,0.00013429863684286466,-0.16547084659257755,0.12849815061924444,0.41153137763365766,0.10232063527209462
swedish,arousal_mean,1995,0.10613377187168123,79,0.04899018993755261,0.00013429863684286466,-0.16547084659257755,0.12849815061924444,0.41153137763365766,0.10245493390893745
swedish,arousal_mean,1996,0.09606669255426212,53,0.026082249662376246,0.00013429863684286466,-0.16547084659257755,0.12849815061924444,0.41153137763365766,0.10258923254578034
swedish,arousal_mean,1997,0.10598032684463024,67,0.06120361720365601,0.00013429863684286466,-0.16547084659257755,0.12849815061924444,0.41153137763365766,0.10272353118262317
swedish,arousal_mean,1998,0.09299987058621324,89,0.04680517089939231,0.00013429863684286466,-0.16547084659257755,0.12849815061924444,0.41153137763365766,0.10285782981946606
swedish,arousal_mean,1999,0.09778382258870688,102,0.04110437466062249,0.00013429863684286466,-0.16547084659257755,0.12849815061924444,0.41153137763365766,0.1029921284563089
swedish,arousal_mean,2000,0.10250667536138656,173,0.05366523073054088,0.00013429863684286466,-0.16547084659257755,0.12849815061924444,0.41153137763365766,0.10312642709315178
swedish,arousal_mean,2001,0.09721941788775879,174,0.041972012810950636,0.00013429863684286466,-0.16547084659257755,0.12849815061924444,0.41153137763365766,0.10326072572999467
swedish,arousal_mean,2002,0.10126929579358539,105,0.03533072591612521,0.00013429863684286466,-0.16547084659257755,0.12849815061924444,0.41153137763365766,0.1033950243668375
swedish,arousal_mean,2003,0.09622910248493566,97,0.04630900224952011,0.00013429863684286466,-0.16547084659257755,0.12849815061924444,0.41153137763365766,0.1035293230036804
swedish,arousal_mean,2004,0.10158826419260406,423,0.047329075915149094,0.00013429863684286466,-0.16547084659257755,0.12849815061924444,0.41153137763365766,0.10366362164052323
swedish,arousal_mean,2005,0.1023172386208687,309,0.05110973715483265,0.00013429863684286466,-0.16547084659257755,0.12849815061924444,0.41153137763365766,0.10379792027736612
swedish,arousal_mean,2006,0.10175414602400737,382,0.055858547406016354,0.00013429863684286466,-0.16547084659257755,0.12849815061924444,0.41153137763365766,0.10393221891420895
swedish,arousal_mean,2007,0.10111304005001963,317,0.05319096398488622,0.00013429863684286466,-0.16547084659257755,0.12849815061924444,0.41153137763365766,0.10406651755105184
swedish,arousal_mean,2008,0.09876603534459827,461,0.053357727215016644,0.00013429863684286466,-0.16547084659257755,0.12849815061924444,0.41153137763365766,0.10420081618789467
swedish,arousal_mean,2009,0.09915637488390078,646,0.04944542762473005,0.00013429863684286466,-0.16547084659257755,0.12849815061924444,0.41153137763365766,0.10433511482473756
swedish,arousal_mean,2010,0.1028495384922515,815,0.04838899648155123,0.00013429863684286466,-0.16547084659257755,0.12849815061924444,0.41153137763365766,0.10446941346158045
swedish,arousal_mean,2011,0.0917339828731457,357,0.041797978918234266,0.00013429863684286466,-0.16547084659257755,0.12849815061924444,0.41153137763365766,0.10460371209842328
swedish,arousal_mean,2012,0.10032662793048885,192,0.050694698563154665,0.00013429863684286466,-0.16547084659257755,0.12849815061924444,0.41153137763365766,0.10473801073526617
swedish,arousal_mean,2013,0.10121772760175429,163,0.05322397639243183,0.00013429863684286466,-0.16547084659257755,0.12849815061924444,0.41153137763365766,0.10487230937210901
swedish,arousal_mean,2014,0.0964192016584273,224,0.04671240416646071,0.00013429863684286466,-0.16547084659257755,0.12849815061924444,0.41153137763365766,0.1050066080089519
swedish,arousal_mean,2015,0.10127589269342072,107,0.059210654650282045,0.00013429863684286466,-0.16547084659257755,0.12849815061924444,0.41153137763365766,0.10514090664579473
swedish,arousal_mean,2016,0.10266790461934923,83,0.044229133805188635,0.00013429863684286466,-0.16547084659257755,0.12849815061924444,0.41153137763365766,0.10527520528263762
swedish,arousal_mean,2017,0.17111950927997108,14,0.14082736900324658,0.00013429863684286466,-0.16547084659257755,0.12849815061924444,0.41153137763365766,0.10540950391948051
swedish,dominance_mean,1966,0.4486383405572096,140,0.04847553010829033,0.00032834590160958567,-0.20979474259068537,0.35290299758558336,0.02027677861778186,0.43573329997376004
swedish,dominance_mean,1971,0.43866208963970793,8,0.05627240795218557,0.00032834590160958567,-0.20979474259068537,0.35290299758558336,0.02027677861778186,0.437375029481808
swedish,dominance_mean,1972,0.4166114345762888,23,0.04368885105073522,0.00032834590160958567,-0.20979474259068537,0.35290299758558336,0.02027677861778186,0.4377033753834176
swedish,dominance_mean,1973,0.4269613526179702,7,0.03785866980734432,0.00032834590160958567,-0.20979474259068537,0.35290299758558336,0.02027677861778186,0.43803172128502715
swedish,dominance_mean,1974,0.4685852038284296,5,0.12243148515200826,0.00032834590160958567,-0.20979474259068537,0.35290299758558336,0.02027677861778186,0.4383600671866367
swedish,dominance_mean,1975,0.40201276742581094,7,0.05823385103061622,0.00032834590160958567,-0.20979474259068537,0.35290299758558336,0.02027677861778186,0.4386884130882463
swedish,dominance_mean,1979,0.4381334458560704,21,0.0345109433168526,0.00032834590160958567,-0.20979474259068537,0.35290299758558336,0.02027677861778186,0.4400017966946847
swedish,dominance_mean,1980,0.4561275696717737,17,0.06267417859198977,0.00032834590160958567,-0.20979474259068537,0.35290299758558336,0.02027677861778186,0.44033014259629427
swedish,dominance_mean,1982,0.47280086514362824,13,0.047495298283768354,0.00032834590160958567,-0.20979474259068537,0.35290299758558336,0.02027677861778186,0.4409868343995134
swedish,dominance_mean,1984,0.4278651014109347,9,0.04145601024350072,0.00032834590160958567,-0.20979474259068537,0.35290299758558336,0.02027677861778186,0.44164352620273256
swedish,dominance_mean,1985,0.426428134088134,15,0.044544602362715555,0.00032834590160958567,-0.20979474259068537,0.35290299758558336,0.02027677861778186,0.44197187210434213
swedish,dominance_mean,1986,0.4379594749819297,32,0.060751100571538014,0.00032834590160958567,-0.20979474259068537,0.35290299758558336,0.02027677861778186,0.4423002180059518
swedish,dominance_mean,1987,0.441063657474882,17,0.05105473030831133,0.00032834590160958567,-0.20979474259068537,0.35290299758558336,0.02027677861778186,0.4426285639075614
swedish,dominance_mean,1988,0.4221499839193798,29,0.03332491393365563,0.00032834590160958567,-0.20979474259068537,0.35290299758558336,0.02027677861778186,0.44295690980917096
swedish,dominance_mean,1989,0.44793649871163094,77,0.03775892529234139,0.00032834590160958567,-0.20979474259068537,0.35290299758558336,0.02027677861778186,0.44328525571078053
swedish,dominance_mean,1990,0.44137194416393266,31,0.06344323899054258,0.00032834590160958567,-0.20979474259068537,0.35290299758558336,0.02027677861778186,0.4436136016123901
swedish,dominance_mean,1991,0.44725482815114354,84,0.055663199368876336,0.00032834590160958567,-0.20979474259068537,0.35290299758558336,0.02027677861778186,0.4439419475139997
swedish,dominance_mean,1992,0.4575056710460207,35,0.05205247313301312,0.00032834590160958567,-0.20979474259068537,0.35290299758558336,0.02027677861778186,0.44427029341560925
swedish,dominance_mean,1993,0.45165270023964105,41,0.0498670829327727,0.00032834590160958567,-0.20979474259068537,0.35290299758558336,0.02027677861778186,0.4445986393172188
swedish,dominance_mean,1994,0.45527981667175793,143,0.06862188087171255,0.00032834590160958567,-0.20979474259068537,0.35290299758558336,0.02027677861778186,0.4449269852188285
swedish,dominance_mean,1995,0.4455963355728511,79,0.044525719751508736,0.00032834590160958567,-0.20979474259068537,0.35290299758558336,0.02027677861778186,0.4452553311204381
swedish,dominance_mean,1996,0.4460451197277439,53,0.03985676238288547,0.00032834590160958567,-0.20979474259068537,0.35290299758558336,0.02027677861778186,0.44558367702204765
swedish,dominance_mean,1997,0.44001234476839746,67,0.04031695338398215,0.00032834590160958567,-0.20979474259068537,0.35290299758558336,0.02027677861778186,0.4459120229236572
swedish,dominance_mean,1998,0.44865696893477364,89,0.04874645678981273,0.00032834590160958567,-0.20979474259068537,0.35290299758558336,0.02027677861778186,0.4462403688252668
swedish,dominance_mean,1999,0.4547378752261672,102,0.04382852218314783,0.00032834590160958567,-0.20979474259068537,0.35290299758558336,0.02027677861778186,0.44656871472687637
swedish,dominance_mean,2000,0.4610786961541599,173,0.07135846279991068,0.00032834590160958567,-0.20979474259068537,0.35290299758558336,0.02027677861778186,0.44689706062848594
swedish,dominance_mean,2001,0.4418380498861659,174,0.04077573467960518,0.00032834590160958567,-0.20979474259068537,0.35290299758558336,0.02027677861778186,0.4472254065300955
swedish,dominance_mean,2002,0.4542176122064965,105,0.04906493483042628,0.00032834590160958567,-0.20979474259068537,0.35290299758558336,0.02027677861778186,0.4475537524317052
swedish,dominance_mean,2003,0.4468766947968512,97,0.04201262645587637,0.00032834590160958567,-0.20979474259068537,0.35290299758558336,0.02027677861778186,0.44788209833331477
swedish,dominance_mean,2004,0.44348266870469477,423,0.04908968277009205,0.00032834590160958567,-0.20979474259068537,0.35290299758558336,0.02027677861778186,0.44821044423492434
swedish,dominance_mean,2005,0.4512762219805172,309,0.04179061500359876,0.00032834590160958567,-0.20979474259068537,0.35290299758558336,0.02027677861778186,0.4485387901365339
swedish,dominance_mean,2006,0.44362652420995036,382,0.052586612215106715,0.00032834590160958567,-0.20979474259068537,0.35290299758558336,0.02027677861778186,0.4488671360381435
swedish,dominance_mean,2007,0.4493086574785124,317,0.05643023816404181,0.00032834590160958567,-0.20979474259068537,0.35290299758558336,0.02027677861778186,0.44919548193975306
swedish,dominance_mean,2008,0.45544498875294853,461,0.05251988975946254,0.00032834590160958567,-0.20979474259068537,0.35290299758558336,0.02027677861778186,0.44952382784136263
swedish,dominance_mean,2009,0.4485655063769414,646,0.04783112994524746,0.00032834590160958567,-0.20979474259068537,0.35290299758558336,0.02027677861778186,0.4498521737429722
swedish,dominance_mean,2010,0.44633880948238974,815,0.05409902656758472,0.00032834590160958567,-0.20979474259068537,0.35290299758558336,0.02027677861778186,0.4501805196445818
swedish,dominance_mean,2011,0.4454525573827707,357,0.05126370887079057,0.00032834590160958567,-0.20979474259068537,0.35290299758558336,0.02027677861778186,0.45050886554619146
swedish,dominance_mean,2012,0.4506102339917278,192,0.049510173020701265,0.00032834590160958567,-0.20979474259068537,0.35290299758558336,0.02027677861778186,0.45083721144780103
swedish,dominance_mean,2013,0.4435241943039349,163,0.047403597044125625,0.00032834590160958567,-0.20979474259068537,0.35290299758558336,0.02027677861778186,0.4511655573494106
swedish,dominance_mean,2014,0.44087018774822806,224,0.05072397203919235,0.00032834590160958567,-0.20979474259068537,0.35290299758558336,0.02027677861778186,0.4514939032510202
swedish,dominance_mean,2015,0.45327644636947756,107,0.06446368975892379,0.00032834590160958567,-0.20979474259068537,0.35290299758558336,0.02027677861778186,0.45182224915262975
swedish,dominance_mean,2016,0.4546679577260225,83,0.04781716915952741,0.00032834590160958567,-0.20979474259068537,0.35290299758558336,0.02027677861778186,0.4521505950542393
swedish,dominance_mean,2017,0.4567870898272684,14,0.05879921302162376,0.00032834590160958567,-0.20979474259068537,0.35290299758558336,0.02027677861778186,0.4524789409558489
polish,valence_mean,1971,0.24288575699999998,5,0.033784629689911624,-0.0007439018736385586,1.675757146879655,-0.4489934444913067,0.02774387282169879,0.2095265539380562
polish,valence_mean,1993,0.19240961186752134,6,0.038739246451561044,-0.0007439018736385586,1.675757146879655,-0.4489934444913067,0.02774387282169879,0.19316071271800772
polish,valence_mean,1995,0.18734135917598344,23,0.06644582310311575,-0.0007439018736385586,1.675757146879655,-0.4489934444913067,0.02774387282169879,0.19167290897073075
polish,valence_mean,1996,0.16039432203703702,9,0.03675313783905122,-0.0007439018736385586,1.675757146879655,-0.4489934444913067,0.02774387282169879,0.19092900709709215
polish,valence_mean,1997,0.17070830416666663,28,0.025055171306485057,-0.0007439018736385586,1.675757146879655,-0.4489934444913067,0.02774387282169879,0.19018510522345355
polish,valence_mean,1998,0.17520337933968252,15,0.05835019914777053,-0.0007439018736385586,1.675757146879655,-0.4489934444913067,0.02774387282169879,0.18944120334981496
polish,valence_mean,1999,0.1658766553190165,21,0.07034026835282474,-0.0007439018736385586,1.675757146879655,-0.4489934444913067,0.02774387282169879,0.18869730147617636
polish,valence_mean,2000,0.20129578579248503,56,0.06440513883498913,-0.0007439018736385586,1.675757146879655,-0.4489934444913067,0.02774387282169879,0.18795339960253798
polish,valence_mean,2001,0.18621215256269058,75,0.05473004396958501,-0.0007439018736385586,1.675757146879655,-0.4489934444913067,0.02774387282169879,0.1872094977288994
polish,valence_mean,2002,0.18839202292005477,155,0.06334057698808442,-0.0007439018736385586,1.675757146879655,-0.4489934444913067,0.02774387282169879,0.1864655958552608
polish,valence_mean,2003,0.1816623210019841,48,0.050887250518654795,-0.0007439018736385586,1.675757146879655,-0.4489934444913067,0.02774387282169879,0.1857216939816222
polish,valence_mean,2004,0.16131520191345233,33,0.07455000449885892,-0.0007439018736385586,1.675757146879655,-0.4489934444913067,0.02774387282169879,0.1849777921079836
polish,valence_mean,2005,0.1915945384911021,660,0.07025729992883947,-0.0007439018736385586,1.675757146879655,-0.4489934444913067,0.02774387282169879,0.18423389023434522
polish,valence_mean,2006,0.18164458530365873,395,0.06054835262599877,-0.0007439018736385586,1.675757146879655,-0.4489934444913067,0.02774387282169879,0.18348998836070662
polish,valence_mean,2007,0.179732232349091,240,0.08039474044865852,-0.0007439018736385586,1.675757146879655,-0.4489934444913067,0.02774387282169879,0.18274608648706803
polish,valence_mean,2008,0.18875614654090855,275,0.06958508438990486,-0.0007439018736385586,1.675757146879655,-0.4489934444913067,0.02774387282169879,0.18200218461342943
polish,valence_mean,2009,0.18938601285178236,285,0.06562340481428502,-0.0007439018736385586,1.675757146879655,-0.4489934444913067,0.02774387282169879,0.18125828273979083
polish,valence_mean,2010,0.19106307756565472,529,0.06370129348083363,-0.0007439018736385586,1.675757146879655,-0.4489934444913067,0.02774387282169879,0.18051438086615224
polish,valence_mean,2011,0.18837679156437048,940,0.06948689120075995,-0.0007439018736385586,1.675757146879655,-0.4489934444913067,0.02774387282169879,0.17977047899251386
polish,valence_mean,2012,0.18550792807913288,484,0.06365705457143295,-0.0007439018736385586,1.675757146879655,-0.4489934444913067,0.02774387282169879,0.17902657711887526
polish,valence_mean,2013,0.1959941540600148,333,0.06645613441717291,-0.0007439018736385586,1.675757146879655,-0.4489934444913067,0.02774387282169879,0.17828267524523667
polish,valence_mean,2014,0.18139957600757747,595,0.05857024515600831,-0.0007439018736385586,1.675757146879655,-0.4489934444913067,0.02774387282169879,0.17753877337159807
polish,valence_mean,2015,0.18066887988256924,562,0.06557447485856756,-0.0007439018736385586,1.675757146879655,-0.4489934444913067,0.02774387282169879,0.17679487149795947
polish,valence_mean,2016,0.1798291354091926,353,0.057439079471159706,-0.0007439018736385586,1.675757146879655,-0.4489934444913067,0.02774387282169879,0.17605096962432087
polish,arousal_mean,1971,0.24048318799999996,5,0.09995131503768087,-0.0002512162286497735,0.7366162964707673,-0.15465724439474368,0.47055576016794787,0.24146910980206376
polish,arousal_mean,1993,0.25068098862820504,6,0.019560956781689065,-0.0002512162286497735,0.7366162964707673,-0.15465724439474368,0.47055576016794787,0.23594235277176878
polish,arousal_mean,1995,0.21498380358281574,23,0.08438408285184472,-0.0002512162286497735,0.7366162964707673,-0.15465724439474368,0.47055576016794787,0.23543992031446914
polish,arousal_mean,1996,0.2684463462592592,9,0.06952235252743023,-0.0002512162286497735,0.7366162964707673,-0.15465724439474368,0.47055576016794787,0.23518870408581938
polish,arousal_mean,1997,0.2489061179642857,28,0.08352043682004884,-0.0002512162286497735,0.7366162964707673,-0.15465724439474368,0.47055576016794787,0.2349374878571696
polish,arousal_mean,1998,0.22516202029158727,15,0.05448092178525337,-0.0002512162286497735,0.7366162964707673,-0.15465724439474368,0.47055576016794787,0.23468627162851985
polish,arousal_mean,1999,0.1810709295747632,21,0.0670364586552518,-0.0002512162286497735,0.7366162964707673,-0.15465724439474368,0.47055576016794787,0.23443505539987008
polish,arousal_mean,2000,0.23762351550323826,56,0.06136125784223862,-0.0002512162286497735,0.7366162964707673,-0.15465724439474368,0.47055576016794787,0.23418383917122032
polish,arousal_mean,2001,0.2283756672809142,75,0.07608166644235372,-0.0002512162286497735,0.7366162964707673,-0.15465724439474368,0.47055576016794787,0.23393262294257056
polish,arousal_mean,2002,0.23053513116424898,155,0.07911608409787177,-0.0002512162286497735,0.7366162964707673,-0.15465724439474368,0.47055576016794787,0.2336814067139208
polish,arousal_mean,2003,0.24351048408811174,48,0.07742668904512716,-0.0002512162286497735,0.7366162964707673,-0.15465724439474368,0.47055576016794787,0.23343019048527103
polish,arousal_mean,2004,0.23722615689984078,33,0.08069312326852476,-0.0002512162286497735,0.7366162964707673,-0.15465724439474368,0.47055576016794787,0.23317897425662126
polish,arousal_mean,2005,0.2468770269072716,660,0.08129982971667979,-0.0002512162286497735,0.7366162964707673,-0.15465724439474368,0.47055576016794787,0.2329277580279715
polish,arousal_mean,2006,0.23712687833117202,395,0.07799258292756565,-0.0002512162286497735,0.7366162964707673,-0.15465724439474368,0.47055576016794787,0.23267654179932162
polish,arousal_mean,2007,0.23139273440624417,240,0.07694126393275151,-0.0002512162286497735,0.7366162964707673,-0.15465724439474368,0.47055576016794787,0.23242532557067186
polish,arousal_mean,2008,0.2303115246229705,275,0.07028262715105864,-0.0002512162286497735,0.7366162964707673,-0.15465724439474368,0.47055576016794787,0.2321741093420221
polish,arousal_mean,2009,0.22941330070677246,285,0.07453949145060731,-0.0002512162286497735,0.7366162964707673,-0.15465724439474368,0.47055576016794787,0.23192289311337233
polish,arousal_mean,2010,0.231123632731112,529,0.0787346167107626,-0.0002512162286497735,0.7366162964707673,-0.15465724439474368,0.47055576016794787,0.23167167688472257
polish,arousal_mean,2011,0.2376346294397191,940,0.07371481742396813,-0.0002512162286497735,0.7366162964707673,-0.15465724439474368,0.47055576016794787,0.2314204606560728
polish,arousal_mean,2012,0.22605830848847722,484,0.06830416951182032,-0.0002512162286497735,0.7366162964707673,-0.15465724439474368,0.47055576016794787,0.23116924442742304
polish,arousal_mean,2013,0.2406666997748929,333,0.07403741940185352,-0.0002512162286497735,0.7366162964707673,-0.15465724439474368,0.47055576016794787,0.23091802819877327
polish,arousal_mean,2014,0.22192793484282203,595,0.06808406158972492,-0.0002512162286497735,0.7366162964707673,-0.15465724439474368,0.47055576016794787,0.2306668119701235
polish,arousal_mean,2015,0.23090784021416366,562,0.07047292258484991,-0.0002512162286497735,0.7366162964707673,-0.15465724439474368,0.47055576016794787,0.23041559574147374
polish,arousal_mean,2016,0.22861390097117032,353,0.07095169337458243,-0.0002512162286497735,0.7366162964707673,-0.15465724439474368,0.47055576016794787,0.23016437951282398
polish,dominance_mean,1971,0.48056,5,0.13906246078651133,-0.0012133853400174623,2.8322475412269674,-0.3792406020133812,0.06759834404355332,0.44066503605254903
polish,dominance_mean,1993,0.4569294871794871,6,0.08864495088584713,-0.0012133853400174623,2.8322475412269674,-0.3792406020133812,0.06759834404355332,0.4139705585721649
polish,dominance_mean,1995,0.44310310559006216,23,0.10178518438999,-0.0012133853400174623,2.8322475412269674,-0.3792406020133812,0.06759834404355332,0.4115437878921302
polish,dominance_mean,1996,0.32634444444444444,9,0.11048480790487793,-0.0012133853400174623,2.8322475412269674,-0.3792406020133812,0.06759834404355332,0.4103304025521126
polish,dominance_mean,1997,0.3557011904761905,28,0.09732050502396067,-0.0012133853400174623,2.8322475412269674,-0.3792406020133812,0.06759834404355332,0.40911701721209504
polish,dominance_mean,1998,0.38951079365079366,15,0.08313289869269046,-0.0012133853400174623,2.8322475412269674,-0.3792406020133812,0.06759834404355332,0.4079036318720779
polish,dominance_mean,1999,0.38824791027522126,21,0.08348146920383538,-0.0012133853400174623,2.8322475412269674,-0.3792406020133812,0.06759834404355332,0.4066902465320603
polish,dominance_mean,2000,0.433518408745077,56,0.09720395469842558,-0.0012133853400174623,2.8322475412269674,-0.3792406020133812,0.06759834404355332,0.40547686119204274
polish,dominance_mean,2001,0.3877777423869178,75,0.11401216100867925,-0.0012133853400174623,2.8322475412269674,-0.3792406020133812,0.06759834404355332,0.40426347585202516
polish,dominance_mean,2002,0.39237957967572207,155,0.08630088050886676,-0.0012133853400174623,2.8322475412269674,-0.3792406020133812,0.06759834404355332,0.403050090512008
polish,dominance_mean,2003,0.3779525380291005,48,0.10315102250952397,-0.0012133853400174623,2.8322475412269674,-0.3792406020133812,0.06759834404355332,0.40183670517199044
polish,dominance_mean,2004,0.4018749662897487,33,0.09305756414965233,-0.0012133853400174623,2.8322475412269674,-0.3792406020133812,0.06759834404355332,0.40062331983197286
polish,dominance_mean,2005,0.4003894474111504,660,0.10908010076358059,-0.0012133853400174623,2.8322475412269674,-0.3792406020133812,0.06759834404355332,0.3994099344919557
polish,dominance_mean,2006,0.3863930403989084,395,0.11058582463025883,-0.0012133853400174623,2.8322475412269674,-0.3792406020133812,0.06759834404355332,0.39819654915193814
polish,dominance_mean,2007,0.38030407104963254,240,0.10500677569655396,-0.0012133853400174623,2.8322475412269674,-0.3792406020133812,0.06759834404355332,0.39698316381192056
polish,dominance_mean,2008,0.4058143084542699,275,0.10883138032498078,-0.0012133853400174623,2.8322475412269674,-0.3792406020133812,0.06759834404355332,0.395769778471903
polish,dominance_mean,2009,0.4052950027362385,285,0.09090465034878929,-0.0012133853400174623,2.8322475412269674,-0.3792406020133812,0.06759834404355332,0.39455639313188584
polish,dominance_mean,2010,0.40049208435574774,529,0.0959368144838813,-0.0012133853400174623,2.8322475412269674,-0.3792406020133812,0.06759834404355332,0.39334300779186826
polish,dominance_mean,2011,0.39732149595911087,940,0.09912571579483014,-0.0012133853400174623,2.8322475412269674,-0.3792406020133812,0.06759834404355332,0.3921296224518507
polish,dominance_mean,2012,0.4059753968011398,484,0.10544007354088861,-0.0012133853400174623,2.8322475412269674,-0.3792406020133812,0.06759834404355332,0.3909162371118331
polish,dominance_mean,2013,0.41455647369593357,333,0.10468339033325431,-0.0012133853400174623,2.8322475412269674,-0.3792406020133812,0.06759834404355332,0.38970285177181596
polish,dominance_mean,2014,0.39923139283397024,595,0.09041641075546224,-0.0012133853400174623,2.8322475412269674,-0.3792406020133812,0.06759834404355332,0.3884894664317984
polish,dominance_mean,2015,0.40060574545349614,562,0.09640541864850975,-0.0012133853400174623,2.8322475412269674,-0.3792406020133812,0.06759834404355332,0.3872760810917808
polish,dominance_mean,2016,0.3980282888151707,353,0.09278815650524146,-0.0012133853400174623,2.8322475412269674,-0.3792406020133812,0.06759834404355332,0.3860626957517632
finnish,valence_mean,1981,0.23953633216078432,10,0.11521117684596856,0.0010918305042425067,-1.9432006665326431,0.31877044112008823,0.08049409296842006,0.2197155623717626
finnish,valence_mean,1983,0.27887601537878787,11,0.15239504588243227,0.0010918305042425067,-1.9432006665326431,0.31877044112008823,0.08049409296842006,0.22189922338024748
finnish,valence_mean,1988,0.21599251339999997,5,0.05938298708068247,0.0010918305042425067,-1.9432006665326431,0.31877044112008823,0.08049409296842006,0.22735837590146013
finnish,valence_mean,1989,0.23777405015882389,49,0.0992878811218606,0.0010918305042425067,-1.9432006665326431,0.31877044112008823,0.08049409296842006,0.22845020640570257
finnish,valence_mean,1990,0.24484762826988632,16,0.12465052186792334,0.0010918305042425067,-1.9432006665326431,0.31877044112008823,0.08049409296842006,0.229542036909945
finnish,valence_mean,1991,0.2165972506083024,28,0.08448088729853095,0.0010918305042425067,-1.9432006665326431,0.31877044112008823,0.08049409296842006,0.2306338674141879
finnish,valence_mean,1993,0.2135629616544715,41,0.08831295723131638,0.0010918305042425067,-1.9432006665326431,0.31877044112008823,0.08049409296842006,0.23281752842267278
finnish,valence_mean,1994,0.20816483699533728,56,0.09573477969379411,0.0010918305042425067,-1.9432006665326431,0.31877044112008823,0.08049409296842006,0.23390935892691522
finnish,valence_mean,1995,0.22797091850842488,65,0.09994120216385803,0.0010918305042425067,-1.9432006665326431,0.31877044112008823,0.08049409296842006,0.23500118943115766
finnish,valence_mean,1996,0.2684399958006536,51,0.11077123059309574,0.0010918305042425067,-1.9432006665326431,0.31877044112008823,0.08049409296842006,0.2360930199354001
finnish,valence_mean,1997,0.240260533969494,32,0.12046537614352819,0.0010918305042425067,-1.9432006665326431,0.31877044112008823,0.08049409296842006,0.237184850439643
finnish,valence_mean,1998,0.21961383561195166,58,0.11005802435908058,0.0010918305042425067,-1.9432006665326431,0.31877044112008823,0.08049409296842006,0.23827668094388543
finnish,valence_mean,1999,0.24590223524691357,54,0.10663470291095614,0.0010918305042425067,-1.9432006665326431,0.31877044112008823,0.08049409296842006,0.23936851144812787
finnish,valence_mean,2000,0.24610710315455303,38,0.09909310388902569,0.0010918305042425067,-1.9432006665326431,0.31877044112008823,0.08049409296842006,0.24046034195237032
finnish,valence_mean,2001,0.21949515454182597,73,0.08391130706604807,0.0010918305042425067,-1.9432006665326431,0.31877044112008823,0.08049409296842006,0.24155217245661276
finnish,valence_mean,2002,0.2213132989490697,113,0.1200342877370846,0.0010918305042425067,-1.9432006665326431,0.31877044112008823,0.08049409296842006,0.2426440029608552
finnish,valence_mean,2003,0.24152236715866313,169,0.10056613278319528,0.0010918305042425067,-1.9432006665326431,0.31877044112008823,0.08049409296842006,0.24373583346509764
finnish,valence_mean,2004,0.21104758698407042,132,0.09302605531458501,0.0010918305042425067,-1.9432006665326431,0.31877044112008823,0.08049409296842006,0.24482766396934053
finnish,valence_mean,2005,0.22287051019113208,416,0.09861186338895633,0.0010918305042425067,-1.9432006665326431,0.31877044112008823,0.08049409296842006,0.24591949447358297
finnish,valence_mean,2006,0.22208083326821468,283,0.09580597875636476,0.0010918305042425067,-1.9432006665326431,0.31877044112008823,0.08049409296842006,0.2470113249778254
finnish,valence_mean,2007,0.23731398689680078,724,0.11178553382473178,0.0010918305042425067,-1.9432006665326431,0.31877044112008823,0.08049409296842006,0.24810315548206785
finnish,valence_mean,2008,0.23328859751311273,507,0.10691405168758548,0.0010918305042425067,-1.9432006665326431,0.31877044112008823,0.08049409296842006,0.2491949859863103
finnish,valence_mean,2009,0.25164034761423126,236,0.1175076224723888,0.0010918305042425067,-1.9432006665326431,0.31877044112008823,0.08049409296842006,0.25028681649055273
finnish,valence_mean,2010,0.2610766907672631,338,0.1287970956116437,0.0010918305042425067,-1.9432006665326431,0.31877044112008823,0.08049409296842006,0.2513786469947952
finnish,valence_mean,2011,0.23195511928342483,371,0.10306316750622571,0.0010918305042425067,-1.9432006665326431,0.31877044112008823,0.08049409296842006,0.25247047749903806
finnish,valence_mean,2012,0.26474381279575504,333,0.10682229261227089,0.0010918305042425067,-1.9432006665326431,0.31877044112008823,0.08049409296842006,0.2535623080032805
finnish,valence_mean,2013,0.2526179285420982,309,0.10645040383218847,0.0010918305042425067,-1.9432006665326431,0.31877044112008823,0.08049409296842006,0.25465413850752294
finnish,valence_mean,2014,0.23907192015917966,418,0.1079831897316065,0.0010918305042425067,-1.9432006665326431,0.31877044112008823,0.08049409296842006,0.2557459690117654
finnish,valence_mean,2015,0.24833919888565442,252,0.09872994233952062,0.0010918305042425067,-1.9432006665326431,0.31877044112008823,0.08049409296842006,0.2568377995160078
finnish,valence_mean,2016,0.24501497907542916,72,0.11511478454103831,0.0010918305042425067,-1.9432006665326431,0.31877044112008823,0.08049409296842006,0.25792963002025027
finnish,valence_mean,2017,0.39854809067857144,6,0.0898133468946143,0.0010918305042425067,-1.9432006665326431,0.31877044112008823,0.08049409296842006,0.2590214605244927
finnish,arousal_mean,1981,0.15254277247352938,10,0.06202969292117379,-2.3346761541798158e-05,0.17743996106393245,-0.01474246830631225,0.9372604396700975,0.1311900264496303
finnish,arousal_mean,1983,0.17290146190909092,11,0.12093158554293192,-2.3346761541798158e-05,0.17743996106393245,-0.01474246830631225,0.9372604396700975,0.1311433329265467
finnish,arousal_mean,1988,0.10360247600000001,5,0.050517578261128245,-2.3346761541798158e-05,0.17743996106393245,-0.01474246830631225,0.9372604396700975,0.1310265991188377
finnish,arousal_mean,1989,0.11948735801022264,49,0.05172441981407767,-2.3346761541798158e-05,0.17743996106393245,-0.01474246830631225,0.9372604396700975,0.13100325235729593
finnish,arousal_mean,1990,0.14673495630681815,16,0.06554495873588709,-2.3346761541798158e-05,0.17743996106393245,-0.01474246830631225,0.9372604396700975,0.13097990559575412
finnish,arousal_mean,1991,0.1453076660153061,28,0.07682270906836677,-2.3346761541798158e-05,0.17743996106393245,-0.01474246830631225,0.9372604396700975,0.1309565588342123
finnish,arousal_mean,1993,0.11945804233739836,41,0.054246021793515245,-2.3346761541798158e-05,0.17743996106393245,-0.01474246830631225,0.9372604396700975,0.13090986531112872
finnish,arousal_mean,1994,0.12078592458134918,56,0.04959498598740918,-2.3346761541798158e-05,0.17743996106393245,-0.01474246830631225,0.9372604396700975,0.13088651854958694
finnish,arousal_mean,1995,0.125378480563956,65,0.039515332643227014,-2.3346761541798158e-05,0.17743996106393245,-0.01474246830631225,0.9372604396700975,0.13086317178804513
finnish,arousal_mean,1996,0.136914253040056,51,0.07314523645663552,-2.3346761541798158e-05,0.17743996106393245,-0.01474246830631225,0.9372604396700975,0.13083982502650332
finnish,arousal_mean,1997,0.13635040193452377,32,0.07244956239359485,-2.3346761541798158e-05,0.17743996106393245,-0.01474246830631225,0.9372604396700975,0.1308164782649615
finnish,arousal_mean,1998,0.1250190885748299,58,0.06247732554002466,-2.3346761541798158e-05,0.17743996106393245,-0.01474246830631225,0.9372604396700975,0.13079313150341973
finnish,arousal_mean,1999,0.1181210176242798,54,0.05193197234032795,-2.3346761541798158e-05,0.17743996106393245,-0.01474246830631225,0.9372604396700975,0.13076978474187795
finnish,arousal_mean,2000,0.1076398894880952,38,0.04181767342703603,-2.3346761541798158e-05,0.17743996106393245,-0.01474246830631225,0.9372604396700975,0.13074643798033614
finnish,arousal_mean,2001,0.11604312856641072,73,0.058014392803056154,-2.3346761541798158e-05,0.17743996106393245,-0.01474246830631225,0.9372604396700975,0.13072309121879433
finnish,arousal_mean,2002,0.1314028843602226,113,0.08292106887739911,-2.3346761541798158e-05,0.17743996106393245,-0.01474246830631225,0.9372604396700975,0.13069974445725252
finnish,arousal_mean,2003,0.11084662367509837,169,0.05276103687394623,-2.3346761541798158e-05,0.17743996106393245,-0.01474246830631225,0.9372604396700975,0.13067639769571074
finnish,arousal_mean,2004,0.11852256643459935,132,0.06553658687369089,-2.3346761541798158e-05,0.17743996106393245,-0.01474246830631225,0.9372604396700975,0.13065305093416896
finnish,arousal_mean,2005,0.11940081930009992,416,0.057587528352274625,-2.3346761541798158e-05,0.17743996106393245,-0.01474246830631225,0.9372604396700975,0.13062970417262715
finnish,arousal_mean,2006,0.11688522320746103,283,0.055979085951639564,-2.3346761541798158e-05,0.17743996106393245,-0.01474246830631225,0.9372604396700975,0.13060635741108534
finnish,arousal_mean,2007,0.13071622533931718,724,0.06927083810793448,-2.3346761541798158e-05,0.17743996106393245,-0.01474246830631225,0.9372604396700975,0.13058301064954353
finnish,arousal_mean,2008,0.1286327086932073,507,0.06518574036101436,-2.3346761541798158e-05,0.17743996106393245,-0.01474246830631225,0.9372604396700975,0.13055966388800175
finnish,arousal_mean,2009,0.13078860079588359,236,0.06847951012407395,-2.3346761541798158e-05,0.17743996106393245,-0.01474246830631225,0.9372604396700975,0.13053631712645997
finnish,arousal_mean,2010,0.13971664055072827,338,0.07773904201062351,-2.3346761541798158e-05,0.17743996106393245,-0.01474246830631225,0.9372604396700975,0.13051297036491816
finnish,arousal_mean,2011,0.13461604505778765,371,0.07480346471010445,-2.3346761541798158e-05,0.17743996106393245,-0.01474246830631225,0.9372604396700975,0.13048962360337635
finnish,arousal_mean,2012,0.15083408692588782,333,0.08548531457316416,-2.3346761541798158e-05,0.17743996106393245,-0.01474246830631225,0.9372604396700975,0.13046627684183454
finnish,arousal_mean,2013,0.13633157171263688,309,0.06935351896619957,-2.3346761541798158e-05,0.17743996106393245,-0.01474246830631225,0.9372604396700975,0.13044293008029276
finnish,arousal_mean,2014,0.12855104273738946,418,0.06728129675307384,-2.3346761541798158e-05,0.17743996106393245,-0.01474246830631225,0.9372604396700975,0.13041958331875098
finnish,arousal_mean,2015,0.12709913170576953,252,0.061289635975574006,-2.3346761541798158e-05,0.17743996106393245,-0.01474246830631225,0.9372604396700975,0.13039623655720917
finnish,arousal_mean,2016,0.13784091816409438,72,0.07038927223379962,-2.3346761541798158e-05,0.17743996106393245,-0.01474246830631225,0.9372604396700975,0.13037288979566736
finnish,arousal_mean,2017,0.16357027351190476,6,0.10865404044700337,-2.3346761541798158e-05,0.17743996106393245,-0.01474246830631225,0.9372604396700975,0.13034954303412555
finnish,dominance_mean,1981,0.5053274509803922,10,0.14071026510092174,0.0007016910261000246,-0.884162823525675,0.2824841320875426,0.12362770610887185,0.5058870991784737
finnish,dominance_mean,1983,0.48570606060606064,11,0.10208050942290799,0.0007016910261000246,-0.884162823525675,0.2824841320875426,0.12362770610887185,0.5072904812306739
finnish,dominance_mean,1988,0.5307999999999999,5,0.08651416069060598,0.0007016910261000246,-0.884162823525675,0.2824841320875426,0.12362770610887185,0.5107989363611739
finnish,dominance_mean,1989,0.5145992998110613,49,0.14992661717629974,0.0007016910261000246,-0.884162823525675,0.2824841320875426,0.12362770610887185,0.5115006273872741
finnish,dominance_mean,1990,0.5202431818181819,16,0.14635793862427524,0.0007016910261000246,-0.884162823525675,0.2824841320875426,0.12362770610887185,0.512202318413374
finnish,dominance_mean,1991,0.5640858688930117,28,0.14151179448337897,0.0007016910261000246,-0.884162823525675,0.2824841320875426,0.12362770610887185,0.512904009439474
finnish,dominance_mean,1993,0.49282520325203255,41,0.11042445023647209,0.0007016910261000246,-0.884162823525675,0.2824841320875426,0.12362770610887185,0.5143073914916741
finnish,dominance_mean,1994,0.525618005952381,56,0.11761120140703447,0.0007016910261000246,-0.884162823525675,0.2824841320875426,0.12362770610887185,0.5150090825177741
finnish,dominance_mean,1995,0.49110313186813187,65,0.12387778710209049,0.0007016910261000246,-0.884162823525675,0.2824841320875426,0.12362770610887185,0.5157107735438743
finnish,dominance_mean,1996,0.5272576097105509,51,0.13102175964061918,0.0007016910261000246,-0.884162823525675,0.2824841320875426,0.12362770610887185,0.5164124645699742
finnish,dominance_mean,1997,0.5548984375,32,0.1144110145804873,0.0007016910261000246,-0.884162823525675,0.2824841320875426,0.12362770610887185,0.5171141555960742
finnish,dominance_mean,1998,0.4886509802369224,58,0.13268877763676915,0.0007016910261000246,-0.884162823525675,0.2824841320875426,0.12362770610887185,0.5178158466221742
finnish,dominance_mean,1999,0.520073816872428,54,0.13912381493733056,0.0007016910261000246,-0.884162823525675,0.2824841320875426,0.12362770610887185,0.5185175376482744
finnish,dominance_mean,2000,0.5330649436090226,38,0.12256382777212865,0.0007016910261000246,-0.884162823525675,0.2824841320875426,0.12362770610887185,0.5192192286743743
finnish,dominance_mean,2001,0.5242889612290298,73,0.12610213148932958,0.0007016910261000246,-0.884162823525675,0.2824841320875426,0.12362770610887185,0.5199209197004743
finnish,dominance_mean,2002,0.48986040643268924,113,0.12380770277665722,0.0007016910261000246,-0.884162823525675,0.2824841320875426,0.12362770610887185,0.5206226107265745
finnish,dominance_mean,2003,0.5271614276748893,169,0.12287183492694595,0.0007016910261000246,-0.884162823525675,0.2824841320875426,0.12362770610887185,0.5213243017526744
finnish,dominance_mean,2004,0.48412676285250394,132,0.12267142634272322,0.0007016910261000246,-0.884162823525675,0.2824841320875426,0.12362770610887185,0.5220259927787744
finnish,dominance_mean,2005,0.5103037867447724,416,0.12924416061679236,0.0007016910261000246,-0.884162823525675,0.2824841320875426,0.12362770610887185,0.5227276838048743
finnish,dominance_mean,2006,0.523560758444078,283,0.11928073189585225,0.0007016910261000246,-0.884162823525675,0.2824841320875426,0.12362770610887185,0.5234293748309745
finnish,dominance_mean,2007,0.5203536071384721,724,0.12230203125611502,0.0007016910261000246,-0.884162823525675,0.2824841320875426,0.12362770610887185,0.5241310658570745
finnish,dominance_mean,2008,0.5061489805673843,507,0.11858292800157468,0.0007016910261000246,-0.884162823525675,0.2824841320875426,0.12362770610887185,0.5248327568831744
finnish,dominance_mean,2009,0.5235696494644875,236,0.12266421941797026,0.0007016910261000246,-0.884162823525675,0.2824841320875426,0.12362770610887185,0.5255344479092746
finnish,dominance_mean,2010,0.5194014442224979,338,0.10582050340823988,0.0007016910261000246,-0.884162823525675,0.2824841320875426,0.12362770610887185,0.5262361389353746
finnish,dominance_mean,2011,0.5129146241291751,371,0.113456757134297,0.0007016910261000246,-0.884162823525675,0.2824841320875426,0.12362770610887185,0.5269378299614745
finnish,dominance_mean,2012,0.5330836231562014,333,0.10132414453516264,0.0007016910261000246,-0.884162823525675,0.2824841320875426,0.12362770610887185,0.5276395209875745
finnish,dominance_mean,2013,0.5230841172123247,309,0.11297845100567974,0.0007016910261000246,-0.884162823525675,0.2824841320875426,0.12362770610887185,0.5283412120136747
finnish,dominance_mean,2014,0.5189010236038645,418,0.12451962365460024,0.0007016910261000246,-0.884162823525675,0.2824841320875426,0.12362770610887185,0.5290429030397746
finnish,dominance_mean,2015,0.528232865519175,252,0.11355560313868505,0.0007016910261000246,-0.884162823525675,0.2824841320875426,0.12362770610887185,0.5297445940658746
finnish,dominance_mean,2016,0.5211247757258174,72,0.13587444061589718,0.0007016910261000246,-0.884162823525675,0.2824841320875426,0.12362770610887185,0.5304462850919748
finnish,dominance_mean,2017,0.608404761904762,6,0.10831915867497507,0.0007016910261000246,-0.884162823525675,0.2824841320875426,0.12362770610887185,0.5311479761180747
turkish,valence_mean,1977,0.2054905987037037,3,0.07966032748464312,-0.000813048789168256,1.7513829720739449,-0.28410844335394825,0.10343731961537447,0.14398551588830277
turkish,valence_mean,1980,0.10678774699999996,5,0.02579994038245722,-0.000813048789168256,1.7513829720739449,-0.28410844335394825,0.10343731961537447,0.1415463695207979
turkish,valence_mean,1985,0.15523993729437224,3,0.038795213591037006,-0.000813048789168256,1.7513829720739449,-0.28410844335394825,0.10343731961537447,0.13748112557495662
turkish,valence_mean,1986,0.2423635700245098,12,0.18517925278924985,-0.000813048789168256,1.7513829720739449,-0.28410844335394825,0.10343731961537447,0.1366680767857884
turkish,valence_mean,1988,0.11460295916666663,9,0.07011473763086365,-0.000813048789168256,1.7513829720739449,-0.28410844335394825,0.10343731961537447,0.13504197920745176
turkish,valence_mean,1989,0.1071360229486633,30,0.10346829774401821,-0.000813048789168256,1.7513829720739449,-0.28410844335394825,0.10343731961537447,0.13422893041828354
turkish,valence_mean,1990,0.1017642358333333,14,0.10247404256642581,-0.000813048789168256,1.7513829720739449,-0.28410844335394825,0.10343731961537447,0.13341588162911533
turkish,valence_mean,1991,0.10555042855112044,68,0.0955060531388093,-0.000813048789168256,1.7513829720739449,-0.28410844335394825,0.10343731961537447,0.13260283283994712
turkish,valence_mean,1992,0.11487075446747964,41,0.07491680771390903,-0.000813048789168256,1.7513829720739449,-0.28410844335394825,0.10343731961537447,0.1317897840507789
turkish,valence_mean,1993,0.1319065273605364,145,0.08710476523125774,-0.000813048789168256,1.7513829720739449,-0.28410844335394825,0.10343731961537447,0.1309767352616107
turkish,valence_mean,1994,0.113615792442556,115,0.08242273585287532,-0.000813048789168256,1.7513829720739449,-0.28410844335394825,0.10343731961537447,0.13016368647244225
turkish,valence_mean,1995,0.13691950874445727,38,0.07508381508395344,-0.000813048789168256,1.7513829720739449,-0.28410844335394825,0.10343731961537447,0.12935063768327404
turkish,valence_mean,1996,0.1080028442329317,83,0.0876842335660518,-0.000813048789168256,1.7513829720739449,-0.28410844335394825,0.10343731961537447,0.12853758889410583
turkish,valence_mean,1997,0.14662562541373433,56,0.09906760463421611,-0.000813048789168256,1.7513829720739449,-0.28410844335394825,0.10343731961537447,0.1277245401049376
turkish,valence_mean,1998,0.12303283602959181,70,0.10261017924670848,-0.000813048789168256,1.7513829720739449,-0.28410844335394825,0.10343731961537447,0.1269114913157694
turkish,valence_mean,1999,0.11385017747120181,105,0.09855122680071911,-0.000813048789168256,1.7513829720739449,-0.28410844335394825,0.10343731961537447,0.12609844252660096
turkish,valence_mean,2000,0.09824018659890109,66,0.11283747979985939,-0.000813048789168256,1.7513829720739449,-0.28410844335394825,0.10343731961537447,0.12528539373743275
turkish,valence_mean,2001,0.1066779005955182,100,0.10221566403199546,-0.000813048789168256,1.7513829720739449,-0.28410844335394825,0.10343731961537447,0.12447234494826453
turkish,valence_mean,2002,0.10188404392208114,103,0.09181844114455062,-0.000813048789168256,1.7513829720739449,-0.28410844335394825,0.10343731961537447,0.12365929615909632
turkish,valence_mean,2003,0.1287559812903564,159,0.1355961179055082,-0.000813048789168256,1.7513829720739449,-0.28410844335394825,0.10343731961537447,0.12284624736992811
turkish,valence_mean,2004,0.11927213879156859,149,0.0975411468709339,-0.000813048789168256,1.7513829720739449,-0.28410844335394825,0.10343731961537447,0.12203319858075967
turkish,valence_mean,2005,0.12945860927844807,136,0.0915872578752213,-0.000813048789168256,1.7513829720739449,-0.28410844335394825,0.10343731961537447,0.12122014979159146
turkish,valence_mean,2006,0.11773651939831307,277,0.09715846079156298,-0.000813048789168256,1.7513829720739449,-0.28410844335394825,0.10343731961537447,0.12040710100242324
turkish,valence_mean,2007,0.11334164963442256,83,0.1057708396099093,-0.000813048789168256,1.7513829720739449,-0.28410844335394825,0.10343731961537447,0.11959405221325503
turkish,valence_mean,2008,0.12347800465145439,133,0.10890166523129216,-0.000813048789168256,1.7513829720739449,-0.28410844335394825,0.10343731961537447,0.11878100342408682
turkish,valence_mean,2009,0.12236748560467944,175,0.08823031695424233,-0.000813048789168256,1.7513829720739449,-0.28410844335394825,0.10343731961537447,0.11796795463491838
turkish,valence_mean,2010,0.10118337235387748,147,0.09898000613901957,-0.000813048789168256,1.7513829720739449,-0.28410844335394825,0.10343731961537447,0.11715490584575017
turkish,valence_mean,2011,0.10524042834553529,138,0.09785770849827163,-0.000813048789168256,1.7513829720739449,-0.28410844335394825,0.10343731961537447,0.11634185705658195
turkish,valence_mean,2012,0.11012900815439836,139,0.09111282225495128,-0.000813048789168256,1.7513829720739449,-0.28410844335394825,0.10343731961537447,0.11552880826741374
turkish,valence_mean,2013,0.1063066449047619,233,0.11183360010344504,-0.000813048789168256,1.7513829720739449,-0.28410844335394825,0.10343731961537447,0.11471575947824553
turkish,valence_mean,2014,0.10431222028391302,212,0.10312527656964532,-0.000813048789168256,1.7513829720739449,-0.28410844335394825,0.10343731961537447,0.11390271068907709
turkish,valence_mean,2015,0.13635605989377966,90,0.1166830256231753,-0.000813048789168256,1.7513829720739449,-0.28410844335394825,0.10343731961537447,0.11308966189990888
turkish,valence_mean,2016,0.1258272968738977,54,0.07458266029088358,-0.000813048789168256,1.7513829720739449,-0.28410844335394825,0.10343731961537447,0.11227661311074066
turkish,valence_mean,2017,0.17893712444444443,3,0.07712109052042014,-0.000813048789168256,1.7513829720739449,-0.28410844335394825,0.10343731961537447,0.11146356432157245
turkish,arousal_mean,1977,0.08633156240740736,3,0.04835718629753073,0.000997332162711006,-1.8626748439925678,0.6408739329837535,4.441862204329109e-05,0.109050841687091
turkish,arousal_mean,1980,0.083902464,5,0.059196021331643055,0.000997332162711006,-1.8626748439925678,0.6408739329837535,4.441862204329109e-05,0.11204283817522409
turkish,arousal_mean,1985,0.09781281619047615,3,0.04163654921388018,0.000997332162711006,-1.8626748439925678,0.6408739329837535,4.441862204329109e-05,0.11702949898877901
turkish,arousal_mean,1986,0.11576157395098036,12,0.07714446496641901,0.000997332162711006,-1.8626748439925678,0.6408739329837535,4.441862204329109e-05,0.11802683115149004
turkish,arousal_mean,1988,0.12763628538888888,9,0.05918196544051097,0.000997332162711006,-1.8626748439925678,0.6408739329837535,4.441862204329109e-05,0.1200214954769121
turkish,arousal_mean,1989,0.14211412538923138,30,0.058823950325627324,0.000997332162711006,-1.8626748439925678,0.6408739329837535,4.441862204329109e-05,0.12101882763962313
turkish,arousal_mean,1990,0.13846373502380951,14,0.07146815248374415,0.000997332162711006,-1.8626748439925678,0.6408739329837535,4.441862204329109e-05,0.12201615980233416
turkish,arousal_mean,1991,0.12983879576743695,68,0.05148437281390896,0.000997332162711006,-1.8626748439925678,0.6408739329837535,4.441862204329109e-05,0.12301349196504519
turkish,arousal_mean,1992,0.12989389448130076,41,0.0739360880127196,0.000997332162711006,-1.8626748439925678,0.6408739329837535,4.441862204329109e-05,0.12401082412775621
turkish,arousal_mean,1993,0.1354017623229009,145,0.06584706006847595,0.000997332162711006,-1.8626748439925678,0.6408739329837535,4.441862204329109e-05,0.12500815629046724
turkish,arousal_mean,1994,0.12468312577258231,115,0.07146539333951245,0.000997332162711006,-1.8626748439925678,0.6408739329837535,4.441862204329109e-05,0.12600548845317827
turkish,arousal_mean,1995,0.12812097311542794,38,0.06429116774646884,0.000997332162711006,-1.8626748439925678,0.6408739329837535,4.441862204329109e-05,0.12700282061588908
turkish,arousal_mean,1996,0.1311720243279116,83,0.07014497785901185,0.000997332162711006,-1.8626748439925678,0.6408739329837535,4.441862204329109e-05,0.1280001527786001
turkish,arousal_mean,1997,0.13504948824602708,56,0.06866742506992016,0.000997332162711006,-1.8626748439925678,0.6408739329837535,4.441862204329109e-05,0.12899748494131114
turkish,arousal_mean,1998,0.15966637386496596,70,0.06998346094161484,0.000997332162711006,-1.8626748439925678,0.6408739329837535,4.441862204329109e-05,0.12999481710402216
turkish,arousal_mean,1999,0.1416527170854724,105,0.0639664608085804,0.000997332162711006,-1.8626748439925678,0.6408739329837535,4.441862204329109e-05,0.1309921492667332
turkish,arousal_mean,2000,0.12055068257536905,66,0.06254927685687081,0.000997332162711006,-1.8626748439925678,0.6408739329837535,4.441862204329109e-05,0.13198948142944422
turkish,arousal_mean,2001,0.1369555306345826,100,0.06237915575763234,0.000997332162711006,-1.8626748439925678,0.6408739329837535,4.441862204329109e-05,0.13298681359215525
turkish,arousal_mean,2002,0.13049360245228311,103,0.07415962827296235,0.000997332162711006,-1.8626748439925678,0.6408739329837535,4.441862204329109e-05,0.13398414575486628
turkish,arousal_mean,2003,0.1309337542903167,159,0.09734423470854522,0.000997332162711006,-1.8626748439925678,0.6408739329837535,4.441862204329109e-05,0.1349814779175773
turkish,arousal_mean,2004,0.1427246805592502,149,0.06495659145233616,0.000997332162711006,-1.8626748439925678,0.6408739329837535,4.441862204329109e-05,0.13597881008028834
turkish,arousal_mean,2005,0.13175805572406554,136,0.06822394175105136,0.000997332162711006,-1.8626748439925678,0.6408739329837535,4.441862204329109e-05,0.13697614224299914
turkish,arousal_mean,2006,0.137139206050962,277,0.06069183921289263,0.000997332162711006,-1.8626748439925678,0.6408739329837535,4.441862204329109e-05,0.13797347440571017
turkish,arousal_mean,2007,0.14945235765236517,83,0.0712507915068435,0.000997332162711006,-1.8626748439925678,0.6408739329837535,4.441862204329109e-05,0.1389708065684212
turkish,arousal_mean,2008,0.14297061140222522,133,0.07478090755478736,0.000997332162711006,-1.8626748439925678,0.6408739329837535,4.441862204329109e-05,0.13996813873113223
turkish,arousal_mean,2009,0.13034152362989812,175,0.059972067423697435,0.000997332162711006,-1.8626748439925678,0.6408739329837535,4.441862204329109e-05,0.14096547089384326
turkish,arousal_mean,2010,0.15781626296606296,147,0.06607260924185963,0.000997332162711006,-1.8626748439925678,0.6408739329837535,4.441862204329109e-05,0.1419628030565543
turkish,arousal_mean,2011,0.14421247192340075,138,0.0616578663284341,0.000997332162711006,-1.8626748439925678,0.6408739329837535,4.441862204329109e-05,0.14296013521926532
turkish,arousal_mean,2012,0.145852866305038,139,0.06893151340382866,0.000997332162711006,-1.8626748439925678,0.6408739329837535,4.441862204329109e-05,0.14395746738197635
turkish,arousal_mean,2013,0.13989207018756383,233,0.08225895331445114,0.000997332162711006,-1.8626748439925678,0.6408739329837535,4.441862204329109e-05,0.14495479954468737
turkish,arousal_mean,2014,0.1444655537977275,212,0.07256541037669743,0.000997332162711006,-1.8626748439925678,0.6408739329837535,4.441862204329109e-05,0.1459521317073984
turkish,arousal_mean,2015,0.13094814723645773,90,0.07772383539341478,0.000997332162711006,-1.8626748439925678,0.6408739329837535,4.441862204329109e-05,0.14694946387010943
turkish,arousal_mean,2016,0.12200740092239855,54,0.0637566657976518,0.000997332162711006,-1.8626748439925678,0.6408739329837535,4.441862204329109e-05,0.14794679603282046
turkish,arousal_mean,2017,0.14461786944444444,3,0.014491126821208008,0.000997332162711006,-1.8626748439925678,0.6408739329837535,4.441862204329109e-05,0.1489441281955315
turkish,dominance_mean,1977,0.48381481481481486,3,0.04792230508962273,8.428759615016862e-05,0.24755229226840558,0.036431417085850806,0.8379223394076992,0.414188869857289
turkish,dominance_mean,1980,0.39859999999999995,5,0.08263655365514706,8.428759615016862e-05,0.24755229226840558,0.036431417085850806,0.8379223394076992,0.41444173264573947
turkish,dominance_mean,1985,0.41888744588744586,3,0.07146590563074413,8.428759615016862e-05,0.24755229226840558,0.036431417085850806,0.8379223394076992,0.41486317062649025
turkish,dominance_mean,1986,0.4505441176470588,12,0.14757205228818257,8.428759615016862e-05,0.24755229226840558,0.036431417085850806,0.8379223394076992,0.41494745822264045
turkish,dominance_mean,1988,0.3694375,9,0.0799395034932667,8.428759615016862e-05,0.24755229226840558,0.036431417085850806,0.8379223394076992,0.4151160334149408
turkish,dominance_mean,1989,0.39557910609857977,30,0.1258678168973865,8.428759615016862e-05,0.24755229226840558,0.036431417085850806,0.8379223394076992,0.41520032101109094
turkish,dominance_mean,1990,0.40252023809523807,14,0.11711490890562626,8.428759615016862e-05,0.24755229226840558,0.036431417085850806,0.8379223394076992,0.41528460860724115
turkish,dominance_mean,1991,0.42237909663865547,68,0.09575524142908583,8.428759615016862e-05,0.24755229226840558,0.036431417085850806,0.8379223394076992,0.4153688962033913
turkish,dominance_mean,1992,0.42281178861788615,41,0.07615715524528344,8.428759615016862e-05,0.24755229226840558,0.036431417085850806,0.8379223394076992,0.41545318379954144
turkish,dominance_mean,1993,0.40097762178434593,145,0.11112113803484698,8.428759615016862e-05,0.24755229226840558,0.036431417085850806,0.8379223394076992,0.41553747139569164
turkish,dominance_mean,1994,0.3931749049501223,115,0.09988496398054357,8.428759615016862e-05,0.24755229226840558,0.036431417085850806,0.8379223394076992,0.41562175899184184
turkish,dominance_mean,1995,0.4162583285135917,38,0.09105520228933849,8.428759615016862e-05,0.24755229226840558,0.036431417085850806,0.8379223394076992,0.415706046587992
turkish,dominance_mean,1996,0.40535,83,0.10563383325261978,8.428759615016862e-05,0.24755229226840558,0.036431417085850806,0.8379223394076992,0.41579033418414213
turkish,dominance_mean,1997,0.43046651566339067,56,0.11829742805152761,8.428759615016862e-05,0.24755229226840558,0.036431417085850806,0.8379223394076992,0.41587462178029233
turkish,dominance_mean,1998,0.42937569727891156,70,0.1412907638017792,8.428759615016862e-05,0.24755229226840558,0.036431417085850806,0.8379223394076992,0.4159589093764425
turkish,dominance_mean,1999,0.4090306349206349,105,0.09099415879287012,8.428759615016862e-05,0.24755229226840558,0.036431417085850806,0.8379223394076992,0.4160431969725926
turkish,dominance_mean,2000,0.39026947496947495,66,0.09761213640678351,8.428759615016862e-05,0.24755229226840558,0.036431417085850806,0.8379223394076992,0.4161274845687428
turkish,dominance_mean,2001,0.41563369467787115,100,0.12207699298371041,8.428759615016862e-05,0.24755229226840558,0.036431417085850806,0.8379223394076992,0.416211772164893
turkish,dominance_mean,2002,0.415102578327821,103,0.1250322976585882,8.428759615016862e-05,0.24755229226840558,0.036431417085850806,0.8379223394076992,0.41629605976104317
turkish,dominance_mean,2003,0.4059700915680186,159,0.11035161950812786,8.428759615016862e-05,0.24755229226840558,0.036431417085850806,0.8379223394076992,0.4163803473571933
turkish,dominance_mean,2004,0.4130795800768955,149,0.1150651873701009,8.428759615016862e-05,0.24755229226840558,0.036431417085850806,0.8379223394076992,0.4164646349533435
turkish,dominance_mean,2005,0.4238445303879127,136,0.10063106035384316,8.428759615016862e-05,0.24755229226840558,0.036431417085850806,0.8379223394076992,0.41654892254949366
turkish,dominance_mean,2006,0.41236295897744457,277,0.09922938858009796,8.428759615016862e-05,0.24755229226840558,0.036431417085850806,0.8379223394076992,0.4166332101456438
turkish,dominance_mean,2007,0.42259019498001515,83,0.08878768760292664,8.428759615016862e-05,0.24755229226840558,0.036431417085850806,0.8379223394076992,0.416717497741794
turkish,dominance_mean,2008,0.41545314964901436,133,0.10245824402709454,8.428759615016862e-05,0.24755229226840558,0.036431417085850806,0.8379223394076992,0.4168017853379442
turkish,dominance_mean,2009,0.4003664984539271,175,0.08627286440054159,8.428759615016862e-05,0.24755229226840558,0.036431417085850806,0.8379223394076992,0.4168860729340943
turkish,dominance_mean,2010,0.414747677175232,147,0.10629860885595016,8.428759615016862e-05,0.24755229226840558,0.036431417085850806,0.8379223394076992,0.4169703605302445
turkish,dominance_mean,2011,0.3923864946647555,138,0.09076658512646894,8.428759615016862e-05,0.24755229226840558,0.036431417085850806,0.8379223394076992,0.4170546481263947
turkish,dominance_mean,2012,0.41047489641986046,139,0.10471303186075027,8.428759615016862e-05,0.24755229226840558,0.036431417085850806,0.8379223394076992,0.41713893572254485
turkish,dominance_mean,2013,0.4078391903399414,233,0.09694284399934548,8.428759615016862e-05,0.24755229226840558,0.036431417085850806,0.8379223394076992,0.417223223318695
turkish,dominance_mean,2014,0.4199694407769352,212,0.1046460346969398,8.428759615016862e-05,0.24755229226840558,0.036431417085850806,0.8379223394076992,0.4173075109148452
turkish,dominance_mean,2015,0.4208142521367521,90,0.10591441745417626,8.428759615016862e-05,0.24755229226840558,0.036431417085850806,0.8379223394076992,0.41739179851099534
turkish,dominance_mean,2016,0.4121414902998236,54,0.11574261034689293,8.428759615016862e-05,0.24755229226840558,0.036431417085850806,0.8379223394076992,0.4174760861071455
turkish,dominance_mean,2017,0.5063333333333333,3,0.045544849690533976,8.428759615016862e-05,0.24755229226840558,0.036431417085850806,0.8379223394076992,0.4175603737032957
norwegian,valence_mean,1980,0.1263998870068027,7,0.08961533558291387,0.0006647773709029893,-1.2209774399044198,0.29670508600860374,0.0935977500495145,0.09528175448349896
norwegian,valence_mean,1982,0.10034212443660745,18,0.028699028447549037,0.0006647773709029893,-1.2209774399044198,0.29670508600860374,0.0935977500495145,0.09661130922530492
norwegian,valence_mean,1986,0.092138915,3,0.0,0.0006647773709029893,-1.2209774399044198,0.29670508600860374,0.0935977500495145,0.09927041870891684
norwegian,valence_mean,1988,0.04909212702020203,3,0.057651234607988044,0.0006647773709029893,-1.2209774399044198,0.29670508600860374,0.0935977500495145,0.10059997345072302
norwegian,valence_mean,1989,0.10389683650725018,17,0.06063514178261645,0.0006647773709029893,-1.2209774399044198,0.29670508600860374,0.0935977500495145,0.101264750821626
norwegian,valence_mean,1990,0.08616442110828942,16,0.06791568912685882,0.0006647773709029893,-1.2209774399044198,0.29670508600860374,0.0935977500495145,0.10192952819252898
norwegian,valence_mean,1991,0.127744795049388,13,0.16863334475197636,0.0006647773709029893,-1.2209774399044198,0.29670508600860374,0.0935977500495145,0.10259430556343196
norwegian,valence_mean,1992,0.08391632731673955,10,0.06068904783995896,0.0006647773709029893,-1.2209774399044198,0.29670508600860374,0.0935977500495145,0.10325908293433494
norwegian,valence_mean,1993,0.14118288674306081,6,0.1071835340465625,0.0006647773709029893,-1.2209774399044198,0.29670508600860374,0.0935977500495145,0.10392386030523793
norwegian,valence_mean,1994,0.08763807347500153,14,0.07527232845707058,0.0006647773709029893,-1.2209774399044198,0.29670508600860374,0.0935977500495145,0.1045886376761409
norwegian,valence_mean,1995,0.12429089358568965,13,0.11090776062068775,0.0006647773709029893,-1.2209774399044198,0.29670508600860374,0.0935977500495145,0.10525341504704389
norwegian,valence_mean,1996,0.07488997947786931,16,0.08514921994802131,0.0006647773709029893,-1.2209774399044198,0.29670508600860374,0.0935977500495145,0.10591819241794687
norwegian,valence_mean,1997,0.1018057418113079,28,0.056373793779240226,0.0006647773709029893,-1.2209774399044198,0.29670508600860374,0.0935977500495145,0.10658296978884985
norwegian,valence_mean,1998,0.10795239056377007,63,0.07109102527279063,0.0006647773709029893,-1.2209774399044198,0.29670508600860374,0.0935977500495145,0.10724774715975283
norwegian,valence_mean,1999,0.10621805018051712,159,0.05886183208985494,0.0006647773709029893,-1.2209774399044198,0.29670508600860374,0.0935977500495145,0.1079125245306558
norwegian,valence_mean,2000,0.11411167105787098,25,0.09284178967994614,0.0006647773709029893,-1.2209774399044198,0.29670508600860374,0.0935977500495145,0.10857730190155879
norwegian,valence_mean,2001,0.12369425547379255,35,0.08143221269589121,0.0006647773709029893,-1.2209774399044198,0.29670508600860374,0.0935977500495145,0.10924207927246177
norwegian,valence_mean,2002,0.10731398416514812,69,0.0704509707974153,0.0006647773709029893,-1.2209774399044198,0.29670508600860374,0.0935977500495145,0.10990685664336475
norwegian,valence_mean,2003,0.10676397722878653,46,0.12407817949472243,0.0006647773709029893,-1.2209774399044198,0.29670508600860374,0.0935977500495145,0.11057163401426773
norwegian,valence_mean,2004,0.10923492302877826,94,0.11675963775252818,0.0006647773709029893,-1.2209774399044198,0.29670508600860374,0.0935977500495145,0.11123641138517071
norwegian,valence_mean,2005,0.11247547164976072,158,0.06953100231602907,0.0006647773709029893,-1.2209774399044198,0.29670508600860374,0.0935977500495145,0.11190118875607369
norwegian,valence_mean,2006,0.1325248202719631,168,0.12775537520415223,0.0006647773709029893,-1.2209774399044198,0.29670508600860374,0.0935977500495145,0.11256596612697667
norwegian,valence_mean,2007,0.1211567530704155,240,0.1116302944780982,0.0006647773709029893,-1.2209774399044198,0.29670508600860374,0.0935977500495145,0.11323074349787965
norwegian,valence_mean,2008,0.11579456100931498,263,0.09073751527446708,0.0006647773709029893,-1.2209774399044198,0.29670508600860374,0.0935977500495145,0.11389552086878263
norwegian,valence_mean,2009,0.11174378387623461,245,0.09144178530671175,0.0006647773709029893,-1.2209774399044198,0.29670508600860374,0.0935977500495145,0.11456029823968561
norwegian,valence_mean,2010,0.09759919014192159,172,0.07547631847183707,0.0006647773709029893,-1.2209774399044198,0.29670508600860374,0.0935977500495145,0.11522507561058859
norwegian,valence_mean,2011,0.1044014201982251,244,0.07449348714053222,0.0006647773709029893,-1.2209774399044198,0.29670508600860374,0.0935977500495145,0.11588985298149179
norwegian,valence_mean,2012,0.12546491230306303,286,0.08107067789124917,0.0006647773709029893,-1.2209774399044198,0.29670508600860374,0.0935977500495145,0.11655463035239477
norwegian,valence_mean,2013,0.130808072917376,111,0.1363500062169379,0.0006647773709029893,-1.2209774399044198,0.29670508600860374,0.0935977500495145,0.11721940772329775
norwegian,valence_mean,2014,0.11023284792418958,73,0.10794986251770684,0.0006647773709029893,-1.2209774399044198,0.29670508600860374,0.0935977500495145,0.11788418509420073
norwegian,valence_mean,2015,0.17586937780928263,51,0.1560409985214455,0.0006647773709029893,-1.2209774399044198,0.29670508600860374,0.0935977500495145,0.11854896246510371
norwegian,valence_mean,2016,0.06911658940371054,12,0.06424733704653131,0.0006647773709029893,-1.2209774399044198,0.29670508600860374,0.0935977500495145,0.1192137398360067
norwegian,valence_mean,2017,0.11636078146987679,85,0.07133437189187239,0.0006647773709029893,-1.2209774399044198,0.29670508600860374,0.0935977500495145,0.11987851720690967
norwegian,arousal_mean,1980,0.09374382231292509,7,0.03207492899637848,0.0007211728619533489,-1.3231724461375896,0.37938995122506536,0.029440353455675423,0.10474982053004123
norwegian,arousal_mean,1982,0.12494597522272527,18,0.03244088254952483,0.0007211728619533489,-1.3231724461375896,0.37938995122506536,0.029440353455675423,0.106192166253948
norwegian,arousal_mean,1986,0.0950453149999999,3,0.0,0.0007211728619533489,-1.3231724461375896,0.37938995122506536,0.029440353455675423,0.10907685770176134
norwegian,arousal_mean,1988,0.07301038237373726,3,0.04521523383764999,0.0007211728619533489,-1.3231724461375896,0.37938995122506536,0.029440353455675423,0.11051920342566812
norwegian,arousal_mean,1989,0.09553683140222088,17,0.031365083651799054,0.0007211728619533489,-1.3231724461375896,0.37938995122506536,0.029440353455675423,0.11124037628762151
norwegian,arousal_mean,1990,0.12182408763618294,16,0.04907964961038557,0.0007211728619533489,-1.3231724461375896,0.37938995122506536,0.029440353455675423,0.1119615491495749
norwegian,arousal_mean,1991,0.1384441131009338,13,0.06947549769665713,0.0007211728619533489,-1.3231724461375896,0.37938995122506536,0.029440353455675423,0.11268272201152807
norwegian,arousal_mean,1992,0.1059779262733459,10,0.03687129808214987,0.0007211728619533489,-1.3231724461375896,0.37938995122506536,0.029440353455675423,0.11340389487348146
norwegian,arousal_mean,1993,0.15346366815811,6,0.053093826387634206,0.0007211728619533489,-1.3231724461375896,0.37938995122506536,0.029440353455675423,0.11412506773543485
norwegian,arousal_mean,1994,0.0765326344024599,14,0.03595109822359235,0.0007211728619533489,-1.3231724461375896,0.37938995122506536,0.029440353455675423,0.11484624059738824
norwegian,arousal_mean,1995,0.12240039628259415,13,0.05548144911563823,0.0007211728619533489,-1.3231724461375896,0.37938995122506536,0.029440353455675423,0.11556741345934163
norwegian,arousal_mean,1996,0.1500074431829975,16,0.1578882535362378,0.0007211728619533489,-1.3231724461375896,0.37938995122506536,0.029440353455675423,0.11628858632129502
norwegian,arousal_mean,1997,0.095739299329314,28,0.04044741286998168,0.0007211728619533489,-1.3231724461375896,0.37938995122506536,0.029440353455675423,0.11700975918324819
norwegian,arousal_mean,1998,0.11521882759038377,63,0.05500603378164072,0.0007211728619533489,-1.3231724461375896,0.37938995122506536,0.029440353455675423,0.11773093204520158
norwegian,arousal_mean,1999,0.12007382503856821,159,0.0471384256753653,0.0007211728619533489,-1.3231724461375896,0.37938995122506536,0.029440353455675423,0.11845210490715496
norwegian,arousal_mean,2000,0.1281264235458298,25,0.06419226419102537,0.0007211728619533489,-1.3231724461375896,0.37938995122506536,0.029440353455675423,0.11917327776910835
norwegian,arousal_mean,2001,0.12970976749305682,35,0.06515268558241472,0.0007211728619533489,-1.3231724461375896,0.37938995122506536,0.029440353455675423,0.11989445063106174
norwegian,arousal_mean,2002,0.119022900339747,69,0.04421201347662947,0.0007211728619533489,-1.3231724461375896,0.37938995122506536,0.029440353455675423,0.12061562349301491
norwegian,arousal_mean,2003,0.13165785964199836,46,0.06948260535530394,0.0007211728619533489,-1.3231724461375896,0.37938995122506536,0.029440353455675423,0.1213367963549683
norwegian,arousal_mean,2004,0.11838545372123105,94,0.0669738468889527,0.0007211728619533489,-1.3231724461375896,0.37938995122506536,0.029440353455675423,0.12205796921692169
norwegian,arousal_mean,2005,0.11521930054555408,158,0.04390194096475067,0.0007211728619533489,-1.3231724461375896,0.37938995122506536,0.029440353455675423,0.12277914207887508
norwegian,arousal_mean,2006,0.1363565570183394,168,0.08112959207135091,0.0007211728619533489,-1.3231724461375896,0.37938995122506536,0.029440353455675423,0.12350031494082847
norwegian,arousal_mean,2007,0.14061109144873749,240,0.10914909623251552,0.0007211728619533489,-1.3231724461375896,0.37938995122506536,0.029440353455675423,0.12422148780278186
norwegian,arousal_mean,2008,0.12733322454430301,263,0.0740121645362281,0.0007211728619533489,-1.3231724461375896,0.37938995122506536,0.029440353455675423,0.12494266066473503
norwegian,arousal_mean,2009,0.1259903545906423,245,0.06349336919131525,0.0007211728619533489,-1.3231724461375896,0.37938995122506536,0.029440353455675423,0.12566383352668842
norwegian,arousal_mean,2010,0.11004078207653334,172,0.053172014938192555,0.0007211728619533489,-1.3231724461375896,0.37938995122506536,0.029440353455675423,0.1263850063886418
norwegian,arousal_mean,2011,0.11519638071930238,244,0.06981959697607346,0.0007211728619533489,-1.3231724461375896,0.37938995122506536,0.029440353455675423,0.1271061792505952
norwegian,arousal_mean,2012,0.12901279153878592,286,0.06412160598057538,0.0007211728619533489,-1.3231724461375896,0.37938995122506536,0.029440353455675423,0.1278273521125486
norwegian,arousal_mean,2013,0.12514283121908418,111,0.10456991874134873,0.0007211728619533489,-1.3231724461375896,0.37938995122506536,0.029440353455675423,0.12854852497450175
norwegian,arousal_mean,2014,0.14001309789505656,73,0.10906198122763465,0.0007211728619533489,-1.3231724461375896,0.37938995122506536,0.029440353455675423,0.12926969783645514
norwegian,arousal_mean,2015,0.15146856067997827,51,0.10047593117154872,0.0007211728619533489,-1.3231724461375896,0.37938995122506536,0.029440353455675423,0.12999087069840853
norwegian,arousal_mean,2016,0.11370582727773833,12,0.08506609102460541,0.0007211728619533489,-1.3231724461375896,0.37938995122506536,0.029440353455675423,0.13071204356036192
norwegian,arousal_mean,2017,0.11034739060308649,85,0.0584318737177987,0.0007211728619533489,-1.3231724461375896,0.37938995122506536,0.029440353455675423,0.1314332164223153
norwegian,dominance_mean,1980,0.49600646258503406,7,0.05906939947626487,0.00027975251760477537,-0.0891510986734863,0.17242605794539734,0.3372906366623899,0.46475888618396893
norwegian,dominance_mean,1982,0.4831048245868648,18,0.042799314048637495,0.00027975251760477537,-0.0891510986734863,0.17242605794539734,0.3372906366623899,0.46531839121917845
norwegian,dominance_mean,1986,0.45359999999999995,3,0.0,0.00027975251760477537,-0.0891510986734863,0.17242605794539734,0.3372906366623899,0.4664374012895976
norwegian,dominance_mean,1988,0.4634381313131313,3,0.08564762268202213,0.00027975251760477537,-0.0891510986734863,0.17242605794539734,0.3372906366623899,0.4669969063248071
norwegian,dominance_mean,1989,0.4586662466007989,17,0.039810935188108874,0.00027975251760477537,-0.0891510986734863,0.17242605794539734,0.3372906366623899,0.46727665884241193
norwegian,dominance_mean,1990,0.5037844150025375,16,0.07288273581236447,0.00027975251760477537,-0.0891510986734863,0.17242605794539734,0.3372906366623899,0.46755641136001663
norwegian,dominance_mean,1991,0.4494335404154829,13,0.037409504326655796,0.00027975251760477537,-0.0891510986734863,0.17242605794539734,0.3372906366623899,0.46783616387762145
norwegian,dominance_mean,1992,0.4434388378863504,10,0.057374080668193335,0.00027975251760477537,-0.0891510986734863,0.17242605794539734,0.3372906366623899,0.46811591639522626
norwegian,dominance_mean,1993,0.4393947540295579,6,0.06396419936348482,0.00027975251760477537,-0.0891510986734863,0.17242605794539734,0.3372906366623899,0.46839566891283096
norwegian,dominance_mean,1994,0.48466353112182403,14,0.08695439512784728,0.00027975251760477537,-0.0891510986734863,0.17242605794539734,0.3372906366623899,0.4686754214304358
norwegian,dominance_mean,1995,0.46759326651609256,13,0.09389892401657415,0.00027975251760477537,-0.0891510986734863,0.17242605794539734,0.3372906366623899,0.4689551739480406
norwegian,dominance_mean,1996,0.45812149413086906,16,0.09091699528316621,0.00027975251760477537,-0.0891510986734863,0.17242605794539734,0.3372906366623899,0.4692349264656453
norwegian,dominance_mean,1997,0.45616495913714145,28,0.051166612633395746,0.00027975251760477537,-0.0891510986734863,0.17242605794539734,0.3372906366623899,0.4695146789832501
norwegian,dominance_mean,1998,0.4783870796236884,63,0.05819873211035558,0.00027975251760477537,-0.0891510986734863,0.17242605794539734,0.3372906366623899,0.4697944315008549
norwegian,dominance_mean,1999,0.4709530848929549,159,0.06626102909062312,0.00027975251760477537,-0.0891510986734863,0.17242605794539734,0.3372906366623899,0.47007418401845963
norwegian,dominance_mean,2000,0.4759941621475538,25,0.07009561801542731,0.00027975251760477537,-0.0891510986734863,0.17242605794539734,0.3372906366623899,0.47035393653606444
norwegian,dominance_mean,2001,0.4495976187477388,35,0.038712932673460244,0.00027975251760477537,-0.0891510986734863,0.17242605794539734,0.3372906366623899,0.47063368905366926
norwegian,dominance_mean,2002,0.4486321159933262,69,0.060049008463392325,0.00027975251760477537,-0.0891510986734863,0.17242605794539734,0.3372906366623899,0.47091344157127396
norwegian,dominance_mean,2003,0.47120554285628186,46,0.09228923446401825,0.00027975251760477537,-0.0891510986734863,0.17242605794539734,0.3372906366623899,0.4711931940888788
norwegian,dominance_mean,2004,0.4540557720772335,94,0.07035540508379233,0.00027975251760477537,-0.0891510986734863,0.17242605794539734,0.3372906366623899,0.4714729466064835
norwegian,dominance_mean,2005,0.48307720328888576,158,0.08047636158405372,0.00027975251760477537,-0.0891510986734863,0.17242605794539734,0.3372906366623899,0.4717526991240883
norwegian,dominance_mean,2006,0.48721201050011825,168,0.08788972962271811,0.00027975251760477537,-0.0891510986734863,0.17242605794539734,0.3372906366623899,0.4720324516416931
norwegian,dominance_mean,2007,0.48693105150691046,240,0.08379729004464437,0.00027975251760477537,-0.0891510986734863,0.17242605794539734,0.3372906366623899,0.4723122041592978
norwegian,dominance_mean,2008,0.47877663151008387,263,0.07629051215640276,0.00027975251760477537,-0.0891510986734863,0.17242605794539734,0.3372906366623899,0.4725919566769026
norwegian,dominance_mean,2009,0.4715376387206171,245,0.07665867692109114,0.00027975251760477537,-0.0891510986734863,0.17242605794539734,0.3372906366623899,0.47287170919450744
norwegian,dominance_mean,2010,0.4720530183133962,172,0.07399473386390025,0.00027975251760477537,-0.0891510986734863,0.17242605794539734,0.3372906366623899,0.47315146171211214
norwegian,dominance_mean,2011,0.46715969197394375,244,0.061439004578597294,0.00027975251760477537,-0.0891510986734863,0.17242605794539734,0.3372906366623899,0.47343121422971696
norwegian,dominance_mean,2012,0.4850340188439127,286,0.07068968951148266,0.00027975251760477537,-0.0891510986734863,0.17242605794539734,0.3372906366623899,0.47371096674732177
norwegian,dominance_mean,2013,0.4902919877623861,111,0.07929969956998392,0.00027975251760477537,-0.0891510986734863,0.17242605794539734,0.3372906366623899,0.4739907192649265
norwegian,dominance_mean,2014,0.4759906499112913,73,0.06077329981007988,0.00027975251760477537,-0.0891510986734863,0.17242605794539734,0.3372906366623899,0.4742704717825313
norwegian,dominance_mean,2015,0.47935577799879203,51,0.0802361096872425,0.00027975251760477537,-0.0891510986734863,0.17242605794539734,0.3372906366623899,0.4745502243001361
norwegian,dominance_mean,2016,0.45103499802797725,12,0.07070804652745227,0.00027975251760477537,-0.0891510986734863,0.17242605794539734,0.3372906366623899,0.4748299768177408
norwegian,dominance_mean,2017,0.49342369557225674,85,0.07276798390765664,0.00027975251760477537,-0.0891510986734863,0.17242605794539734,0.3372906366623899,0.4751097293353456
slovak,valence_mean,1988,0.1676948313333333,5,0.07193808193325199,-0.0004825936170841094,1.1419507340617512,-0.1553374742501937,0.45842522155561194,0.18255462329854166
slovak,valence_mean,1992,0.18485429178920537,28,0.13418707203437608,-0.0004825936170841094,1.1419507340617512,-0.1553374742501937,0.45842522155561194,0.18062424883020523
slovak,valence_mean,1993,0.12034963986378204,32,0.08159303711009902,-0.0004825936170841094,1.1419507340617512,-0.1553374742501937,0.45842522155561194,0.1801416552131211
slovak,valence_mean,1994,0.16895356188034183,13,0.05097875420043859,-0.0004825936170841094,1.1419507340617512,-0.1553374742501937,0.45842522155561194,0.17965906159603695
slovak,valence_mean,1995,0.17708068698257082,9,0.11974232226246537,-0.0004825936170841094,1.1419507340617512,-0.1553374742501937,0.45842522155561194,0.17917646797895292
slovak,valence_mean,1997,0.2633837392185185,15,0.12912402729992573,-0.0004825936170841094,1.1419507340617512,-0.1553374742501937,0.45842522155561194,0.17821128074478465
slovak,valence_mean,1998,0.17214340163925648,41,0.08174473425595308,-0.0004825936170841094,1.1419507340617512,-0.1553374742501937,0.45842522155561194,0.17772868712770062
slovak,valence_mean,1999,0.19252718262666665,25,0.08214378292109423,-0.0004825936170841094,1.1419507340617512,-0.1553374742501937,0.45842522155561194,0.1772460935106165
slovak,valence_mean,2000,0.20557276264339827,44,0.12881800737687962,-0.0004825936170841094,1.1419507340617512,-0.1553374742501937,0.45842522155561194,0.17676349989353235
slovak,valence_mean,2001,0.19309827968433624,48,0.08581761311187552,-0.0004825936170841094,1.1419507340617512,-0.1553374742501937,0.45842522155561194,0.1762809062764482
slovak,valence_mean,2002,0.1756258002542118,23,0.06472060851924032,-0.0004825936170841094,1.1419507340617512,-0.1553374742501937,0.45842522155561194,0.17579831265936408
slovak,valence_mean,2003,0.1672401143132226,79,0.0665000634799952,-0.0004825936170841094,1.1419507340617512,-0.1553374742501937,0.45842522155561194,0.17531571904228005
slovak,valence_mean,2004,0.16577319633641124,108,0.054015375552156686,-0.0004825936170841094,1.1419507340617512,-0.1553374742501937,0.45842522155561194,0.1748331254251959
slovak,valence_mean,2005,0.16461544721456117,143,0.07288322329734248,-0.0004825936170841094,1.1419507340617512,-0.1553374742501937,0.45842522155561194,0.17435053180811177
slovak,valence_mean,2006,0.1646822319638868,473,0.06628909104501242,-0.0004825936170841094,1.1419507340617512,-0.1553374742501937,0.45842522155561194,0.17386793819102775
slovak,valence_mean,2007,0.17120656401299952,203,0.06771766407619527,-0.0004825936170841094,1.1419507340617512,-0.1553374742501937,0.45842522155561194,0.1733853445739436
slovak,valence_mean,2008,0.16273002440675163,165,0.05603453174616866,-0.0004825936170841094,1.1419507340617512,-0.1553374742501937,0.45842522155561194,0.17290275095685947
slovak,valence_mean,2009,0.1799814519307558,134,0.08043581552208377,-0.0004825936170841094,1.1419507340617512,-0.1553374742501937,0.45842522155561194,0.17242015733977534
slovak,valence_mean,2010,0.16409876953884625,179,0.07348609374438325,-0.0004825936170841094,1.1419507340617512,-0.1553374742501937,0.45842522155561194,0.1719375637226912
slovak,valence_mean,2011,0.18253150672741023,120,0.06493537491329475,-0.0004825936170841094,1.1419507340617512,-0.1553374742501937,0.45842522155561194,0.17145497010560717
slovak,valence_mean,2012,0.17485357119965175,249,0.0643476084302992,-0.0004825936170841094,1.1419507340617512,-0.1553374742501937,0.45842522155561194,0.17097237648852304
slovak,valence_mean,2013,0.149041761388542,52,0.07218795071166229,-0.0004825936170841094,1.1419507340617512,-0.1553374742501937,0.45842522155561194,0.1704897828714389
slovak,valence_mean,2014,0.15585122921128036,154,0.0661439448646195,-0.0004825936170841094,1.1419507340617512,-0.1553374742501937,0.45842522155561194,0.17000718925435487
slovak,valence_mean,2015,0.1800008350658282,52,0.06700442299535349,-0.0004825936170841094,1.1419507340617512,-0.1553374742501937,0.45842522155561194,0.16952459563727074
slovak,valence_mean,2016,0.17079800334079778,48,0.0808325217886814,-0.0004825936170841094,1.1419507340617512,-0.1553374742501937,0.45842522155561194,0.1690420020201866
slovak,arousal_mean,1988,0.09777154485714287,5,0.07580192826877563,0.000450155236422527,-0.7611605177304701,0.2754205094272839,0.18268144914206003,0.1337480922775136
slovak,arousal_mean,1992,0.14359581663725382,28,0.08260306023123327,0.000450155236422527,-0.7611605177304701,0.2754205094272839,0.18268144914206003,0.13554871322320372
slovak,arousal_mean,1993,0.14441867904647435,32,0.049978693625460924,0.000450155236422527,-0.7611605177304701,0.2754205094272839,0.18268144914206003,0.13599886845962617
slovak,arousal_mean,1994,0.1366500480982906,13,0.04394674146174481,0.000450155236422527,-0.7611605177304701,0.2754205094272839,0.18268144914206003,0.13644902369604872
slovak,arousal_mean,1995,0.14952556139912854,9,0.06126866243378933,0.000450155236422527,-0.7611605177304701,0.2754205094272839,0.18268144914206003,0.13689917893247128
slovak,arousal_mean,1997,0.1362434192839506,15,0.10374777411975679,0.000450155236422527,-0.7611605177304701,0.2754205094272839,0.18268144914206003,0.13779948940531628
slovak,arousal_mean,1998,0.13880325089166776,41,0.059969534040232156,0.000450155236422527,-0.7611605177304701,0.2754205094272839,0.18268144914206003,0.13824964464173883
slovak,arousal_mean,1999,0.16586829673666664,25,0.08472643598121489,0.000450155236422527,-0.7611605177304701,0.2754205094272839,0.18268144914206003,0.1386997998781614
slovak,arousal_mean,2000,0.15491473534104025,44,0.09090906216145803,0.000450155236422527,-0.7611605177304701,0.2754205094272839,0.18268144914206003,0.13914995511458383
slovak,arousal_mean,2001,0.14318258057806976,48,0.07590386257801411,0.000450155236422527,-0.7611605177304701,0.2754205094272839,0.18268144914206003,0.1396001103510064
slovak,arousal_mean,2002,0.1395034710617261,23,0.054323334457822385,0.000450155236422527,-0.7611605177304701,0.2754205094272839,0.18268144914206003,0.14005026558742895
slovak,arousal_mean,2003,0.13892901910040728,79,0.06592634296117314,0.000450155236422527,-0.7611605177304701,0.2754205094272839,0.18268144914206003,0.1405004208238515
slovak,arousal_mean,2004,0.1329570398817871,108,0.06294466664340828,0.000450155236422527,-0.7611605177304701,0.2754205094272839,0.18268144914206003,0.14095057606027395
slovak,arousal_mean,2005,0.1462154387060516,143,0.06275434044693497,0.000450155236422527,-0.7611605177304701,0.2754205094272839,0.18268144914206003,0.1414007312966965
slovak,arousal_mean,2006,0.1356744758330998,473,0.06251982691165527,0.000450155236422527,-0.7611605177304701,0.2754205094272839,0.18268144914206003,0.14185088653311906
slovak,arousal_mean,2007,0.13143475828793405,203,0.06618022024262024,0.000450155236422527,-0.7611605177304701,0.2754205094272839,0.18268144914206003,0.14230104176954161
slovak,arousal_mean,2008,0.13311257920405353,165,0.047008953591434297,0.000450155236422527,-0.7611605177304701,0.2754205094272839,0.18268144914206003,0.14275119700596406
slovak,arousal_mean,2009,0.13522221495640832,134,0.0696293574361246,0.000450155236422527,-0.7611605177304701,0.2754205094272839,0.18268144914206003,0.14320135224238661
slovak,arousal_mean,2010,0.1398337387316243,179,0.0717284994888509,0.000450155236422527,-0.7611605177304701,0.2754205094272839,0.18268144914206003,0.14365150747880917
slovak,arousal_mean,2011,0.1455849386593168,120,0.08049910009586264,0.000450155236422527,-0.7611605177304701,0.2754205094272839,0.18268144914206003,0.14410166271523173
slovak,arousal_mean,2012,0.14389686252417414,249,0.06556323231098897,0.000450155236422527,-0.7611605177304701,0.2754205094272839,0.18268144914206003,0.14455181795165417
slovak,arousal_mean,2013,0.15206908787656787,52,0.06672344565030651,0.000450155236422527,-0.7611605177304701,0.2754205094272839,0.18268144914206003,0.14500197318807673
slovak,arousal_mean,2014,0.12495699087204934,154,0.056028705939481616,0.000450155236422527,-0.7611605177304701,0.2754205094272839,0.18268144914206003,0.14545212842449928
slovak,arousal_mean,2015,0.1501118991982213,52,0.07139681763143152,0.000450155236422527,-0.7611605177304701,0.2754205094272839,0.18268144914206003,0.14590228366092184
slovak,arousal_mean,2016,0.15968671185236255,48,0.14143840065269017,0.000450155236422527,-0.7611605177304701,0.2754205094272839,0.18268144914206003,0.14635243889734428
slovak,dominance_mean,1988,0.4750500000000001,5,0.0741034749522585,-0.0002675471412163147,1.0063285325135478,-0.16692392491497401,0.42515534184476844,0.4744448157755141
slovak,dominance_mean,1992,0.4546391303588884,28,0.12222643453503565,-0.0002675471412163147,1.0063285325135478,-0.16692392491497401,0.42515534184476844,0.47337462721064894
slovak,dominance_mean,1993,0.45663181089743593,32,0.11878975715434645,-0.0002675471412163147,1.0063285325135478,-0.16692392491497401,0.42515534184476844,0.4731070800694326
slovak,dominance_mean,1994,0.495165811965812,13,0.04355504634328626,-0.0002675471412163147,1.0063285325135478,-0.16692392491497401,0.42515534184476844,0.47283953292821623
slovak,dominance_mean,1995,0.4567122004357298,9,0.10524741562869101,-0.0002675471412163147,1.0063285325135478,-0.16692392491497401,0.42515534184476844,0.472571985787
slovak,dominance_mean,1997,0.463500462962963,15,0.07123351881628813,-0.0002675471412163147,1.0063285325135478,-0.16692392491497401,0.42515534184476844,0.4720368915045673
slovak,dominance_mean,1998,0.4849395116082706,41,0.11489458598369934,-0.0002675471412163147,1.0063285325135478,-0.16692392491497401,0.42515534184476844,0.47176934436335105
slovak,dominance_mean,1999,0.486516,25,0.07902769212258588,-0.0002675471412163147,1.0063285325135478,-0.16692392491497401,0.42515534184476844,0.4715017972221347
slovak,dominance_mean,2000,0.5006958480913026,44,0.10445913891973697,-0.0002675471412163147,1.0063285325135478,-0.16692392491497401,0.42515534184476844,0.47123425008091835
slovak,dominance_mean,2001,0.46789627626550184,48,0.07331813408290161,-0.0002675471412163147,1.0063285325135478,-0.16692392491497401,0.42515534184476844,0.4709667029397021
slovak,dominance_mean,2002,0.4774992591239394,23,0.07714749326778256,-0.0002675471412163147,1.0063285325135478,-0.16692392491497401,0.42515534184476844,0.47069915579848576
slovak,dominance_mean,2003,0.46029362467349805,79,0.0891576720780421,-0.0002675471412163147,1.0063285325135478,-0.16692392491497401,0.42515534184476844,0.4704316086572694
slovak,dominance_mean,2004,0.46664626916293583,108,0.07842868056406543,-0.0002675471412163147,1.0063285325135478,-0.16692392491497401,0.42515534184476844,0.47016406151605317
slovak,dominance_mean,2005,0.4609017916528541,143,0.08129391359497082,-0.0002675471412163147,1.0063285325135478,-0.16692392491497401,0.42515534184476844,0.4698965143748368
slovak,dominance_mean,2006,0.47276943491087253,473,0.09472641948207244,-0.0002675471412163147,1.0063285325135478,-0.16692392491497401,0.42515534184476844,0.46962896723362046
slovak,dominance_mean,2007,0.4670356829476806,203,0.08131924569739865,-0.0002675471412163147,1.0063285325135478,-0.16692392491497401,0.42515534184476844,0.4693614200924042
slovak,dominance_mean,2008,0.4622370579268742,165,0.07943866505814903,-0.0002675471412163147,1.0063285325135478,-0.16692392491497401,0.42515534184476844,0.4690938729511879
slovak,dominance_mean,2009,0.47701673075491297,134,0.07670614692485536,-0.0002675471412163147,1.0063285325135478,-0.16692392491497401,0.42515534184476844,0.4688263258099715
slovak,dominance_mean,2010,0.4693978485407878,179,0.0849189649668815,-0.0002675471412163147,1.0063285325135478,-0.16692392491497401,0.42515534184476844,0.4685587786687553
slovak,dominance_mean,2011,0.48218193102503676,120,0.09164490617684393,-0.0002675471412163147,1.0063285325135478,-0.16692392491497401,0.42515534184476844,0.46829123152753893
slovak,dominance_mean,2012,0.46871255522943495,249,0.09825993030253836,-0.0002675471412163147,1.0063285325135478,-0.16692392491497401,0.42515534184476844,0.4680236843863226
slovak,dominance_mean,2013,0.4765134698634699,52,0.11593723131098131,-0.0002675471412163147,1.0063285325135478,-0.16692392491497401,0.42515534184476844,0.46775613724510634
slovak,dominance_mean,2014,0.45050286668386363,154,0.07389648011457697,-0.0002675471412163147,1.0063285325135478,-0.16692392491497401,0.42515534184476844,0.46748859010389
slovak,dominance_mean,2015,0.4605473656444623,52,0.0849637187288492,-0.0002675471412163147,1.0063285325135478,-0.16692392491497401,0.42515534184476844,0.46722104296267364
slovak,dominance_mean,2016,0.46223897430452676,48,0.08507022779764858,-0.0002675471412163147,1.0063285325135478,-0.16692392491497401,0.42515534184476844,0.4669534958214574
croatian,valence_mean,1995,0.1539440527083333,8,0.11161235822322464,-0.0023452110507098446,4.877076523720575,-0.5999224657292668,0.0051702157753031365,0.19838047755443533
croatian,valence_mean,1996,0.22523200585714287,3,0.11622146589440699,-0.0023452110507098446,4.877076523720575,-0.5999224657292668,0.0051702157753031365,0.19603526650372505
croatian,valence_mean,2000,0.19360389007936504,7,0.097090174760988,-0.0023452110507098446,4.877076523720575,-0.5999224657292668,0.0051702157753031365,0.1866544223008857
croatian,valence_mean,2001,0.15252541499999994,5,0.12290106150247085,-0.0023452110507098446,4.877076523720575,-0.5999224657292668,0.0051702157753031365,0.1843092112501763
croatian,valence_mean,2002,0.2019783858333333,6,0.13041850866414845,-0.0023452110507098446,4.877076523720575,-0.5999224657292668,0.0051702157753031365,0.18196400019946601
croatian,valence_mean,2003,0.21023875870855613,17,0.13587073544264422,-0.0023452110507098446,4.877076523720575,-0.5999224657292668,0.0051702157753031365,0.17961878914875662
croatian,valence_mean,2004,0.1826737992412587,26,0.14144839852348567,-0.0023452110507098446,4.877076523720575,-0.5999224657292668,0.0051702157753031365,0.17727357809804634
croatian,valence_mean,2005,0.19681497099999995,38,0.14704433211283804,-0.0023452110507098446,4.877076523720575,-0.5999224657292668,0.0051702157753031365,0.17492836704733694
croatian,valence_mean,2006,0.1652493283790423,84,0.11567770340794273,-0.0023452110507098446,4.877076523720575,-0.5999224657292668,0.0051702157753031365,0.17258315599662666
croatian,valence_mean,2007,0.16038431540977652,65,0.10565692421943376,-0.0023452110507098446,4.877076523720575,-0.5999224657292668,0.0051702157753031365,0.17023794494591726
croatian,valence_mean,2008,0.1641530049647823,153,0.10934051890918298,-0.0023452110507098446,4.877076523720575,-0.5999224657292668,0.0051702157753031365,0.16789273389520698
croatian,valence_mean,2009,0.15239148133815325,106,0.09711362237347192,-0.0023452110507098446,4.877076523720575,-0.5999224657292668,0.0051702157753031365,0.16554752284449759
croatian,valence_mean,2010,0.14287121896877808,352,0.09547478114460761,-0.0023452110507098446,4.877076523720575,-0.5999224657292668,0.0051702157753031365,0.1632023117937873
croatian,valence_mean,2011,0.15876619151345542,431,0.09601474359429733,-0.0023452110507098446,4.877076523720575,-0.5999224657292668,0.0051702157753031365,0.1608571007430779
croatian,valence_mean,2012,0.17887609981716487,124,0.11447129105193576,-0.0023452110507098446,4.877076523720575,-0.5999224657292668,0.0051702157753031365,0.15851188969236762
croatian,valence_mean,2013,0.17064504764545452,35,0.10754124103836546,-0.0023452110507098446,4.877076523720575,-0.5999224657292668,0.0051702157753031365,0.15616667864165823
croatian,valence_mean,2014,0.15052190824804748,141,0.0791049182116409,-0.0023452110507098446,4.877076523720575,-0.5999224657292668,0.0051702157753031365,0.15382146759094795
croatian,valence_mean,2015,0.15735359597157147,124,0.0952732124939216,-0.0023452110507098446,4.877076523720575,-0.5999224657292668,0.0051702157753031365,0.15147625654023855
croatian,valence_mean,2016,0.15365004207084795,73,0.09435406202918306,-0.0023452110507098446,4.877076523720575,-0.5999224657292668,0.0051702157753031365,0.14913104548952827
croatian,valence_mean,2017,0.12350454196043953,25,0.0723640110984302,-0.0023452110507098446,4.877076523720575,-0.5999224657292668,0.0051702157753031365,0.14678583443881887
croatian,arousal_mean,1995,0.20153383120833332,8,0.07184270198213634,-0.0006319286534868869,1.4602991319356409,-0.27683874472712533,0.2373594028917995,0.19960146822930147
croatian,arousal_mean,1996,0.17058642347619044,3,0.034061962522756735,-0.0006319286534868869,1.4602991319356409,-0.27683874472712533,0.2373594028917995,0.19896953957581465
croatian,arousal_mean,2000,0.20100954907420635,7,0.07557369842391796,-0.0006319286534868869,1.4602991319356409,-0.27683874472712533,0.2373594028917995,0.19644182496186713
croatian,arousal_mean,2001,0.19988234574999994,5,0.07283680340192863,-0.0006319286534868869,1.4602991319356409,-0.27683874472712533,0.2373594028917995,0.19580989630838008
croatian,arousal_mean,2002,0.17392920374999996,6,0.1237751208306383,-0.0006319286534868869,1.4602991319356409,-0.27683874472712533,0.2373594028917995,0.19517796765489326
croatian,arousal_mean,2003,0.21599830191978608,17,0.0948485249995395,-0.0006319286534868869,1.4602991319356409,-0.27683874472712533,0.2373594028917995,0.19454603900140643
croatian,arousal_mean,2004,0.23016393643088573,26,0.07114133724404301,-0.0006319286534868869,1.4602991319356409,-0.27683874472712533,0.2373594028917995,0.1939141103479194
croatian,arousal_mean,2005,0.1908565007883159,38,0.07228460402500819,-0.0006319286534868869,1.4602991319356409,-0.27683874472712533,0.2373594028917995,0.19328218169443256
croatian,arousal_mean,2006,0.20678863779903245,84,0.06900264323373957,-0.0006319286534868869,1.4602991319356409,-0.27683874472712533,0.2373594028917995,0.19265025304094574
croatian,arousal_mean,2007,0.19321605766049377,65,0.07213749649130577,-0.0006319286534868869,1.4602991319356409,-0.27683874472712533,0.2373594028917995,0.19201832438745892
croatian,arousal_mean,2008,0.19606436315123965,153,0.07695231434183517,-0.0006319286534868869,1.4602991319356409,-0.27683874472712533,0.2373594028917995,0.19138639573397187
croatian,arousal_mean,2009,0.18103832812000314,106,0.065612029618288,-0.0006319286534868869,1.4602991319356409,-0.27683874472712533,0.2373594028917995,0.19075446708048505
croatian,arousal_mean,2010,0.18042875448095685,352,0.06007406441888806,-0.0006319286534868869,1.4602991319356409,-0.27683874472712533,0.2373594028917995,0.19012253842699822
croatian,arousal_mean,2011,0.1840134687739027,431,0.061394810513061414,-0.0006319286534868869,1.4602991319356409,-0.27683874472712533,0.2373594028917995,0.18949060977351118
croatian,arousal_mean,2012,0.1880072301177007,124,0.09242316707561765,-0.0006319286534868869,1.4602991319356409,-0.27683874472712533,0.2373594028917995,0.18885868112002435
croatian,arousal_mean,2013,0.19108586082269116,35,0.08899193664588442,-0.0006319286534868869,1.4602991319356409,-0.27683874472712533,0.2373594028917995,0.18822675246653753
croatian,arousal_mean,2014,0.1737461441485692,141,0.05294294318394066,-0.0006319286534868869,1.4602991319356409,-0.27683874472712533,0.2373594028917995,0.1875948238130507
croatian,arousal_mean,2015,0.18394415950322549,124,0.062344196980003534,-0.0006319286534868869,1.4602991319356409,-0.27683874472712533,0.2373594028917995,0.18696289515956366
croatian,arousal_mean,2016,0.1825656329669349,73,0.05485377485022987,-0.0006319286534868869,1.4602991319356409,-0.27683874472712533,0.2373594028917995,0.18633096650607683
croatian,arousal_mean,2017,0.19298004319276188,25,0.05223528446040448,-0.0006319286534868869,1.4602991319356409,-0.27683874472712533,0.2373594028917995,0.18569903785259
croatian,dominance_mean,1995,0.5195208333333334,8,0.1273137431171825,-0.005618564266583481,11.730282175257102,-0.7499700904790033,0.0001402216261749942,0.521246463423056
croatian,dominance_mean,1996,0.5939047619047618,3,0.321149762677831,-0.005618564266583481,11.730282175257102,-0.7499700904790033,0.0001402216261749942,0.515627899156474
croatian,dominance_mean,2000,0.47187301587301583,7,0.16864031937595467,-0.005618564266583481,11.730282175257102,-0.7499700904790033,0.0001402216261749942,0.4931536420901388
croatian,dominance_mean,2001,0.433932,5,0.13840102282859038,-0.005618564266583481,11.730282175257102,-0.7499700904790033,0.0001402216261749942,0.487535077823555
croatian,dominance_mean,2002,0.48825,6,0.07365510844469654,-0.005618564266583481,11.730282175257102,-0.7499700904790033,0.0001402216261749942,0.48191651355697296
croatian,dominance_mean,2003,0.5213814616755793,17,0.13982877994849688,-0.005618564266583481,11.730282175257102,-0.7499700904790033,0.0001402216261749942,0.47629794929038916
croatian,dominance_mean,2004,0.4661860489510489,26,0.12655415530812064,-0.005618564266583481,11.730282175257102,-0.7499700904790033,0.0001402216261749942,0.47067938502380535
croatian,dominance_mean,2005,0.4743664855072464,38,0.07161351656300717,-0.005618564266583481,11.730282175257102,-0.7499700904790033,0.0001402216261749942,0.46506082075722155
croatian,dominance_mean,2006,0.42338692096576497,84,0.11942369494407122,-0.005618564266583481,11.730282175257102,-0.7499700904790033,0.0001402216261749942,0.45944225649063775
croatian,dominance_mean,2007,0.43870421518652286,65,0.11003550185170495,-0.005618564266583481,11.730282175257102,-0.7499700904790033,0.0001402216261749942,0.4538236922240557
croatian,dominance_mean,2008,0.4160997267871785,153,0.10713008778548909,-0.005618564266583481,11.730282175257102,-0.7499700904790033,0.0001402216261749942,0.4482051279574719
croatian,dominance_mean,2009,0.4328050466516306,106,0.1203777729086277,-0.005618564266583481,11.730282175257102,-0.7499700904790033,0.0001402216261749942,0.4425865636908881
croatian,dominance_mean,2010,0.411027624392457,352,0.12322889668765698,-0.005618564266583481,11.730282175257102,-0.7499700904790033,0.0001402216261749942,0.4369679994243043
croatian,dominance_mean,2011,0.42973916756499914,431,0.11842312468176557,-0.005618564266583481,11.730282175257102,-0.7499700904790033,0.0001402216261749942,0.4313494351577205
croatian,dominance_mean,2012,0.426886373187726,124,0.13372728917181947,-0.005618564266583481,11.730282175257102,-0.7499700904790033,0.0001402216261749942,0.4257308708911367
croatian,dominance_mean,2013,0.39400838589981446,35,0.14126585493239285,-0.005618564266583481,11.730282175257102,-0.7499700904790033,0.0001402216261749942,0.4201123066245547
croatian,dominance_mean,2014,0.4047532202457034,141,0.09838227400309693,-0.005618564266583481,11.730282175257102,-0.7499700904790033,0.0001402216261749942,0.4144937423579709
croatian,dominance_mean,2015,0.4238980086781498,124,0.1258229798669652,-0.005618564266583481,11.730282175257102,-0.7499700904790033,0.0001402216261749942,0.40887517809138707
croatian,dominance_mean,2016,0.4414626862142214,73,0.15091396303555424,-0.005618564266583481,11.730282175257102,-0.7499700904790033,0.0001402216261749942,0.40325661382480327
croatian,dominance_mean,2017,0.44181360439560435,25,0.0662360200031219,-0.005618564266583481,11.730282175257102,-0.7499700904790033,0.0001402216261749942,0.39763804955821946
danish,valence_mean,1966,0.09498282704545445,4,0.004638561441616141,-8.09055691331926e-05,0.2909859297954003,-0.015826974559250837,0.932655144318099,0.13192558087954362
danish,valence_mean,1986,0.08753091299859941,10,0.061103890734416515,-8.09055691331926e-05,0.2909859297954003,-0.015826974559250837,0.932655144318099,0.13030746949687977
danish,valence_mean,1987,0.15708237356426658,13,0.1548811949123036,-8.09055691331926e-05,0.2909859297954003,-0.015826974559250837,0.932655144318099,0.1302265639277466
danish,valence_mean,1988,0.1897522809403559,9,0.22044837157251576,-8.09055691331926e-05,0.2909859297954003,-0.015826974559250837,0.932655144318099,0.1301456583586134
danish,valence_mean,1990,0.2261344955952381,6,0.2038992268742709,-8.09055691331926e-05,0.2909859297954003,-0.015826974559250837,0.932655144318099,0.129983847220347
danish,valence_mean,1992,0.13270729556790117,3,0.08753326369320731,-8.09055691331926e-05,0.2909859297954003,-0.015826974559250837,0.932655144318099,0.12982203608208062
danish,valence_mean,1993,0.21885735389839572,5,0.19210860733826618,-8.09055691331926e-05,0.2909859297954003,-0.015826974559250837,0.932655144318099,0.12974113051294742
danish,valence_mean,1994,-0.06327647550420178,11,0.35925319411444284,-8.09055691331926e-05,0.2909859297954003,-0.015826974559250837,0.932655144318099,0.12966022494381424
danish,valence_mean,1995,0.03450427740931943,20,0.22914843638627339,-8.09055691331926e-05,0.2909859297954003,-0.015826974559250837,0.932655144318099,0.12957931937468103
danish,valence_mean,1996,0.11170945029086779,15,0.08234203696632288,-8.09055691331926e-05,0.2909859297954003,-0.015826974559250837,0.932655144318099,0.12949841380554786
danish,valence_mean,1997,0.22787279548167474,12,0.2623989682663907,-8.09055691331926e-05,0.2909859297954003,-0.015826974559250837,0.932655144318099,0.12941750823641465
danish,valence_mean,1998,0.17368329227814072,22,0.152231219480225,-8.09055691331926e-05,0.2909859297954003,-0.015826974559250837,0.932655144318099,0.12933660266728148
danish,valence_mean,1999,0.15788957502502832,31,0.14964438488820755,-8.09055691331926e-05,0.2909859297954003,-0.015826974559250837,0.932655144318099,0.12925569709814827
danish,valence_mean,2000,0.11288064659274252,15,0.081108323372457,-8.09055691331926e-05,0.2909859297954003,-0.015826974559250837,0.932655144318099,0.1291747915290151
danish,valence_mean,2001,0.1420559545232782,51,0.13572398637465652,-8.09055691331926e-05,0.2909859297954003,-0.015826974559250837,0.932655144318099,0.1290938859598819
danish,valence_mean,2002,0.18268872220744567,33,0.18210760122723513,-8.09055691331926e-05,0.2909859297954003,-0.015826974559250837,0.932655144318099,0.12901298039074868
danish,valence_mean,2003,0.12989585135338994,53,0.15487270819826762,-8.09055691331926e-05,0.2909859297954003,-0.015826974559250837,0.932655144318099,0.1289320748216155
danish,valence_mean,2004,0.09786491280597825,102,0.10009954277173168,-8.09055691331926e-05,0.2909859297954003,-0.015826974559250837,0.932655144318099,0.1288511692524823
danish,valence_mean,2005,0.11551508655356882,66,0.08977643904940603,-8.09055691331926e-05,0.2909859297954003,-0.015826974559250837,0.932655144318099,0.12877026368334912
danish,valence_mean,2006,0.12907544745265756,131,0.13270436362873467,-8.09055691331926e-05,0.2909859297954003,-0.015826974559250837,0.932655144318099,0.12868935811421592
danish,valence_mean,2007,0.10727865835986883,98,0.10520275747468821,-8.09055691331926e-05,0.2909859297954003,-0.015826974559250837,0.932655144318099,0.12860845254508274
danish,valence_mean,2008,0.10667007201283504,171,0.11891524282367194,-8.09055691331926e-05,0.2909859297954003,-0.015826974559250837,0.932655144318099,0.12852754697594954
danish,valence_mean,2009,0.10900092213116014,216,0.08148663343741637,-8.09055691331926e-05,0.2909859297954003,-0.015826974559250837,0.932655144318099,0.12844664140681636
danish,valence_mean,2010,0.11288589854510185,146,0.0869037551423152,-8.09055691331926e-05,0.2909859297954003,-0.015826974559250837,0.932655144318099,0.12836573583768315
danish,valence_mean,2011,0.12714795564223177,156,0.11827698181408232,-8.09055691331926e-05,0.2909859297954003,-0.015826974559250837,0.932655144318099,0.12828483026854995
danish,valence_mean,2012,0.11336815041753451,72,0.08919655417680551,-8.09055691331926e-05,0.2909859297954003,-0.015826974559250837,0.932655144318099,0.12820392469941677
danish,valence_mean,2013,0.14922285466601937,30,0.1433504938634895,-8.09055691331926e-05,0.2909859297954003,-0.015826974559250837,0.932655144318099,0.12812301913028357
danish,valence_mean,2014,0.11118378313650608,58,0.08749837429572835,-8.09055691331926e-05,0.2909859297954003,-0.015826974559250837,0.932655144318099,0.1280421135611504
danish,valence_mean,2015,0.08222086291290918,32,0.1292408068392963,-8.09055691331926e-05,0.2909859297954003,-0.015826974559250837,0.932655144318099,0.12796120799201718
danish,valence_mean,2016,0.19365105315495962,7,0.1883169709529482,-8.09055691331926e-05,0.2909859297954003,-0.015826974559250837,0.932655144318099,0.127880302422884
danish,valence_mean,2017,0.12963046098971073,21,0.13083576186459636,-8.09055691331926e-05,0.2909859297954003,-0.015826974559250837,0.932655144318099,0.1277993968537508
danish,arousal_mean,1966,0.0910181434090908,4,0.014239588148186714,1.92544475661774e-05,0.11748851721925628,0.005432629197261877,0.9768608036988864,0.15534276113436105
danish,arousal_mean,1986,0.11427359916386548,10,0.04231777722301011,1.92544475661774e-05,0.11748851721925628,0.005432629197261877,0.9768608036988864,0.1557278500856846
danish,arousal_mean,1987,0.16739228416725196,13,0.0975729389285313,1.92544475661774e-05,0.11748851721925628,0.005432629197261877,0.9768608036988864,0.15574710453325077
danish,arousal_mean,1988,0.15148103073472818,9,0.10199530434739695,1.92544475661774e-05,0.11748851721925628,0.005432629197261877,0.9768608036988864,0.15576635898081695
danish,arousal_mean,1990,0.168780293234127,6,0.08359941168319346,1.92544475661774e-05,0.11748851721925628,0.005432629197261877,0.9768608036988864,0.1558048678759493
danish,arousal_mean,1992,0.11548470703703696,3,0.0067203945164193285,1.92544475661774e-05,0.11748851721925628,0.005432629197261877,0.9768608036988864,0.15584337677108168
danish,arousal_mean,1993,0.20742787134224594,5,0.17267676915583158,1.92544475661774e-05,0.11748851721925628,0.005432629197261877,0.9768608036988864,0.15586263121864785
danish,arousal_mean,1994,0.3109744898100048,11,0.30530345438356554,1.92544475661774e-05,0.11748851721925628,0.005432629197261877,0.9768608036988864,0.15588188566621403
danish,arousal_mean,1995,0.20655228555191493,20,0.21269525354167357,1.92544475661774e-05,0.11748851721925628,0.005432629197261877,0.9768608036988864,0.1559011401137802
danish,arousal_mean,1996,0.15492835556118772,15,0.12744509635931853,1.92544475661774e-05,0.11748851721925628,0.005432629197261877,0.9768608036988864,0.15592039456134638
danish,arousal_mean,1997,0.16250191473384232,12,0.12430937118250654,1.92544475661774e-05,0.11748851721925628,0.005432629197261877,0.9768608036988864,0.15593964900891255
danish,arousal_mean,1998,0.15821835063646195,22,0.11791836595685884,1.92544475661774e-05,0.11748851721925628,0.005432629197261877,0.9768608036988864,0.15595890345647873
danish,arousal_mean,1999,0.15704775544807761,31,0.16228808173531342,1.92544475661774e-05,0.11748851721925628,0.005432629197261877,0.9768608036988864,0.1559781579040449
danish,arousal_mean,2000,0.12071252184709849,15,0.06518214627574496,1.92544475661774e-05,0.11748851721925628,0.005432629197261877,0.9768608036988864,0.15599741235161108
danish,arousal_mean,2001,0.18795434567352926,51,0.10728363577444383,1.92544475661774e-05,0.11748851721925628,0.005432629197261877,0.9768608036988864,0.15601666679917725
danish,arousal_mean,2002,0.14109559471169889,33,0.07402344279743953,1.92544475661774e-05,0.11748851721925628,0.005432629197261877,0.9768608036988864,0.15603592124674343
danish,arousal_mean,2003,0.17477492061760586,53,0.0983282819019958,1.92544475661774e-05,0.11748851721925628,0.005432629197261877,0.9768608036988864,0.1560551756943096
danish,arousal_mean,2004,0.15234674687474545,102,0.09691713328536831,1.92544475661774e-05,0.11748851721925628,0.005432629197261877,0.9768608036988864,0.15607443014187578
danish,arousal_mean,2005,0.13771370099196809,66,0.09486037447895186,1.92544475661774e-05,0.11748851721925628,0.005432629197261877,0.9768608036988864,0.15609368458944195
danish,arousal_mean,2006,0.15587345701484356,131,0.08199709009302394,1.92544475661774e-05,0.11748851721925628,0.005432629197261877,0.9768608036988864,0.15611293903700815
danish,arousal_mean,2007,0.1502986305505434,98,0.09693163370772366,1.92544475661774e-05,0.11748851721925628,0.005432629197261877,0.9768608036988864,0.15613219348457433
danish,arousal_mean,2008,0.15231997669394193,171,0.0961735503241351,1.92544475661774e-05,0.11748851721925628,0.005432629197261877,0.9768608036988864,0.1561514479321405
danish,arousal_mean,2009,0.13231373019458736,216,0.0709763884396298,1.92544475661774e-05,0.11748851721925628,0.005432629197261877,0.9768608036988864,0.15617070237970668
danish,arousal_mean,2010,0.1409295857129305,146,0.09281406424746919,1.92544475661774e-05,0.11748851721925628,0.005432629197261877,0.9768608036988864,0.15618995682727285
danish,arousal_mean,2011,0.1363936858036411,156,0.06661747424865828,1.92544475661774e-05,0.11748851721925628,0.005432629197261877,0.9768608036988864,0.15620921127483903
danish,arousal_mean,2012,0.12021382943643233,72,0.059006785679367534,1.92544475661774e-05,0.11748851721925628,0.005432629197261877,0.9768608036988864,0.1562284657224052
danish,arousal_mean,2013,0.13239117972211986,30,0.09293150523735007,1.92544475661774e-05,0.11748851721925628,0.005432629197261877,0.9768608036988864,0.15624772016997138
danish,arousal_mean,2014,0.12791802973160465,58,0.07254944852209873,1.92544475661774e-05,0.11748851721925628,0.005432629197261877,0.9768608036988864,0.15626697461753758
danish,arousal_mean,2015,0.19693272489574679,32,0.18498606383586366,1.92544475661774e-05,0.11748851721925628,0.005432629197261877,0.9768608036988864,0.15628622906510375
danish,arousal_mean,2016,0.17504286763787374,7,0.08998095505555238,1.92544475661774e-05,0.11748851721925628,0.005432629197261877,0.9768608036988864,0.15630548351266993
danish,arousal_mean,2017,0.13526782517644648,21,0.09699227133764496,1.92544475661774e-05,0.11748851721925628,0.005432629197261877,0.9768608036988864,0.1563247379602361
danish,dominance_mean,1966,0.46092424242424224,4,0.013943883774064681,6.1792564228727565e-06,0.4678896142725514,0.004642315112388151,0.9802262798617596,0.4800380323999192
danish,dominance_mean,1986,0.4548321988795519,10,0.10064218709956214,6.1792564228727565e-06,0.4678896142725514,0.004642315112388151,0.9802262798617596,0.48016161752837666
danish,dominance_mean,1987,0.4618769337038567,13,0.04964552869666803,6.1792564228727565e-06,0.4678896142725514,0.004642315112388151,0.9802262798617596,0.48016779678479954
danish,dominance_mean,1988,0.4894736010902677,9,0.06507315953077174,6.1792564228727565e-06,0.4678896142725514,0.004642315112388151,0.9802262798617596,0.4801739760412224
danish,dominance_mean,1990,0.5311366071428572,6,0.07871701579843934,6.1792564228727565e-06,0.4678896142725514,0.004642315112388151,0.9802262798617596,0.4801863345540682
danish,dominance_mean,1992,0.49352391975308635,3,0.015310279739746975,6.1792564228727565e-06,0.4678896142725514,0.004642315112388151,0.9802262798617596,0.48019869306691393
danish,dominance_mean,1993,0.48685294117647065,5,0.03306630645895267,6.1792564228727565e-06,0.4678896142725514,0.004642315112388151,0.9802262798617596,0.4802048723233368
danish,dominance_mean,1994,0.4947948250007073,11,0.038766711147771166,6.1792564228727565e-06,0.4678896142725514,0.004642315112388151,0.9802262798617596,0.48021105157975963
danish,dominance_mean,1995,0.4838044112204999,20,0.052236915535751244,6.1792564228727565e-06,0.4678896142725514,0.004642315112388151,0.9802262798617596,0.4802172308361825
danish,dominance_mean,1996,0.48848538209825254,15,0.07947232572631684,6.1792564228727565e-06,0.4678896142725514,0.004642315112388151,0.9802262798617596,0.4802234100926054
danish,dominance_mean,1997,0.48082577233555485,12,0.09162998949068886,6.1792564228727565e-06,0.4678896142725514,0.004642315112388151,0.9802262798617596,0.48022958934902826
danish,dominance_mean,1998,0.47481881513591495,22,0.05806222099986203,6.1792564228727565e-06,0.4678896142725514,0.004642315112388151,0.9802262798617596,0.48023576860545114
danish,dominance_mean,1999,0.47564015390382114,31,0.08324343651703713,6.1792564228727565e-06,0.4678896142725514,0.004642315112388151,0.9802262798617596,0.480241947861874
danish,dominance_mean,2000,0.46991005727995194,15,0.09128311579432284,6.1792564228727565e-06,0.4678896142725514,0.004642315112388151,0.9802262798617596,0.4802481271182969
danish,dominance_mean,2001,0.48354258774045256,51,0.0528073770694336,6.1792564228727565e-06,0.4678896142725514,0.004642315112388151,0.9802262798617596,0.4802543063747198
danish,dominance_mean,2002,0.4872435316149393,33,0.04300931203213733,6.1792564228727565e-06,0.4678896142725514,0.004642315112388151,0.9802262798617596,0.48026048563114265
danish,dominance_mean,2003,0.47322884143266764,53,0.06644967869240516,6.1792564228727565e-06,0.4678896142725514,0.004642315112388151,0.9802262798617596,0.48026666488756553
danish,dominance_mean,2004,0.46609850351280463,102,0.07385566992637901,6.1792564228727565e-06,0.4678896142725514,0.004642315112388151,0.9802262798617596,0.4802728441439884
danish,dominance_mean,2005,0.47765034130023415,66,0.0884617752976402,6.1792564228727565e-06,0.4678896142725514,0.004642315112388151,0.9802262798617596,0.48027902340041123
danish,dominance_mean,2006,0.47031405197546916,131,0.06802542349289792,6.1792564228727565e-06,0.4678896142725514,0.004642315112388151,0.9802262798617596,0.4802852026568341
danish,dominance_mean,2007,0.49116583087369353,98,0.08427878579454418,6.1792564228727565e-06,0.4678896142725514,0.004642315112388151,0.9802262798617596,0.480291381913257
danish,dominance_mean,2008,0.49402578207574244,171,0.06209689929631531,6.1792564228727565e-06,0.4678896142725514,0.004642315112388151,0.9802262798617596,0.48029756116967987
danish,dominance_mean,2009,0.47956152055962337,216,0.07690903398917617,6.1792564228727565e-06,0.4678896142725514,0.004642315112388151,0.9802262798617596,0.48030374042610274
danish,dominance_mean,2010,0.48454880749167706,146,0.0637618691249416,6.1792564228727565e-06,0.4678896142725514,0.004642315112388151,0.9802262798617596,0.4803099196825256
danish,dominance_mean,2011,0.48085136037352455,156,0.07091067772010885,6.1792564228727565e-06,0.4678896142725514,0.004642315112388151,0.9802262798617596,0.4803160989389485
danish,dominance_mean,2012,0.4684799378088129,72,0.0639738056852931,6.1792564228727565e-06,0.4678896142725514,0.004642315112388151,0.9802262798617596,0.4803222781953714
danish,dominance_mean,2013,0.47660743246695303,30,0.09731447642643694,6.1792564228727565e-06,0.4678896142725514,0.004642315112388151,0.9802262798617596,0.48032845745179426
danish,dominance_mean,2014,0.5009848189849153,58,0.07637735614585832,6.1792564228727565e-06,0.4678896142725514,0.004642315112388151,0.9802262798617596,0.48033463670821713
danish,dominance_mean,2015,0.45843842583792277,32,0.06455741456247423,6.1792564228727565e-06,0.4678896142725514,0.004642315112388151,0.9802262798617596,0.48034081596463996
danish,dominance_mean,2016,0.47615925486473654,7,0.0960244105633647,6.1792564228727565e-06,0.4678896142725514,0.004642315112388151,0.9802262798617596,0.48034699522106283
danish,dominance_mean,2017,0.4721011453263782,21,0.06947532873844371,6.1792564228727565e-06,0.4678896142725514,0.004642315112388151,0.9802262798617596,0.4803531744774857
hausa,valence_mean,1978,0.27084496658148144,3,0.0038156113447892675,0.0006363879901562331,-0.9787029994285729,0.13418218725639955,0.4960345243369496,0.28007244510045626
hausa,valence_mean,1983,0.18782357499999994,3,0.13751367003922965,0.0006363879901562331,-0.9787029994285729,0.13418218725639955,0.4960345243369496,0.28325438505123735
hausa,valence_mean,1991,0.28363456674939613,4,0.03359546980602149,0.0006363879901562331,-0.9787029994285729,0.13418218725639955,0.4960345243369496,0.28834548897248735
hausa,valence_mean,1992,0.41243871095092594,6,0.12441740829179254,0.0006363879901562331,-0.9787029994285729,0.13418218725639955,0.4960345243369496,0.28898187696264344
hausa,valence_mean,1993,0.3306531323939394,11,0.1789129472081149,0.0006363879901562331,-0.9787029994285729,0.13418218725639955,0.4960345243369496,0.28961826495279974
hausa,valence_mean,1994,0.2747735266666666,3,0.07105860886801234,0.0006363879901562331,-0.9787029994285729,0.13418218725639955,0.4960345243369496,0.29025465294295605
hausa,valence_mean,1996,0.24814817302469136,3,0.02731558898631295,0.0006363879901562331,-0.9787029994285729,0.13418218725639955,0.4960345243369496,0.29152742892326844
hausa,valence_mean,1997,0.3670949241804029,12,0.10424886939327395,0.0006363879901562331,-0.9787029994285729,0.13418218725639955,0.4960345243369496,0.29216381691342475
hausa,valence_mean,1998,0.266225447560047,8,0.1016388453510374,0.0006363879901562331,-0.9787029994285729,0.13418218725639955,0.4960345243369496,0.29280020490358083
hausa,valence_mean,1999,0.2560945512338973,18,0.15203266261649268,0.0006363879901562331,-0.9787029994285729,0.13418218725639955,0.4960345243369496,0.29343659289373714
hausa,valence_mean,2000,0.31171805302465483,13,0.1540552831532308,0.0006363879901562331,-0.9787029994285729,0.13418218725639955,0.4960345243369496,0.29407298088389344
hausa,valence_mean,2001,0.29356101749171537,24,0.16880488942195337,0.0006363879901562331,-0.9787029994285729,0.13418218725639955,0.4960345243369496,0.2947093688740495
hausa,valence_mean,2002,0.34093254302721687,22,0.19135163647020012,0.0006363879901562331,-0.9787029994285729,0.13418218725639955,0.4960345243369496,0.29534575686420583
hausa,valence_mean,2003,0.24346242457810635,35,0.11552609287666499,0.0006363879901562331,-0.9787029994285729,0.13418218725639955,0.4960345243369496,0.29598214485436214
hausa,valence_mean,2004,0.25419053659822505,25,0.15316721658761523,0.0006363879901562331,-0.9787029994285729,0.13418218725639955,0.4960345243369496,0.29661853284451845
hausa,valence_mean,2005,0.30778557197816037,48,0.1446897825419824,0.0006363879901562331,-0.9787029994285729,0.13418218725639955,0.4960345243369496,0.29725492083467453
hausa,valence_mean,2006,0.3126995368597504,80,0.1481647979024203,0.0006363879901562331,-0.9787029994285729,0.13418218725639955,0.4960345243369496,0.29789130882483084
hausa,valence_mean,2007,0.30802376491418826,75,0.11869149859160895,0.0006363879901562331,-0.9787029994285729,0.13418218725639955,0.4960345243369496,0.29852769681498714
hausa,valence_mean,2008,0.27460534653142116,101,0.14893260573447473,0.0006363879901562331,-0.9787029994285729,0.13418218725639955,0.4960345243369496,0.2991640848051432
hausa,valence_mean,2009,0.31362276361519487,50,0.1390001335809305,0.0006363879901562331,-0.9787029994285729,0.13418218725639955,0.4960345243369496,0.29980047279529953
hausa,valence_mean,2010,0.3202812186519687,56,0.12448332790979759,0.0006363879901562331,-0.9787029994285729,0.13418218725639955,0.4960345243369496,0.30043686078545584
hausa,valence_mean,2011,0.38171368996826965,48,0.19411589705673907,0.0006363879901562331,-0.9787029994285729,0.13418218725639955,0.4960345243369496,0.3010732487756119
hausa,valence_mean,2012,0.3038841449621051,30,0.16290691482531067,0.0006363879901562331,-0.9787029994285729,0.13418218725639955,0.4960345243369496,0.30170963676576823
hausa,valence_mean,2013,0.3229455736638572,79,0.13474015456223087,0.0006363879901562331,-0.9787029994285729,0.13418218725639955,0.4960345243369496,0.30234602475592454
hausa,valence_mean,2014,0.3055025852987084,129,0.09731343715280649,0.0006363879901562331,-0.9787029994285729,0.13418218725639955,0.4960345243369496,0.3029824127460806
hausa,valence_mean,2015,0.2835162899608322,162,0.11329553557824164,0.0006363879901562331,-0.9787029994285729,0.13418218725639955,0.4960345243369496,0.3036188007362369
hausa,valence_mean,2016,0.26978354271687277,49,0.10195230051437341,0.0006363879901562331,-0.9787029994285729,0.13418218725639955,0.4960345243369496,0.30425518872639323
hausa,valence_mean,2017,0.23517599783787876,3,0.06136513474981622,0.0006363879901562331,-0.9787029994285729,0.13418218725639955,0.4960345243369496,0.3048915767165493
hausa,arousal_mean,1978,0.11012120999999997,3,0.03283094607743215,0.0005064885203931041,-0.8495180828644351,0.14356277139710638,0.46611391468060215,0.15231621047312482
hausa,arousal_mean,1983,0.19297087,3,0.08536428199137464,0.0005064885203931041,-0.8495180828644351,0.14356277139710638,0.46611391468060215,0.15484865307509033
hausa,arousal_mean,1991,0.11380875851328495,4,0.08801098425195741,0.0005064885203931041,-0.8495180828644351,0.14356277139710638,0.46611391468060215,0.15890056123823504
hausa,arousal_mean,1992,0.2601185273518518,6,0.11022161023482938,0.0005064885203931041,-0.8495180828644351,0.14356277139710638,0.46611391468060215,0.15940704975862818
hausa,arousal_mean,1993,0.1790750421212121,11,0.09481456878236373,0.0005064885203931041,-0.8495180828644351,0.14356277139710638,0.46611391468060215,0.15991353827902133
hausa,arousal_mean,1994,0.1460045483333333,3,0.17675911532676497,0.0005064885203931041,-0.8495180828644351,0.14356277139710638,0.46611391468060215,0.16042002679941447
hausa,arousal_mean,1996,0.12671816660493823,3,0.04556198470769699,0.0005064885203931041,-0.8495180828644351,0.14356277139710638,0.46611391468060215,0.16143300384020054
hausa,arousal_mean,1997,0.14834870415546395,12,0.11066588772651427,0.0005064885203931041,-0.8495180828644351,0.14356277139710638,0.46611391468060215,0.16193949236059368
hausa,arousal_mean,1998,0.1310230249174659,8,0.09294614610554806,0.0005064885203931041,-0.8495180828644351,0.14356277139710638,0.46611391468060215,0.16244598088098683
hausa,arousal_mean,1999,0.1266992705391587,18,0.10057362344586382,0.0005064885203931041,-0.8495180828644351,0.14356277139710638,0.46611391468060215,0.16295246940137997
hausa,arousal_mean,2000,0.14935839647731752,13,0.0715425574543251,0.0005064885203931041,-0.8495180828644351,0.14356277139710638,0.46611391468060215,0.16345895792177312
hausa,arousal_mean,2001,0.17302194761845582,24,0.09158480120810607,0.0005064885203931041,-0.8495180828644351,0.14356277139710638,0.46611391468060215,0.16396544644216626
hausa,arousal_mean,2002,0.19527460457994283,22,0.14155860162125217,0.0005064885203931041,-0.8495180828644351,0.14356277139710638,0.46611391468060215,0.16447193496255919
hausa,arousal_mean,2003,0.1374578529921551,35,0.08393601387699079,0.0005064885203931041,-0.8495180828644351,0.14356277139710638,0.46611391468060215,0.16497842348295233
hausa,arousal_mean,2004,0.15879294777538816,25,0.08935417737200668,0.0005064885203931041,-0.8495180828644351,0.14356277139710638,0.46611391468060215,0.16548491200334547
hausa,arousal_mean,2005,0.18789460160912083,48,0.09860601867032079,0.0005064885203931041,-0.8495180828644351,0.14356277139710638,0.46611391468060215,0.16599140052373862
hausa,arousal_mean,2006,0.1832739738439231,80,0.11767237598751708,0.0005064885203931041,-0.8495180828644351,0.14356277139710638,0.46611391468060215,0.16649788904413176
hausa,arousal_mean,2007,0.1655174059944791,75,0.10499066916867991,0.0005064885203931041,-0.8495180828644351,0.14356277139710638,0.46611391468060215,0.1670043775645247
hausa,arousal_mean,2008,0.18285262322891244,101,0.11095512283596137,0.0005064885203931041,-0.8495180828644351,0.14356277139710638,0.46611391468060215,0.16751086608491783
hausa,arousal_mean,2009,0.20521208821992443,50,0.13447762555371784,0.0005064885203931041,-0.8495180828644351,0.14356277139710638,0.46611391468060215,0.16801735460531098
hausa,arousal_mean,2010,0.1646446451528955,56,0.10574429131433533,0.0005064885203931041,-0.8495180828644351,0.14356277139710638,0.46611391468060215,0.16852384312570412
hausa,arousal_mean,2011,0.21467853251987623,48,0.1438037462216136,0.0005064885203931041,-0.8495180828644351,0.14356277139710638,0.46611391468060215,0.16903033164609726
hausa,arousal_mean,2012,0.20101951797733672,30,0.13609261325821442,0.0005064885203931041,-0.8495180828644351,0.14356277139710638,0.46611391468060215,0.1695368201664904
hausa,arousal_mean,2013,0.1809138906716853,79,0.1136644063168503,0.0005064885203931041,-0.8495180828644351,0.14356277139710638,0.46611391468060215,0.17004330868688333
hausa,arousal_mean,2014,0.15244839799491927,129,0.08636952232839802,0.0005064885203931041,-0.8495180828644351,0.14356277139710638,0.46611391468060215,0.17054979720727648
hausa,arousal_mean,2015,0.16570202603160264,162,0.08340976966035363,0.0005064885203931041,-0.8495180828644351,0.14356277139710638,0.46611391468060215,0.17105628572766962
hausa,arousal_mean,2016,0.1520051202254042,49,0.10434932517502007,0.0005064885203931041,-0.8495180828644351,0.14356277139710638,0.46611391468060215,0.17156277424806277
hausa,arousal_mean,2017,0.10937427686868684,3,0.057912075448093105,0.0005064885203931041,-0.8495180828644351,0.14356277139710638,0.46611391468060215,0.1720692627684559
hausa,dominance_mean,1978,0.48674074074074064,3,0.008531953978024474,-0.0007967142027034789,2.0644285741135797,-0.17834131336367245,0.363890072726596,0.48852788116609847
hausa,dominance_mean,1983,0.6058666666666667,3,0.042099920823361836,-0.0007967142027034789,2.0644285741135797,-0.17834131336367245,0.363890072726596,0.48454431015258104
hausa,dominance_mean,1991,0.41099746376811597,4,0.07822873081705209,-0.0007967142027034789,2.0644285741135797,-0.17834131336367245,0.363890072726596,0.4781705965309533
hausa,dominance_mean,1992,0.49755555555555553,6,0.0922991162029835,-0.0007967142027034789,2.0644285741135797,-0.17834131336367245,0.363890072726596,0.4773738823282496
hausa,dominance_mean,1993,0.48447727272727276,11,0.07982218164030709,-0.0007967142027034789,2.0644285741135797,-0.17834131336367245,0.363890072726596,0.4765771681255462
hausa,dominance_mean,1994,0.49993333333333334,3,0.14550605943854478,-0.0007967142027034789,2.0644285741135797,-0.17834131336367245,0.363890072726596,0.47578045392284274
hausa,dominance_mean,1996,0.41427160493827153,3,0.010734438338266442,-0.0007967142027034789,2.0644285741135797,-0.17834131336367245,0.363890072726596,0.47418702551743586
hausa,dominance_mean,1997,0.4157910561660562,12,0.11229694897704853,-0.0007967142027034789,2.0644285741135797,-0.17834131336367245,0.363890072726596,0.4733903113147324
hausa,dominance_mean,1998,0.39441538697510486,8,0.0912896712465857,-0.0007967142027034789,2.0644285741135797,-0.17834131336367245,0.363890072726596,0.47259359711202875
hausa,dominance_mean,1999,0.44493677367844037,18,0.1105087972662909,-0.0007967142027034789,2.0644285741135797,-0.17834131336367245,0.363890072726596,0.4717968829093253
hausa,dominance_mean,2000,0.5302825641025641,13,0.12782846098478354,-0.0007967142027034789,2.0644285741135797,-0.17834131336367245,0.363890072726596,0.47100016870662187
hausa,dominance_mean,2001,0.46216891142787525,24,0.11791855429888878,-0.0007967142027034789,2.0644285741135797,-0.17834131336367245,0.363890072726596,0.4702034545039184
hausa,dominance_mean,2002,0.4627284015336881,22,0.12360759283282939,-0.0007967142027034789,2.0644285741135797,-0.17834131336367245,0.363890072726596,0.469406740301215
hausa,dominance_mean,2003,0.44919090831075037,35,0.1135585790751931,-0.0007967142027034789,2.0644285741135797,-0.17834131336367245,0.363890072726596,0.46861002609851155
hausa,dominance_mean,2004,0.3899955786435786,25,0.097499421286836,-0.0007967142027034789,2.0644285741135797,-0.17834131336367245,0.363890072726596,0.4678133118958079
hausa,dominance_mean,2005,0.4780230939981349,48,0.08814764761450228,-0.0007967142027034789,2.0644285741135797,-0.17834131336367245,0.363890072726596,0.46701659769310444
hausa,dominance_mean,2006,0.5219522207315114,80,0.12643229834972583,-0.0007967142027034789,2.0644285741135797,-0.17834131336367245,0.363890072726596,0.466219883490401
hausa,dominance_mean,2007,0.4735185835340158,75,0.12512026573875673,-0.0007967142027034789,2.0644285741135797,-0.17834131336367245,0.363890072726596,0.46542316928769756
hausa,dominance_mean,2008,0.46408295233281915,101,0.10163181604717872,-0.0007967142027034789,2.0644285741135797,-0.17834131336367245,0.363890072726596,0.4646264550849941
hausa,dominance_mean,2009,0.4873018119807895,50,0.10827148964310249,-0.0007967142027034789,2.0644285741135797,-0.17834131336367245,0.363890072726596,0.4638297408822907
hausa,dominance_mean,2010,0.4811269769032918,56,0.10653650707460444,-0.0007967142027034789,2.0644285741135797,-0.17834131336367245,0.363890072726596,0.463033026679587
hausa,dominance_mean,2011,0.47187063095089227,48,0.10560022968516752,-0.0007967142027034789,2.0644285741135797,-0.17834131336367245,0.363890072726596,0.46223631247688357
hausa,dominance_mean,2012,0.46629026180133937,30,0.10149828647692322,-0.0007967142027034789,2.0644285741135797,-0.17834131336367245,0.363890072726596,0.46143959827418013
hausa,dominance_mean,2013,0.4538211952413945,79,0.12462901440169982,-0.0007967142027034789,2.0644285741135797,-0.17834131336367245,0.363890072726596,0.4606428840714767
hausa,dominance_mean,2014,0.47906126702337953,129,0.1110333024951559,-0.0007967142027034789,2.0644285741135797,-0.17834131336367245,0.363890072726596,0.45984616986877325
hausa,dominance_mean,2015,0.4845825331148588,162,0.10691103550627176,-0.0007967142027034789,2.0644285741135797,-0.17834131336367245,0.363890072726596,0.4590494556660698
hausa,dominance_mean,2016,0.48421968216047095,49,0.09251400350415903,-0.0007967142027034789,2.0644285741135797,-0.17834131336367245,0.363890072726596,0.45825274146336614
hausa,dominance_mean,2017,0.4338444444444444,3,0.16568143909098346,-0.0007967142027034789,2.0644285741135797,-0.17834131336367245,0.363890072726596,0.4574560272606627
hungarian,valence_mean,1998,0.1842647661309523,8,0.04235133491703516,-0.00035503713520424124,0.8806214529550918,-0.10419076317866274,0.6807557542139151,0.17125725681701776
hungarian,valence_mean,1999,0.21244235563809527,5,0.055138376730531194,-0.00035503713520424124,0.8806214529550918,-0.10419076317866274,0.6807557542139151,0.17090221968181352
hungarian,valence_mean,2000,0.1489523829487179,13,0.0406417911697035,-0.00035503713520424124,0.8806214529550918,-0.10419076317866274,0.6807557542139151,0.17054718254660928
hungarian,valence_mean,2001,0.14859649675595235,24,0.02587970312632251,-0.00035503713520424124,0.8806214529550918,-0.10419076317866274,0.6807557542139151,0.17019214541140504
hungarian,valence_mean,2002,0.1714039024509804,34,0.045314738676987286,-0.00035503713520424124,0.8806214529550918,-0.10419076317866274,0.6807557542139151,0.1698371082762008
hungarian,valence_mean,2004,0.15696553398611107,120,0.0561155240723578,-0.00035503713520424124,0.8806214529550918,-0.10419076317866274,0.6807557542139151,0.16912703400579232
hungarian,valence_mean,2005,0.14336122679001717,83,0.11072277728392893,-0.00035503713520424124,0.8806214529550918,-0.10419076317866274,0.6807557542139151,0.16877199687058808
hungarian,valence_mean,2006,0.15604450863299035,77,0.07073174558031485,-0.00035503713520424124,0.8806214529550918,-0.10419076317866274,0.6807557542139151,0.16841695973538384
hungarian,valence_mean,2007,0.18168466237777775,70,0.061095643101694706,-0.00035503713520424124,0.8806214529550918,-0.10419076317866274,0.6807557542139151,0.1680619226001796
hungarian,valence_mean,2008,0.17059114133117723,79,0.06958430801262867,-0.00035503713520424124,0.8806214529550918,-0.10419076317866274,0.6807557542139151,0.16770688546497536
hungarian,valence_mean,2009,0.15675190074180623,133,0.052983749365101314,-0.00035503713520424124,0.8806214529550918,-0.10419076317866274,0.6807557542139151,0.16735184832977112
hungarian,valence_mean,2010,0.1843901059649378,24,0.14691597609098825,-0.00035503713520424124,0.8806214529550918,-0.10419076317866274,0.6807557542139151,0.16699681119456689
hungarian,valence_mean,2011,0.18982745061606882,73,0.05104185724504693,-0.00035503713520424124,0.8806214529550918,-0.10419076317866274,0.6807557542139151,0.16664177405936265
hungarian,valence_mean,2012,0.15684690515148614,67,0.04988116979245234,-0.00035503713520424124,0.8806214529550918,-0.10419076317866274,0.6807557542139151,0.1662867369241584
hungarian,valence_mean,2013,0.16888947910305038,180,0.06117396400816917,-0.00035503713520424124,0.8806214529550918,-0.10419076317866274,0.6807557542139151,0.16593169978895417
hungarian,valence_mean,2014,0.1479754190935505,59,0.04713467564611859,-0.00035503713520424124,0.8806214529550918,-0.10419076317866274,0.6807557542139151,0.16557666265374993
hungarian,valence_mean,2015,0.19392278675925922,12,0.04697745418948296,-0.00035503713520424124,0.8806214529550918,-0.10419076317866274,0.6807557542139151,0.1652216255185457
hungarian,valence_mean,2016,0.1507834337894847,31,0.07410875074672638,-0.00035503713520424124,0.8806214529550918,-0.10419076317866274,0.6807557542139151,0.16486658838334145
hungarian,arousal_mean,1998,0.009291222648809525,8,0.09960948493410347,-0.00024238477775747046,0.48799480760216407,-0.04954977558864729,0.8451981320497659,0.0037100216427380928
hungarian,arousal_mean,1999,-0.031214830952380944,5,0.09863103444689578,-0.00024238477775747046,0.48799480760216407,-0.04954977558864729,0.8451981320497659,0.003467636864980639
hungarian,arousal_mean,2000,-0.019015213333333322,13,0.026350742372840054,-0.00024238477775747046,0.48799480760216407,-0.04954977558864729,0.8451981320497659,0.0032252520872231294
hungarian,arousal_mean,2001,0.020930159642857136,24,0.057286846648832795,-0.00024238477775747046,0.48799480760216407,-0.04954977558864729,0.8451981320497659,0.0029828673094656755
hungarian,arousal_mean,2002,-0.011947331470588244,34,0.0591116966598788,-0.00024238477775747046,0.48799480760216407,-0.04954977558864729,0.8451981320497659,0.0027404825317082215
hungarian,arousal_mean,2004,-0.00503752166666667,120,0.06477280630827248,-0.00024238477775747046,0.48799480760216407,-0.04954977558864729,0.8451981320497659,0.002255712976193258
hungarian,arousal_mean,2005,0.03845257248909923,83,0.09184572125954985,-0.00024238477775747046,0.48799480760216407,-0.04954977558864729,0.8451981320497659,0.0020133281984358042
hungarian,arousal_mean,2006,0.03742429737870355,77,0.10302254276794208,-0.00024238477775747046,0.48799480760216407,-0.04954977558864729,0.8451981320497659,0.0017709434206783503
hungarian,arousal_mean,2007,-0.010197786857142848,70,0.07863458762702207,-0.00024238477775747046,0.48799480760216407,-0.04954977558864729,0.8451981320497659,0.0015285586429208409
hungarian,arousal_mean,2008,-0.002382768691392444,79,0.0828925031169075,-0.00024238477775747046,0.48799480760216407,-0.04954977558864729,0.8451981320497659,0.001286173865163387
hungarian,arousal_mean,2009,-0.0021616492680984456,133,0.06572240000334138,-0.00024238477775747046,0.48799480760216407,-0.04954977558864729,0.8451981320497659,0.001043789087405933
hungarian,arousal_mean,2010,0.07240309132527188,24,0.20235641165987428,-0.00024238477775747046,0.48799480760216407,-0.04954977558864729,0.8451981320497659,0.0008014043096484236
hungarian,arousal_mean,2011,-0.020388507866908583,73,0.0747797812064946,-0.00024238477775747046,0.48799480760216407,-0.04954977558864729,0.8451981320497659,0.0005590195318909696
hungarian,arousal_mean,2012,0.003702306123867846,67,0.06732326577321399,-0.00024238477775747046,0.48799480760216407,-0.04954977558864729,0.8451981320497659,0.0003166347541335157
hungarian,arousal_mean,2013,-0.0011455498430489421,180,0.06590379981781425,-0.00024238477775747046,0.48799480760216407,-0.04954977558864729,0.8451981320497659,7.424997637600628e-05
hungarian,arousal_mean,2014,-0.008445684054711767,59,0.06111649608236039,-0.00024238477775747046,0.48799480760216407,-0.04954977558864729,0.8451981320497659,-0.00016813480138144765
hungarian,arousal_mean,2015,-0.04972309226851849,12,0.04227903846659665,-0.00024238477775747046,0.48799480760216407,-0.04954977558864729,0.8451981320497659,-0.0004105195791389016
hungarian,arousal_mean,2016,0.006000803125727331,31,0.07214478143204428,-0.00024238477775747046,0.48799480760216407,-0.04954977558864729,0.8451981320497659,-0.0006529043568963555
hungarian,dominance_mean,1998,0.38364211309523805,8,0.10489206877959949,0.000198575906190227,0.017170624666884016,0.06676289250051994,0.7923893109045512,0.4139252852349576
hungarian,dominance_mean,1999,0.4064095238095238,5,0.1259932807840207,0.000198575906190227,0.017170624666884016,0.06676289250051994,0.7923893109045512,0.4141238611411478
hungarian,dominance_mean,2000,0.41106410256410253,13,0.09887238170109924,0.000198575906190227,0.017170624666884016,0.06676289250051994,0.7923893109045512,0.41432243704733807
hungarian,dominance_mean,2001,0.41927023809523806,24,0.07220464306834454,0.000198575906190227,0.017170624666884016,0.06676289250051994,0.7923893109045512,0.4145210129535283
hungarian,dominance_mean,2002,0.40938382352941177,34,0.07452105531282828,0.000198575906190227,0.017170624666884016,0.06676289250051994,0.7923893109045512,0.4147195888597185
hungarian,dominance_mean,2004,0.41361166666666666,120,0.07789646174014572,0.000198575906190227,0.017170624666884016,0.06676289250051994,0.7923893109045512,0.41511674067209897
hungarian,dominance_mean,2005,0.42246378848728244,83,0.07244909712664893,0.000198575906190227,0.017170624666884016,0.06676289250051994,0.7923893109045512,0.4153153165782892
hungarian,dominance_mean,2006,0.45870755889132514,77,0.12151275697902678,0.000198575906190227,0.017170624666884016,0.06676289250051994,0.7923893109045512,0.4155138924844794
hungarian,dominance_mean,2007,0.4279387103174603,70,0.0857888360119033,0.000198575906190227,0.017170624666884016,0.06676289250051994,0.7923893109045512,0.4157124683906696
hungarian,dominance_mean,2008,0.42671729403416253,79,0.0807055896650361,0.000198575906190227,0.017170624666884016,0.06676289250051994,0.7923893109045512,0.4159110442968599
hungarian,dominance_mean,2009,0.42130899349158585,133,0.07350997599009323,0.000198575906190227,0.017170624666884016,0.06676289250051994,0.7923893109045512,0.4161096202030501
hungarian,dominance_mean,2010,0.4345791083916084,24,0.08104079593473938,0.000198575906190227,0.017170624666884016,0.06676289250051994,0.7923893109045512,0.4163081961092403
hungarian,dominance_mean,2011,0.3992761699107589,73,0.06260644161401306,0.000198575906190227,0.017170624666884016,0.06676289250051994,0.7923893109045512,0.4165067720154305
hungarian,dominance_mean,2012,0.4209929685364387,67,0.06402619441772052,0.000198575906190227,0.017170624666884016,0.06676289250051994,0.7923893109045512,0.4167053479216208
hungarian,dominance_mean,2013,0.41601305274354566,180,0.0687285118068079,0.000198575906190227,0.017170624666884016,0.06676289250051994,0.7923893109045512,0.416903923827811
hungarian,dominance_mean,2014,0.4162600141854379,59,0.07228036282960251,0.000198575906190227,0.017170624666884016,0.06676289250051994,0.7923893109045512,0.4171024997340012
hungarian,dominance_mean,2015,0.3874814814814815,12,0.06952881877666892,0.000198575906190227,0.017170624666884016,0.06676289250051994,0.7923893109045512,0.4173010756401914
hungarian,dominance_mean,2016,0.4084981264255458,31,0.08098482883046342,0.000198575906190227,0.017170624666884016,0.06676289250051994,0.7923893109045512,0.4174996515463817
indonesian,valence_mean,1978,0.12779651749999998,4,0.09266412967133386,0.0033009869210516305,-6.388428213641122,0.4796858952190301,0.005467327544334514,0.1409239161990028
indonesian,valence_mean,1980,0.0873746733333333,3,0.0943584577063367,0.0033009869210516305,-6.388428213641122,0.4796858952190301,0.005467327544334514,0.1475258900411065
indonesian,valence_mean,1982,0.23866382349999993,4,0.14390096936733962,0.0033009869210516305,-6.388428213641122,0.4796858952190301,0.005467327544334514,0.15412786388320932
indonesian,valence_mean,1983,0.13338672874999996,4,0.0449902659167511,0.0033009869210516305,-6.388428213641122,0.4796858952190301,0.005467327544334514,0.15742885080426117
indonesian,valence_mean,1985,0.09157634666666663,4,0.04324306974648385,0.0033009869210516305,-6.388428213641122,0.4796858952190301,0.005467327544334514,0.16403082464636487
indonesian,valence_mean,1990,0.28082209625,4,0.13868115186492921,0.0033009869210516305,-6.388428213641122,0.4796858952190301,0.005467327544334514,0.18053575925162235
indonesian,valence_mean,1991,0.3000599912878788,3,0.18947519788032313,0.0033009869210516305,-6.388428213641122,0.4796858952190301,0.005467327544334514,0.1838367461726742
indonesian,valence_mean,1992,0.3265146931933333,5,0.12454857999076287,0.0033009869210516305,-6.388428213641122,0.4796858952190301,0.005467327544334514,0.18713773309372606
indonesian,valence_mean,1993,0.07445644449999997,10,0.08135700313515337,0.0033009869210516305,-6.388428213641122,0.4796858952190301,0.005467327544334514,0.1904387200147779
indonesian,valence_mean,1994,0.30199540628571425,3,0.08226164877776784,0.0033009869210516305,-6.388428213641122,0.4796858952190301,0.005467327544334514,0.19373970693582887
indonesian,valence_mean,1995,0.09070896333333334,9,0.08580354885559062,0.0033009869210516305,-6.388428213641122,0.4796858952190301,0.005467327544334514,0.19704069385688072
indonesian,valence_mean,1996,0.23416066696296292,6,0.1324420533638805,0.0033009869210516305,-6.388428213641122,0.4796858952190301,0.005467327544334514,0.20034168077793257
indonesian,valence_mean,1997,0.11580586039285709,14,0.10792642287041934,0.0033009869210516305,-6.388428213641122,0.4796858952190301,0.005467327544334514,0.20364266769898443
indonesian,valence_mean,1998,0.2521970896607991,13,0.1684034948278993,0.0033009869210516305,-6.388428213641122,0.4796858952190301,0.005467327544334514,0.2069436546200354
indonesian,valence_mean,1999,0.15477687101405377,22,0.09052568928309422,0.0033009869210516305,-6.388428213641122,0.4796858952190301,0.005467327544334514,0.21024464154108724
indonesian,valence_mean,2000,0.20627533646136362,22,0.13883735560194724,0.0033009869210516305,-6.388428213641122,0.4796858952190301,0.005467327544334514,0.2135456284621391
indonesian,valence_mean,2001,0.1528982566111111,21,0.13570244335732326,0.0033009869210516305,-6.388428213641122,0.4796858952190301,0.005467327544334514,0.21684661538319094
indonesian,valence_mean,2002,0.16584995181537174,24,0.08813714583091278,0.0033009869210516305,-6.388428213641122,0.4796858952190301,0.005467327544334514,0.2201476023042419
indonesian,valence_mean,2003,0.20789503410963717,42,0.17773952434855675,0.0033009869210516305,-6.388428213641122,0.4796858952190301,0.005467327544334514,0.22344858922529376
indonesian,valence_mean,2004,0.2528277994963531,22,0.11283169522596606,0.0033009869210516305,-6.388428213641122,0.4796858952190301,0.005467327544334514,0.2267495761463456
indonesian,valence_mean,2005,0.17191210874822133,46,0.09798304156954829,0.0033009869210516305,-6.388428213641122,0.4796858952190301,0.005467327544334514,0.23005056306739746
indonesian,valence_mean,2006,0.20508843101982827,61,0.10922769431851598,0.0033009869210516305,-6.388428213641122,0.4796858952190301,0.005467327544334514,0.23335154998844843
indonesian,valence_mean,2007,0.24477241456932758,52,0.11358138364216629,0.0033009869210516305,-6.388428213641122,0.4796858952190301,0.005467327544334514,0.23665253690950028
indonesian,valence_mean,2008,0.2363460828892819,66,0.13044958675238708,0.0033009869210516305,-6.388428213641122,0.4796858952190301,0.005467327544334514,0.23995352383055213
indonesian,valence_mean,2009,0.24943325939945976,7,0.14149990963334713,0.0033009869210516305,-6.388428213641122,0.4796858952190301,0.005467327544334514,0.24325451075160398
indonesian,valence_mean,2010,0.23941553532622026,46,0.12645031578472635,0.0033009869210516305,-6.388428213641122,0.4796858952190301,0.005467327544334514,0.24655549767265494
indonesian,valence_mean,2011,0.20623508234683005,20,0.0988825021363241,0.0033009869210516305,-6.388428213641122,0.4796858952190301,0.005467327544334514,0.2498564845937068
indonesian,valence_mean,2012,0.3170548364384294,19,0.07517076480796256,0.0033009869210516305,-6.388428213641122,0.4796858952190301,0.005467327544334514,0.25315747151475865
indonesian,valence_mean,2013,0.29886224513431514,52,0.10513466588734709,0.0033009869210516305,-6.388428213641122,0.4796858952190301,0.005467327544334514,0.2564584584358105
indonesian,valence_mean,2014,0.28343349732835704,165,0.10221237493214835,0.0033009869210516305,-6.388428213641122,0.4796858952190301,0.005467327544334514,0.25975944535686146
indonesian,valence_mean,2015,0.2648279793351336,157,0.0973276586258561,0.0033009869210516305,-6.388428213641122,0.4796858952190301,0.005467327544334514,0.2630604322779133
indonesian,valence_mean,2016,0.2837252309967024,42,0.1124378773461157,0.0033009869210516305,-6.388428213641122,0.4796858952190301,0.005467327544334514,0.26636141919896517
indonesian,arousal_mean,1978,0.03444518749999995,4,0.03699461582456928,0.00100957011421514,-1.9026564867533147,0.3677100527215658,0.03840623183353094,0.09427319916423205
indonesian,arousal_mean,1980,0.08836547111111108,3,0.05715660069823501,0.00100957011421514,-1.9026564867533147,0.3677100527215658,0.03840623183353094,0.09629233939266246
indonesian,arousal_mean,1982,0.13370075374999996,4,0.05814586932551358,0.00100957011421514,-1.9026564867533147,0.3677100527215658,0.03840623183353094,0.09831147962109266
indonesian,arousal_mean,1983,0.06545901000000003,4,0.12313269621091551,0.00100957011421514,-1.9026564867533147,0.3677100527215658,0.03840623183353094,0.09932104973530786
indonesian,arousal_mean,1985,0.1292384009166666,4,0.09169950817727092,0.00100957011421514,-1.9026564867533147,0.3677100527215658,0.03840623183353094,0.10134018996373828
indonesian,arousal_mean,1990,0.17612476749999995,4,0.11482206861978499,0.00100957011421514,-1.9026564867533147,0.3677100527215658,0.03840623183353094,0.10638804053481388
indonesian,arousal_mean,1991,0.12241023928787875,3,0.08203995628455332,0.00100957011421514,-1.9026564867533147,0.3677100527215658,0.03840623183353094,0.10739761064902908
indonesian,arousal_mean,1992,0.13905847933333332,5,0.14433028048325178,0.00100957011421514,-1.9026564867533147,0.3677100527215658,0.03840623183353094,0.10840718076324429
indonesian,arousal_mean,1993,0.08494315819999995,10,0.08083647833217858,0.00100957011421514,-1.9026564867533147,0.3677100527215658,0.03840623183353094,0.10941675087745906
indonesian,arousal_mean,1994,0.09764208396825393,3,0.07184099677092502,0.00100957011421514,-1.9026564867533147,0.3677100527215658,0.03840623183353094,0.11042632099167426
indonesian,arousal_mean,1995,0.07942116099999996,9,0.0706732419265473,0.00100957011421514,-1.9026564867533147,0.3677100527215658,0.03840623183353094,0.11143589110588947
indonesian,arousal_mean,1996,0.12736602756481474,6,0.13145840571694195,0.00100957011421514,-1.9026564867533147,0.3677100527215658,0.03840623183353094,0.11244546122010468
indonesian,arousal_mean,1997,0.08471666666666663,14,0.059162740013194284,0.00100957011421514,-1.9026564867533147,0.3677100527215658,0.03840623183353094,0.11345503133431989
indonesian,arousal_mean,1998,0.1608356551118641,13,0.08960074532378567,0.00100957011421514,-1.9026564867533147,0.3677100527215658,0.03840623183353094,0.1144646014485351
indonesian,arousal_mean,1999,0.11284154748144705,22,0.11881849615990714,0.00100957011421514,-1.9026564867533147,0.3677100527215658,0.03840623183353094,0.1154741715627503
indonesian,arousal_mean,2000,0.14125264351010094,22,0.07937177951348984,0.00100957011421514,-1.9026564867533147,0.3677100527215658,0.03840623183353094,0.11648374167696507
indonesian,arousal_mean,2001,0.12109422964285711,21,0.11140264167662288,0.00100957011421514,-1.9026564867533147,0.3677100527215658,0.03840623183353094,0.11749331179118028
indonesian,arousal_mean,2002,0.10272234173611107,24,0.09106411767473088,0.00100957011421514,-1.9026564867533147,0.3677100527215658,0.03840623183353094,0.11850288190539549
indonesian,arousal_mean,2003,0.09980052884920632,42,0.12135492651540072,0.00100957011421514,-1.9026564867533147,0.3677100527215658,0.03840623183353094,0.1195124520196107
indonesian,arousal_mean,2004,0.11685087134939566,22,0.07566410487909667,0.00100957011421514,-1.9026564867533147,0.3677100527215658,0.03840623183353094,0.1205220221338259
indonesian,arousal_mean,2005,0.0838473815815923,46,0.07247124707067497,0.00100957011421514,-1.9026564867533147,0.3677100527215658,0.03840623183353094,0.12153159224804111
indonesian,arousal_mean,2006,0.09988614620960183,61,0.06931729320354099,0.00100957011421514,-1.9026564867533147,0.3677100527215658,0.03840623183353094,0.12254116236225587
indonesian,arousal_mean,2007,0.15811779839170115,52,0.11200274892291862,0.00100957011421514,-1.9026564867533147,0.3677100527215658,0.03840623183353094,0.12355073247647108
indonesian,arousal_mean,2008,0.14819983243566495,66,0.12211244039300395,0.00100957011421514,-1.9026564867533147,0.3677100527215658,0.03840623183353094,0.12456030259068629
indonesian,arousal_mean,2009,0.12634687822689072,7,0.09591736088973485,0.00100957011421514,-1.9026564867533147,0.3677100527215658,0.03840623183353094,0.1255698727049015
indonesian,arousal_mean,2010,0.1235491022027244,46,0.08589763922930507,0.00100957011421514,-1.9026564867533147,0.3677100527215658,0.03840623183353094,0.1265794428191167
indonesian,arousal_mean,2011,0.11604947403338195,20,0.09332071549184219,0.00100957011421514,-1.9026564867533147,0.3677100527215658,0.03840623183353094,0.1275890129333319
indonesian,arousal_mean,2012,0.11921765989724305,19,0.11820628893574765,0.00100957011421514,-1.9026564867533147,0.3677100527215658,0.03840623183353094,0.12859858304754712
indonesian,arousal_mean,2013,0.11830646732892905,52,0.06778832012361054,0.00100957011421514,-1.9026564867533147,0.3677100527215658,0.03840623183353094,0.12960815316176189
indonesian,arousal_mean,2014,0.12830223913664052,165,0.07655104787225504,0.00100957011421514,-1.9026564867533147,0.3677100527215658,0.03840623183353094,0.1306177232759771
indonesian,arousal_mean,2015,0.14815032759044297,157,0.07895604512978377,0.00100957011421514,-1.9026564867533147,0.3677100527215658,0.03840623183353094,0.1316272933901923
indonesian,arousal_mean,2016,0.12811193089200826,42,0.09609237836712418,0.00100957011421514,-1.9026564867533147,0.3677100527215658,0.03840623183353094,0.1326368635044075
indonesian,dominance_mean,1978,0.388125,4,0.07500041666550927,6.537311362596444e-05,0.32247937798998394,0.02530194640826573,0.890669837063031,0.45178739674214163
indonesian,dominance_mean,1980,0.45951111111111104,3,0.056022469037316155,6.537311362596444e-05,0.32247937798998394,0.02530194640826573,0.890669837063031,0.45191814296939353
indonesian,dominance_mean,1982,0.524375,4,0.13122714086651435,6.537311362596444e-05,0.32247937798998394,0.02530194640826573,0.890669837063031,0.45204888919664543
indonesian,dominance_mean,1983,0.41712499999999997,4,0.06380487834013947,6.537311362596444e-05,0.32247937798998394,0.02530194640826573,0.890669837063031,0.4521142623102714
indonesian,dominance_mean,1985,0.5080833333333333,4,0.07296238249440098,6.537311362596444e-05,0.32247937798998394,0.02530194640826573,0.890669837063031,0.45224500853752336
indonesian,dominance_mean,1990,0.424875,4,0.03864016692510532,6.537311362596444e-05,0.32247937798998394,0.02530194640826573,0.890669837063031,0.4525718741056532
indonesian,dominance_mean,1991,0.49453030303030304,3,0.13481596220000006,6.537311362596444e-05,0.32247937798998394,0.02530194640826573,0.890669837063031,0.4526372472192791
indonesian,dominance_mean,1992,0.4871333333333333,5,0.15095613785320408,6.537311362596444e-05,0.32247937798998394,0.02530194640826573,0.890669837063031,0.4527026203329051
indonesian,dominance_mean,1993,0.4239333333333334,10,0.07005429772419129,6.537311362596444e-05,0.32247937798998394,0.02530194640826573,0.890669837063031,0.45276799344653107
indonesian,dominance_mean,1994,0.41746825396825393,3,0.0569846735836189,6.537311362596444e-05,0.32247937798998394,0.02530194640826573,0.890669837063031,0.45283336656015705
indonesian,dominance_mean,1995,0.4536111111111111,9,0.13107149236623158,6.537311362596444e-05,0.32247937798998394,0.02530194640826573,0.890669837063031,0.452898739673783
indonesian,dominance_mean,1996,0.46367592592592594,6,0.11748150585563245,6.537311362596444e-05,0.32247937798998394,0.02530194640826573,0.890669837063031,0.452964112787409
indonesian,dominance_mean,1997,0.4620761904761905,14,0.06815643196763768,6.537311362596444e-05,0.32247937798998394,0.02530194640826573,0.890669837063031,0.4530294859010349
indonesian,dominance_mean,1998,0.4382370621369477,13,0.07900571814346591,6.537311362596444e-05,0.32247937798998394,0.02530194640826573,0.890669837063031,0.4530948590146609
indonesian,dominance_mean,1999,0.4369220315398886,22,0.09127969724802813,6.537311362596444e-05,0.32247937798998394,0.02530194640826573,0.890669837063031,0.4531602321282869
indonesian,dominance_mean,2000,0.45334015151515156,22,0.09095377607617855,6.537311362596444e-05,0.32247937798998394,0.02530194640826573,0.890669837063031,0.4532256052419128
indonesian,dominance_mean,2001,0.4633611111111111,21,0.11899167026558033,6.537311362596444e-05,0.32247937798998394,0.02530194640826573,0.890669837063031,0.4532909783555388
indonesian,dominance_mean,2002,0.4264577119883041,24,0.07148374485877397,6.537311362596444e-05,0.32247937798998394,0.02530194640826573,0.890669837063031,0.45335635146916475
indonesian,dominance_mean,2003,0.4489623866213152,42,0.1097343769484091,6.537311362596444e-05,0.32247937798998394,0.02530194640826573,0.890669837063031,0.45342172458279073
indonesian,dominance_mean,2004,0.4510702949011773,22,0.139812613997644,6.537311362596444e-05,0.32247937798998394,0.02530194640826573,0.890669837063031,0.4534870976964167
indonesian,dominance_mean,2005,0.4469056324110672,46,0.10023507585087235,6.537311362596444e-05,0.32247937798998394,0.02530194640826573,0.890669837063031,0.4535524708100427
indonesian,dominance_mean,2006,0.4146943793911007,61,0.09760869133415777,6.537311362596444e-05,0.32247937798998394,0.02530194640826573,0.890669837063031,0.4536178439236686
indonesian,dominance_mean,2007,0.46754066551039786,52,0.10136619106688502,6.537311362596444e-05,0.32247937798998394,0.02530194640826573,0.890669837063031,0.4536832170372946
indonesian,dominance_mean,2008,0.44810422581695175,66,0.09577584955254513,6.537311362596444e-05,0.32247937798998394,0.02530194640826573,0.890669837063031,0.4537485901509205
indonesian,dominance_mean,2009,0.48133481392557026,7,0.15741075297047707,6.537311362596444e-05,0.32247937798998394,0.02530194640826573,0.890669837063031,0.4538139632645465
indonesian,dominance_mean,2010,0.46502738095238094,46,0.1043451804757822,6.537311362596444e-05,0.32247937798998394,0.02530194640826573,0.890669837063031,0.45387933637817246
indonesian,dominance_mean,2011,0.45185730503795724,20,0.09997351858638073,6.537311362596444e-05,0.32247937798998394,0.02530194640826573,0.890669837063031,0.45394470949179844
indonesian,dominance_mean,2012,0.44129436090225554,19,0.09120219429704884,6.537311362596444e-05,0.32247937798998394,0.02530194640826573,0.890669837063031,0.4540100826054244
indonesian,dominance_mean,2013,0.4589521275347697,52,0.07641020851471317,6.537311362596444e-05,0.32247937798998394,0.02530194640826573,0.890669837063031,0.4540754557190504
indonesian,dominance_mean,2014,0.4611573345737603,165,0.11864293848526629,6.537311362596444e-05,0.32247937798998394,0.02530194640826573,0.890669837063031,0.45414082883267637
indonesian,dominance_mean,2015,0.4612510825836682,157,0.09608225513559761,6.537311362596444e-05,0.32247937798998394,0.02530194640826573,0.890669837063031,0.4542062019463023
indonesian,dominance_mean,2016,0.4615073094146544,42,0.11050822498205835,6.537311362596444e-05,0.32247937798998394,0.02530194640826573,0.890669837063031,0.45427157505992827
latin,valence_mean,1987,0.27770074113636356,5,0.06324691292603647,-0.0020965848294574835,4.45378460916319,-0.31770423857706365,0.11374074064228674,0.28787055303117004
latin,valence_mean,1993,0.4119906275333333,3,0.11230843249513883,-0.0020965848294574835,4.45378460916319,-0.31770423857706365,0.11374074064228674,0.27529104405442517
latin,valence_mean,1994,0.2843406439333333,6,0.09927830560629618,-0.0020965848294574835,4.45378460916319,-0.31770423857706365,0.11374074064228674,0.27319445922496755
latin,valence_mean,1995,0.3306859107999999,5,0.16936950292971656,-0.0020965848294574835,4.45378460916319,-0.31770423857706365,0.11374074064228674,0.2710978743955099
latin,valence_mean,1996,0.24953718249999998,6,0.11291767433402956,-0.0020965848294574835,4.45378460916319,-0.31770423857706365,0.11374074064228674,0.2690012895660532
latin,valence_mean,1997,0.1495827836666666,5,0.04352905296934281,-0.0020965848294574835,4.45378460916319,-0.31770423857706365,0.11374074064228674,0.26690470473659555
latin,valence_mean,1998,0.2509762498276201,10,0.13675480785983385,-0.0020965848294574835,4.45378460916319,-0.31770423857706365,0.11374074064228674,0.26480811990713793
latin,valence_mean,1999,0.25831577628944447,10,0.13245977777306295,-0.0020965848294574835,4.45378460916319,-0.31770423857706365,0.11374074064228674,0.2627115350776803
latin,valence_mean,2000,0.2524653444807977,28,0.12221677890135714,-0.0020965848294574835,4.45378460916319,-0.31770423857706365,0.11374074064228674,0.2606149502482227
latin,valence_mean,2001,0.25827462371335774,25,0.10001051187255015,-0.0020965848294574835,4.45378460916319,-0.31770423857706365,0.11374074064228674,0.25851836541876505
latin,valence_mean,2002,0.20707124381500375,28,0.10205803039864235,-0.0020965848294574835,4.45378460916319,-0.31770423857706365,0.11374074064228674,0.2564217805893083
latin,valence_mean,2003,0.2056120147129629,18,0.08098358360771189,-0.0020965848294574835,4.45378460916319,-0.31770423857706365,0.11374074064228674,0.2543251957598507
latin,valence_mean,2004,0.2227649244405089,35,0.0989742486507318,-0.0020965848294574835,4.45378460916319,-0.31770423857706365,0.11374074064228674,0.25222861093039306
latin,valence_mean,2005,0.27399584697046536,53,0.12948687443337487,-0.0020965848294574835,4.45378460916319,-0.31770423857706365,0.11374074064228674,0.25013202610093543
latin,valence_mean,2006,0.24550100034993094,42,0.14499468212589087,-0.0020965848294574835,4.45378460916319,-0.31770423857706365,0.11374074064228674,0.2480354412714778
latin,valence_mean,2007,0.24139031496782623,31,0.18288321777766933,-0.0020965848294574835,4.45378460916319,-0.31770423857706365,0.11374074064228674,0.24593885644202018
latin,valence_mean,2008,0.23099721440577825,66,0.14132807687918017,-0.0020965848294574835,4.45378460916319,-0.31770423857706365,0.11374074064228674,0.24384227161256344
latin,valence_mean,2009,0.24581294263352882,62,0.15610583872033976,-0.0020965848294574835,4.45378460916319,-0.31770423857706365,0.11374074064228674,0.24174568678310582
latin,valence_mean,2010,0.21744214543458448,30,0.10805332717269744,-0.0020965848294574835,4.45378460916319,-0.31770423857706365,0.11374074064228674,0.2396491019536482
latin,valence_mean,2011,0.2387982169107977,20,0.1526662300282438,-0.0020965848294574835,4.45378460916319,-0.31770423857706365,0.11374074064228674,0.23755251712419057
latin,valence_mean,2012,0.283623370056175,21,0.11667312902145155,-0.0020965848294574835,4.45378460916319,-0.31770423857706365,0.11374074064228674,0.23545593229473294
latin,valence_mean,2013,0.28283094564104994,20,0.12127570797561754,-0.0020965848294574835,4.45378460916319,-0.31770423857706365,0.11374074064228674,0.2333593474652753
latin,valence_mean,2014,0.2114831828726077,37,0.09555706856629831,-0.0020965848294574835,4.45378460916319,-0.31770423857706365,0.11374074064228674,0.23126276263581858
latin,valence_mean,2015,0.2590557162719234,36,0.14317134152122304,-0.0020965848294574835,4.45378460916319,-0.31770423857706365,0.11374074064228674,0.22916617780636095
latin,valence_mean,2016,0.3077788928571428,7,0.1518311851265937,-0.0020965848294574835,4.45378460916319,-0.31770423857706365,0.11374074064228674,0.22706959297690332
latin,valence_mean,2017,0.14314334933333334,5,0.14632680522804825,-0.0020965848294574835,4.45378460916319,-0.31770423857706365,0.11374074064228674,0.2249730081474457
latin,arousal_mean,1987,0.16920447118181817,5,0.048463931502263996,-6.415818043972008e-05,0.2871766034824704,-0.016936650263665916,0.9345523621785546,0.15969429894874662
latin,arousal_mean,1993,0.15995593833333324,3,0.059937649950185856,-6.415818043972008e-05,0.2871766034824704,-0.016936650263665916,0.9345523621785546,0.1593093498661083
latin,arousal_mean,1994,0.2309722591666666,6,0.13845456082651184,-6.415818043972008e-05,0.2871766034824704,-0.016936650263665916,0.9345523621785546,0.15924519168566859
latin,arousal_mean,1995,0.16819832034999999,5,0.0861170582378987,-6.415818043972008e-05,0.2871766034824704,-0.016936650263665916,0.9345523621785546,0.15918103350522886
latin,arousal_mean,1996,0.20519732416666658,6,0.11350492306688274,-6.415818043972008e-05,0.2871766034824704,-0.016936650263665916,0.9345523621785546,0.15911687532478913
latin,arousal_mean,1997,0.1099451643333333,5,0.01014583332791865,-6.415818043972008e-05,0.2871766034824704,-0.016936650263665916,0.9345523621785546,0.15905271714434943
latin,arousal_mean,1998,0.12809249592458458,10,0.09605908680441083,-6.415818043972008e-05,0.2871766034824704,-0.016936650263665916,0.9345523621785546,0.1589885589639097
latin,arousal_mean,1999,0.12875484706666665,10,0.06548300370899018,-6.415818043972008e-05,0.2871766034824704,-0.016936650263665916,0.9345523621785546,0.15892440078346998
latin,arousal_mean,2000,0.1536145864247062,28,0.07053730438428311,-6.415818043972008e-05,0.2871766034824704,-0.016936650263665916,0.9345523621785546,0.15886024260303025
latin,arousal_mean,2001,0.11998803164468862,25,0.06590085353580802,-6.415818043972008e-05,0.2871766034824704,-0.016936650263665916,0.9345523621785546,0.15879608442259055
latin,arousal_mean,2002,0.12175681644197929,28,0.06620943291930592,-6.415818043972008e-05,0.2871766034824704,-0.016936650263665916,0.9345523621785546,0.15873192624215082
latin,arousal_mean,2003,0.14233194670370367,18,0.0645194641216154,-6.415818043972008e-05,0.2871766034824704,-0.016936650263665916,0.9345523621785546,0.1586677680617111
latin,arousal_mean,2004,0.1176246519862518,35,0.1657105818067171,-6.415818043972008e-05,0.2871766034824704,-0.016936650263665916,0.9345523621785546,0.1586036098812714
latin,arousal_mean,2005,0.16478760784523905,53,0.09331198137963187,-6.415818043972008e-05,0.2871766034824704,-0.016936650263665916,0.9345523621785546,0.15853945170083167
latin,arousal_mean,2006,0.19439703265783,42,0.14051263576384174,-6.415818043972008e-05,0.2871766034824704,-0.016936650263665916,0.9345523621785546,0.15847529352039194
latin,arousal_mean,2007,0.2066739684916719,31,0.16419779635921106,-6.415818043972008e-05,0.2871766034824704,-0.016936650263665916,0.9345523621785546,0.1584111353399522
latin,arousal_mean,2008,0.15035091903619752,66,0.10392230443347802,-6.415818043972008e-05,0.2871766034824704,-0.016936650263665916,0.9345523621785546,0.15834697715951251
latin,arousal_mean,2009,0.18563581916880784,62,0.1145760290706214,-6.415818043972008e-05,0.2871766034824704,-0.016936650263665916,0.9345523621785546,0.1582828189790728
latin,arousal_mean,2010,0.14721361371441016,30,0.131577777840354,-6.415818043972008e-05,0.2871766034824704,-0.016936650263665916,0.9345523621785546,0.15821866079863306
latin,arousal_mean,2011,0.18525342052015664,20,0.14004918908176073,-6.415818043972008e-05,0.2871766034824704,-0.016936650263665916,0.9345523621785546,0.15815450261819333
latin,arousal_mean,2012,0.13997795352442263,21,0.08192371587327257,-6.415818043972008e-05,0.2871766034824704,-0.016936650263665916,0.9345523621785546,0.15809034443775363
latin,arousal_mean,2013,0.1415651549166666,20,0.09314604438642378,-6.415818043972008e-05,0.2871766034824704,-0.016936650263665916,0.9345523621785546,0.1580261862573139
latin,arousal_mean,2014,0.1441729002210778,37,0.0943637700805316,-6.415818043972008e-05,0.2871766034824704,-0.016936650263665916,0.9345523621785546,0.15796202807687418
latin,arousal_mean,2015,0.17242178376294537,36,0.1292126647339746,-6.415818043972008e-05,0.2871766034824704,-0.016936650263665916,0.9345523621785546,0.15789786989643445
latin,arousal_mean,2016,0.16316859595238092,7,0.10464624067874231,-6.415818043972008e-05,0.2871766034824704,-0.016936650263665916,0.9345523621785546,0.15783371171599475
latin,arousal_mean,2017,0.17192496793333328,5,0.10422277913373516,-6.415818043972008e-05,0.2871766034824704,-0.016936650263665916,0.9345523621785546,0.15776955353555502
latin,dominance_mean,1987,0.6133272727272727,5,0.16161499756525238,-0.002186825732303021,4.893877794103408,-0.33490395192946026,0.09444756530426453,0.5486550640173045
latin,dominance_mean,1993,0.656,3,0.03117691453623974,-0.002186825732303021,4.893877794103408,-0.33490395192946026,0.09444756530426453,0.5355341096234865
latin,dominance_mean,1994,0.5348037037037037,6,0.15630676654415748,-0.002186825732303021,4.893877794103408,-0.33490395192946026,0.09444756530426453,0.5333472838911835
latin,dominance_mean,1995,0.4737,5,0.12875344655581064,-0.002186825732303021,4.893877794103408,-0.33490395192946026,0.09444756530426453,0.5311604581588805
latin,dominance_mean,1996,0.5233666666666666,6,0.1377859450984268,-0.002186825732303021,4.893877794103408,-0.33490395192946026,0.09444756530426453,0.5289736324265775
latin,dominance_mean,1997,0.4356,5,0.07203332562085421,-0.002186825732303021,4.893877794103408,-0.33490395192946026,0.09444756530426453,0.5267868066942745
latin,dominance_mean,1998,0.5437917948717949,10,0.12169050458790742,-0.002186825732303021,4.893877794103408,-0.33490395192946026,0.09444756530426453,0.5245999809619715
latin,dominance_mean,1999,0.5095208333333333,10,0.10329277737962272,-0.002186825732303021,4.893877794103408,-0.33490395192946026,0.09444756530426453,0.5224131552296685
latin,dominance_mean,2000,0.5251919140383425,28,0.13205499558284012,-0.002186825732303021,4.893877794103408,-0.33490395192946026,0.09444756530426453,0.5202263294973655
latin,dominance_mean,2001,0.4688498168498168,25,0.10685425601048967,-0.002186825732303021,4.893877794103408,-0.33490395192946026,0.09444756530426453,0.5180395037650625
latin,dominance_mean,2002,0.45842883683776536,28,0.07721590719734556,-0.002186825732303021,4.893877794103408,-0.33490395192946026,0.09444756530426453,0.5158526780327595
latin,dominance_mean,2003,0.4718625,18,0.10280242890757682,-0.002186825732303021,4.893877794103408,-0.33490395192946026,0.09444756530426453,0.5136658523004565
latin,dominance_mean,2004,0.5162375232517249,35,0.1060480699701046,-0.002186825732303021,4.893877794103408,-0.33490395192946026,0.09444756530426453,0.5114790265681535
latin,dominance_mean,2005,0.5305392453643286,53,0.1401136459125836,-0.002186825732303021,4.893877794103408,-0.33490395192946026,0.09444756530426453,0.5092922008358505
latin,dominance_mean,2006,0.49173239432872895,42,0.1282616064771648,-0.002186825732303021,4.893877794103408,-0.33490395192946026,0.09444756530426453,0.5071053751035475
latin,dominance_mean,2007,0.48395782864220954,31,0.11538992253950585,-0.002186825732303021,4.893877794103408,-0.33490395192946026,0.09444756530426453,0.5049185493712445
latin,dominance_mean,2008,0.5411001381187861,66,0.1283868298991434,-0.002186825732303021,4.893877794103408,-0.33490395192946026,0.09444756530426453,0.5027317236389415
latin,dominance_mean,2009,0.5051222983870968,62,0.1145885163763919,-0.002186825732303021,4.893877794103408,-0.33490395192946026,0.09444756530426453,0.5005448979066385
latin,dominance_mean,2010,0.4937496333078686,30,0.10161841974592656,-0.002186825732303021,4.893877794103408,-0.33490395192946026,0.09444756530426453,0.4983580721743355
latin,dominance_mean,2011,0.4509414992877493,20,0.12474604117845432,-0.002186825732303021,4.893877794103408,-0.33490395192946026,0.09444756530426453,0.4961712464420325
latin,dominance_mean,2012,0.4994796197189054,21,0.11546606819094746,-0.002186825732303021,4.893877794103408,-0.33490395192946026,0.09444756530426453,0.4939844207097295
latin,dominance_mean,2013,0.5407450498712999,20,0.11459115944207854,-0.002186825732303021,4.893877794103408,-0.33490395192946026,0.09444756530426453,0.4917975949774265
latin,dominance_mean,2014,0.4839938052917782,37,0.11926819558668776,-0.002186825732303021,4.893877794103408,-0.33490395192946026,0.09444756530426453,0.4896107692451235
latin,dominance_mean,2015,0.49816913888580555,36,0.13195239946850937,-0.002186825732303021,4.893877794103408,-0.33490395192946026,0.09444756530426453,0.4874239435128205
latin,dominance_mean,2016,0.5983285714285714,7,0.16314163402186074,-0.002186825732303021,4.893877794103408,-0.33490395192946026,0.09444756530426453,0.4852371177805175
latin,dominance_mean,2017,0.4324199999999999,5,0.03608909769199313,-0.002186825732303021,4.893877794103408,-0.33490395192946026,0.09444756530426453,0.4830502920482145
cebuano,valence_mean,1987,0.2987071067948718,3,0.202630950318125,-0.0014355322606139167,3.190751576407965,-0.31884365645722246,0.13810954882959392,0.3383489745681123
cebuano,valence_mean,1993,0.3180851047590909,5,0.059145840921604194,-0.0014355322606139167,3.190751576407965,-0.31884365645722246,0.13810954882959392,0.329735781004429
cebuano,valence_mean,1994,0.3971957540496133,9,0.15246096458176128,-0.0014355322606139167,3.190751576407965,-0.31884365645722246,0.13810954882959392,0.3283002487438149
cebuano,valence_mean,1995,0.22905836186904757,4,0.05022271988272848,-0.0014355322606139167,3.190751576407965,-0.31884365645722246,0.13810954882959392,0.32686471648320126
cebuano,valence_mean,1997,0.3702799609542678,16,0.15361713046712253,-0.0014355322606139167,3.190751576407965,-0.31884365645722246,0.13810954882959392,0.3239936519619735
cebuano,valence_mean,1999,0.3725506624247104,7,0.18865999971170866,-0.0014355322606139167,3.190751576407965,-0.31884365645722246,0.13810954882959392,0.3211225874407453
cebuano,valence_mean,2000,0.3370002409095238,7,0.1636797395974787,-0.0014355322606139167,3.190751576407965,-0.31884365645722246,0.13810954882959392,0.31968705518013163
cebuano,valence_mean,2001,0.3288055979434523,8,0.0766795359695491,-0.0014355322606139167,3.190751576407965,-0.31884365645722246,0.13810954882959392,0.3182515229195175
cebuano,valence_mean,2002,0.30841877282377217,18,0.07114876760349881,-0.0014355322606139167,3.190751576407965,-0.31884365645722246,0.13810954882959392,0.31681599065890387
cebuano,valence_mean,2003,0.31420200600721987,12,0.10456541712235623,-0.0014355322606139167,3.190751576407965,-0.31884365645722246,0.13810954882959392,0.31538045839828976
cebuano,valence_mean,2004,0.293231533027472,45,0.1097757475897006,-0.0014355322606139167,3.190751576407965,-0.31884365645722246,0.13810954882959392,0.3139449261376761
cebuano,valence_mean,2005,0.3289976686473133,32,0.1298228878151551,-0.0014355322606139167,3.190751576407965,-0.31884365645722246,0.13810954882959392,0.312509393877062
cebuano,valence_mean,2006,0.3072003357741292,45,0.08916145903392379,-0.0014355322606139167,3.190751576407965,-0.31884365645722246,0.13810954882959392,0.3110738616164479
cebuano,valence_mean,2007,0.32192599532549915,28,0.22192796727816125,-0.0014355322606139167,3.190751576407965,-0.31884365645722246,0.13810954882959392,0.30963832935583424
cebuano,valence_mean,2008,0.30090325513901495,36,0.09882102277306562,-0.0014355322606139167,3.190751576407965,-0.31884365645722246,0.13810954882959392,0.30820279709522014
cebuano,valence_mean,2009,0.3122296551710326,40,0.10526347332094782,-0.0014355322606139167,3.190751576407965,-0.31884365645722246,0.13810954882959392,0.3067672648346065
cebuano,valence_mean,2010,0.2966213597865293,21,0.10407962823025078,-0.0014355322606139167,3.190751576407965,-0.31884365645722246,0.13810954882959392,0.3053317325739924
cebuano,valence_mean,2011,0.28907158566197694,14,0.14639047982877143,-0.0014355322606139167,3.190751576407965,-0.31884365645722246,0.13810954882959392,0.3038962003133783
cebuano,valence_mean,2012,0.3083753190317112,29,0.077651458842226,-0.0014355322606139167,3.190751576407965,-0.31884365645722246,0.13810954882959392,0.3024606680527646
cebuano,valence_mean,2013,0.3048157177447952,25,0.09254161840615865,-0.0014355322606139167,3.190751576407965,-0.31884365645722246,0.13810954882959392,0.3010251357921505
cebuano,valence_mean,2014,0.32086426135272805,131,0.10322608043651496,-0.0014355322606139167,3.190751576407965,-0.31884365645722246,0.13810954882959392,0.29958960353153685
cebuano,valence_mean,2015,0.2621090160791028,19,0.08607440127723463,-0.0014355322606139167,3.190751576407965,-0.31884365645722246,0.13810954882959392,0.29815407127092275
cebuano,valence_mean,2016,0.28716423954415227,14,0.11337548704308645,-0.0014355322606139167,3.190751576407965,-0.31884365645722246,0.13810954882959392,0.2967185390103091
cebuano,arousal_mean,1987,0.32839949617307684,3,0.21194273069808656,-0.0024429197828053292,5.0892885763558064,-0.492169877094958,0.0170510254959878,0.23520696792161733
cebuano,arousal_mean,1993,0.18033903299999993,5,0.050347305466901845,-0.0024429197828053292,5.0892885763558064,-0.492169877094958,0.0170510254959878,0.22054944922478548
cebuano,arousal_mean,1994,0.20999264708384208,9,0.10729002701296658,-0.0024429197828053292,5.0892885763558064,-0.492169877094958,0.0170510254959878,0.21810652944197972
cebuano,arousal_mean,1995,0.16865533907142854,4,0.06424612727551084,-0.0024429197828053292,5.0892885763558064,-0.492169877094958,0.0170510254959878,0.21566360965917486
cebuano,arousal_mean,1997,0.19609173891344733,16,0.10615452003697559,-0.0024429197828053292,5.0892885763558064,-0.492169877094958,0.0170510254959878,0.21077777009356424
cebuano,arousal_mean,1999,0.1955165354021879,7,0.1366228508250918,-0.0024429197828053292,5.0892885763558064,-0.492169877094958,0.0170510254959878,0.20589193052795363
cebuano,arousal_mean,2000,0.2083654626666666,7,0.11654922946625669,-0.0024429197828053292,5.0892885763558064,-0.492169877094958,0.0170510254959878,0.20344901074514787
cebuano,arousal_mean,2001,0.17889548517857135,8,0.08734628130634291,-0.0024429197828053292,5.0892885763558064,-0.492169877094958,0.0170510254959878,0.201006090962343
cebuano,arousal_mean,2002,0.16476250445305354,18,0.0712024332627666,-0.0024429197828053292,5.0892885763558064,-0.492169877094958,0.0170510254959878,0.19856317117953726
cebuano,arousal_mean,2003,0.24858013080779173,12,0.12532625759116886,-0.0024429197828053292,5.0892885763558064,-0.492169877094958,0.0170510254959878,0.1961202513967324
cebuano,arousal_mean,2004,0.18568519825579444,45,0.05914214623163395,-0.0024429197828053292,5.0892885763558064,-0.492169877094958,0.0170510254959878,0.19367733161392664
cebuano,arousal_mean,2005,0.18667790830417288,32,0.12954894372393078,-0.0024429197828053292,5.0892885763558064,-0.492169877094958,0.0170510254959878,0.19123441183112178
cebuano,arousal_mean,2006,0.16272323401863933,45,0.04728237960964747,-0.0024429197828053292,5.0892885763558064,-0.492169877094958,0.0170510254959878,0.18879149204831602
cebuano,arousal_mean,2007,0.2167112043608308,28,0.13697939940789805,-0.0024429197828053292,5.0892885763558064,-0.492169877094958,0.0170510254959878,0.18634857226551027
cebuano,arousal_mean,2008,0.17651966219482543,36,0.07952591862139058,-0.0024429197828053292,5.0892885763558064,-0.492169877094958,0.0170510254959878,0.1839056524827054
cebuano,arousal_mean,2009,0.18162282483094047,40,0.074433996453353,-0.0024429197828053292,5.0892885763558064,-0.492169877094958,0.0170510254959878,0.18146273269989965
cebuano,arousal_mean,2010,0.13816892346733156,21,0.08683670801637229,-0.0024429197828053292,5.0892885763558064,-0.492169877094958,0.0170510254959878,0.1790198129170948
cebuano,arousal_mean,2011,0.23769040647041845,14,0.08893576971864507,-0.0024429197828053292,5.0892885763558064,-0.492169877094958,0.0170510254959878,0.17657689313428904
cebuano,arousal_mean,2012,0.16263041206199744,29,0.05725054313199713,-0.0024429197828053292,5.0892885763558064,-0.492169877094958,0.0170510254959878,0.17413397335148417
cebuano,arousal_mean,2013,0.18789565350993198,25,0.06424928980332155,-0.0024429197828053292,5.0892885763558064,-0.492169877094958,0.0170510254959878,0.17169105356867842
cebuano,arousal_mean,2014,0.17876083876886567,131,0.06661627087819907,-0.0024429197828053292,5.0892885763558064,-0.492169877094958,0.0170510254959878,0.16924813378587356
cebuano,arousal_mean,2015,0.163709742806691,19,0.0741097271580047,-0.0024429197828053292,5.0892885763558064,-0.492169877094958,0.0170510254959878,0.1668052140030678
cebuano,arousal_mean,2016,0.1741979672745508,14,0.05083555160407491,-0.0024429197828053292,5.0892885763558064,-0.492169877094958,0.0170510254959878,0.16436229422026294
cebuano,dominance_mean,1987,0.5121538461538462,3,0.1352114933317212,-0.0009034150486640573,2.261680558383998,-0.21775366350181347,0.3182229035615184,0.46659485668851586
cebuano,dominance_mean,1993,0.4235877272727273,5,0.04265017909982209,-0.0009034150486640573,2.261680558383998,-0.21775366350181347,0.3182229035615184,0.46117436639653153
cebuano,dominance_mean,1994,0.46873620675620686,9,0.09564231708436638,-0.0009034150486640573,2.261680558383998,-0.21775366350181347,0.3182229035615184,0.46027095134786755
cebuano,dominance_mean,1995,0.4725585714285714,4,0.07218203976964163,-0.0009034150486640573,2.261680558383998,-0.21775366350181347,0.3182229035615184,0.45936753629920335
cebuano,dominance_mean,1997,0.42808445185551164,16,0.08319958942255229,-0.0009034150486640573,2.261680558383998,-0.21775366350181347,0.3182229035615184,0.4575607062018754
cebuano,dominance_mean,1999,0.42055115830115825,7,0.06582116093711314,-0.0009034150486640573,2.261680558383998,-0.21775366350181347,0.3182229035615184,0.4557538761045472
cebuano,dominance_mean,2000,0.45701190476190473,7,0.15136556702550413,-0.0009034150486640573,2.261680558383998,-0.21775366350181347,0.3182229035615184,0.4548504610558832
cebuano,dominance_mean,2001,0.5147583333333333,8,0.08507279749141836,-0.0009034150486640573,2.261680558383998,-0.21775366350181347,0.3182229035615184,0.453947046007219
cebuano,dominance_mean,2002,0.43416295141765054,18,0.09423668375307577,-0.0009034150486640573,2.261680558383998,-0.21775366350181347,0.3182229035615184,0.45304363095855504
cebuano,dominance_mean,2003,0.49594561295480083,12,0.09163335812506525,-0.0009034150486640573,2.261680558383998,-0.21775366350181347,0.3182229035615184,0.45214021590989106
cebuano,dominance_mean,2004,0.4254521423226979,45,0.1063173175223389,-0.0009034150486640573,2.261680558383998,-0.21775366350181347,0.3182229035615184,0.45123680086122686
cebuano,dominance_mean,2005,0.42492416536434996,32,0.10871109917576749,-0.0009034150486640573,2.261680558383998,-0.21775366350181347,0.3182229035615184,0.4503333858125629
cebuano,dominance_mean,2006,0.38685961962111964,45,0.09440381669781688,-0.0009034150486640573,2.261680558383998,-0.21775366350181347,0.3182229035615184,0.4494299707638989
cebuano,dominance_mean,2007,0.4627045531422732,28,0.11565229155962833,-0.0009034150486640573,2.261680558383998,-0.21775366350181347,0.3182229035615184,0.4485265557152347
cebuano,dominance_mean,2008,0.438062898708435,36,0.1073717182861302,-0.0009034150486640573,2.261680558383998,-0.21775366350181347,0.3182229035615184,0.4476231406665707
cebuano,dominance_mean,2009,0.4288885479242853,40,0.10691135496091324,-0.0009034150486640573,2.261680558383998,-0.21775366350181347,0.3182229035615184,0.44671972561790674
cebuano,dominance_mean,2010,0.44945014218585655,21,0.10859334457799026,-0.0009034150486640573,2.261680558383998,-0.21775366350181347,0.3182229035615184,0.44581631056924254
cebuano,dominance_mean,2011,0.49906714466089463,14,0.1558088824459151,-0.0009034150486640573,2.261680558383998,-0.21775366350181347,0.3182229035615184,0.44491289552057856
cebuano,dominance_mean,2012,0.45304195381667,29,0.10451099524246973,-0.0009034150486640573,2.261680558383998,-0.21775366350181347,0.3182229035615184,0.44400948047191435
cebuano,dominance_mean,2013,0.433913474518751,25,0.11984913168181785,-0.0009034150486640573,2.261680558383998,-0.21775366350181347,0.3182229035615184,0.4431060654232504
cebuano,dominance_mean,2014,0.42022992084332317,131,0.10005147821402327,-0.0009034150486640573,2.261680558383998,-0.21775366350181347,0.3182229035615184,0.4422026503745864
cebuano,dominance_mean,2015,0.4590740065113155,19,0.11533253350993637,-0.0009034150486640573,2.261680558383998,-0.21775366350181347,0.3182229035615184,0.4412992353259222
cebuano,dominance_mean,2016,0.4610963505145648,14,0.10280529918512539,-0.0009034150486640573,2.261680558383998,-0.21775366350181347,0.3182229035615184,0.4403958202772582
tagalog,valence_mean,1993,0.35062367346650325,4,0.0632377140221463,-0.0024931434738464583,5.302937725304837,-0.30838109829390764,0.13366737024936134,0.3341027819288449
tagalog,valence_mean,1994,0.3677189318699186,3,0.05780014291514275,-0.0024931434738464583,5.302937725304837,-0.30838109829390764,0.13366737024936134,0.33160963845499847
tagalog,valence_mean,1995,0.450448312422619,4,0.3165326584265485,-0.0024931434738464583,5.302937725304837,-0.30838109829390764,0.13366737024936134,0.32911649498115203
tagalog,valence_mean,1996,0.25716607848015877,4,0.023856272845642238,-0.0024931434738464583,5.302937725304837,-0.30838109829390764,0.13366737024936134,0.3266233515073056
tagalog,valence_mean,1997,0.3213839491515151,11,0.15834053398109288,-0.0024931434738464583,5.302937725304837,-0.30838109829390764,0.13366737024936134,0.32413020803345916
tagalog,valence_mean,1998,0.37570686561904765,6,0.21164408103366597,-0.0024931434738464583,5.302937725304837,-0.30838109829390764,0.13366737024936134,0.3216370645596127
tagalog,valence_mean,1999,0.2622900606691919,8,0.18142033683617412,-0.0024931434738464583,5.302937725304837,-0.30838109829390764,0.13366737024936134,0.3191439210857663
tagalog,valence_mean,2000,0.19458320688888886,6,0.06914140902876806,-0.0024931434738464583,5.302937725304837,-0.30838109829390764,0.13366737024936134,0.31665077761191984
tagalog,valence_mean,2001,0.29023027143927566,14,0.16022660985505774,-0.0024931434738464583,5.302937725304837,-0.30838109829390764,0.13366737024936134,0.3141576341380734
tagalog,valence_mean,2002,0.29801285550516704,14,0.10477818974445034,-0.0024931434738464583,5.302937725304837,-0.30838109829390764,0.13366737024936134,0.31166449066422697
tagalog,valence_mean,2003,0.28462249339072065,15,0.22735473419819704,-0.0024931434738464583,5.302937725304837,-0.30838109829390764,0.13366737024936134,0.30917134719038053
tagalog,valence_mean,2004,0.27484145824644945,16,0.12583765155811977,-0.0024931434738464583,5.302937725304837,-0.30838109829390764,0.13366737024936134,0.3066782037165341
tagalog,valence_mean,2005,0.28898254949087815,44,0.1690279275793705,-0.0024931434738464583,5.302937725304837,-0.30838109829390764,0.13366737024936134,0.30418506024268765
tagalog,valence_mean,2006,0.2796207576194873,32,0.11327914919854802,-0.0024931434738464583,5.302937725304837,-0.30838109829390764,0.13366737024936134,0.3016919167688412
tagalog,valence_mean,2007,0.29587389859323265,42,0.09511822248741213,-0.0024931434738464583,5.302937725304837,-0.30838109829390764,0.13366737024936134,0.2991987732949948
tagalog,valence_mean,2008,0.3660684663266677,29,0.16454967971458653,-0.0024931434738464583,5.302937725304837,-0.30838109829390764,0.13366737024936134,0.29670562982114834
tagalog,valence_mean,2009,0.3303719811097804,21,0.15308494936783776,-0.0024931434738464583,5.302937725304837,-0.30838109829390764,0.13366737024936134,0.2942124863473019
tagalog,valence_mean,2010,0.25114566345321815,17,0.09055439447466125,-0.0024931434738464583,5.302937725304837,-0.30838109829390764,0.13366737024936134,0.29171934287345547
tagalog,valence_mean,2011,0.4297910346477031,15,0.2999470139159923,-0.0024931434738464583,5.302937725304837,-0.30838109829390764,0.13366737024936134,0.28922619939960903
tagalog,valence_mean,2012,0.28181961136012895,17,0.13878316133884502,-0.0024931434738464583,5.302937725304837,-0.30838109829390764,0.13366737024936134,0.2867330559257626
tagalog,valence_mean,2013,0.29241325287506975,26,0.0874908179602663,-0.0024931434738464583,5.302937725304837,-0.30838109829390764,0.13366737024936134,0.28423991245191615
tagalog,valence_mean,2014,0.3086996749364041,83,0.09827829465877135,-0.0024931434738464583,5.302937725304837,-0.30838109829390764,0.13366737024936134,0.2817467689780697
tagalog,valence_mean,2015,0.2714294806506929,22,0.1403000585006295,-0.0024931434738464583,5.302937725304837,-0.30838109829390764,0.13366737024936134,0.2792536255042233
tagalog,valence_mean,2016,0.22254952606719364,13,0.14440506448587642,-0.0024931434738464583,5.302937725304837,-0.30838109829390764,0.13366737024936134,0.27676048203037684
tagalog,valence_mean,2017,0.25823245178728066,4,0.08292372326945883,-0.0024931434738464583,5.302937725304837,-0.30838109829390764,0.13366737024936134,0.2742673385565304
tagalog,arousal_mean,1993,0.16537078989379084,4,0.04189619000610759,-0.00035767069557830127,0.9029047381978474,-0.046239830457398316,0.8262764326297417,0.190067041910293
tagalog,arousal_mean,1994,0.2744280449593495,3,0.16002785735877254,-0.00035767069557830127,0.9029047381978474,-0.046239830457398316,0.8262764326297417,0.18970937121471476
tagalog,arousal_mean,1995,0.2776628452976191,4,0.2635839705134842,-0.00035767069557830127,0.9029047381978474,-0.046239830457398316,0.8262764326297417,0.1893517005191364
tagalog,arousal_mean,1996,0.11104792029761901,4,0.0456617763930119,-0.00035767069557830127,0.9029047381978474,-0.046239830457398316,0.8262764326297417,0.18899402982355817
tagalog,arousal_mean,1997,0.16373351238744585,11,0.06312390748707983,-0.00035767069557830127,0.9029047381978474,-0.046239830457398316,0.8262764326297417,0.18863635912797982
tagalog,arousal_mean,1998,0.21538760269841264,6,0.11191407741805298,-0.00035767069557830127,0.9029047381978474,-0.046239830457398316,0.8262764326297417,0.18827868843240148
tagalog,arousal_mean,1999,0.1734616133080808,8,0.05739663949956096,-0.00035767069557830127,0.9029047381978474,-0.046239830457398316,0.8262764326297417,0.18792101773682324
tagalog,arousal_mean,2000,0.06990848861111108,6,0.06988355058194394,-0.00035767069557830127,0.9029047381978474,-0.046239830457398316,0.8262764326297417,0.1875633470412449
tagalog,arousal_mean,2001,0.1405688638702096,14,0.058346179887649854,-0.00035767069557830127,0.9029047381978474,-0.046239830457398316,0.8262764326297417,0.18720567634566665
tagalog,arousal_mean,2002,0.14121381106060601,14,0.054987984257927336,-0.00035767069557830127,0.9029047381978474,-0.046239830457398316,0.8262764326297417,0.1868480056500883
tagalog,arousal_mean,2003,0.22842747354801798,15,0.2586745976066081,-0.00035767069557830127,0.9029047381978474,-0.046239830457398316,0.8262764326297417,0.18649033495451006
tagalog,arousal_mean,2004,0.22320025400860677,16,0.13924965817946777,-0.00035767069557830127,0.9029047381978474,-0.046239830457398316,0.8262764326297417,0.1861326642589317
tagalog,arousal_mean,2005,0.19682283493481367,44,0.15815343021928052,-0.00035767069557830127,0.9029047381978474,-0.046239830457398316,0.8262764326297417,0.18577499356335336
tagalog,arousal_mean,2006,0.17017746965990255,32,0.07210650404777892,-0.00035767069557830127,0.9029047381978474,-0.046239830457398316,0.8262764326297417,0.18541732286777513
tagalog,arousal_mean,2007,0.18634944903928546,42,0.08205628650397093,-0.00035767069557830127,0.9029047381978474,-0.046239830457398316,0.8262764326297417,0.18505965217219678
tagalog,arousal_mean,2008,0.19887428847726235,29,0.13320246886480522,-0.00035767069557830127,0.9029047381978474,-0.046239830457398316,0.8262764326297417,0.18470198147661854
tagalog,arousal_mean,2009,0.22861628558419858,21,0.13789961002570275,-0.00035767069557830127,0.9029047381978474,-0.046239830457398316,0.8262764326297417,0.1843443107810402
tagalog,arousal_mean,2010,0.1373092918747748,17,0.10278077589913734,-0.00035767069557830127,0.9029047381978474,-0.046239830457398316,0.8262764326297417,0.18398664008546195
tagalog,arousal_mean,2011,0.33484361811397106,15,0.21705438414226808,-0.00035767069557830127,0.9029047381978474,-0.046239830457398316,0.8262764326297417,0.1836289693898836
tagalog,arousal_mean,2012,0.17362627672848122,17,0.10040645225173296,-0.00035767069557830127,0.9029047381978474,-0.046239830457398316,0.8262764326297417,0.18327129869430525
tagalog,arousal_mean,2013,0.16780256946909705,26,0.052582748293184205,-0.00035767069557830127,0.9029047381978474,-0.046239830457398316,0.8262764326297417,0.182913627998727
tagalog,arousal_mean,2014,0.17374193395649168,83,0.06779685640949248,-0.00035767069557830127,0.9029047381978474,-0.046239830457398316,0.8262764326297417,0.18255595730314866
tagalog,arousal_mean,2015,0.21016659961033124,22,0.18506379464917447,-0.00035767069557830127,0.9029047381978474,-0.046239830457398316,0.8262764326297417,0.18219828660757043
tagalog,arousal_mean,2016,0.16420512311979324,13,0.13259043747140886,-0.00035767069557830127,0.9029047381978474,-0.046239830457398316,0.8262764326297417,0.18184061591199208
tagalog,arousal_mean,2017,0.11742787857456137,4,0.052903981969949575,-0.00035767069557830127,0.9029047381978474,-0.046239830457398316,0.8262764326297417,0.18148294521641384
tagalog,dominance_mean,1993,0.4195081699346405,4,0.02481739948302924,-0.0006966275633023691,1.8220386726261766,-0.14322842956013623,0.494598635695091,0.433659938964555
tagalog,dominance_mean,1994,0.4522852303523035,3,0.19796712064804986,-0.0006966275633023691,1.8220386726261766,-0.14322842956013623,0.494598635695091,0.43296331140125277
tagalog,dominance_mean,1995,0.38479434523809525,4,0.06354959954105323,-0.0006966275633023691,1.8220386726261766,-0.14322842956013623,0.494598635695091,0.4322666838379503
tagalog,dominance_mean,1996,0.3553472222222222,4,0.018218855549426392,-0.0006966275633023691,1.8220386726261766,-0.14322842956013623,0.494598635695091,0.43157005627464784
tagalog,dominance_mean,1997,0.4712528354978355,11,0.08918100109272628,-0.0006966275633023691,1.8220386726261766,-0.14322842956013623,0.494598635695091,0.4308734287113456
tagalog,dominance_mean,1998,0.46235072751322753,6,0.06486135031804706,-0.0006966275633023691,1.8220386726261766,-0.14322842956013623,0.494598635695091,0.43017680114804313
tagalog,dominance_mean,1999,0.48453295454545453,8,0.11478920212576074,-0.0006966275633023691,1.8220386726261766,-0.14322842956013623,0.494598635695091,0.4294801735847409
tagalog,dominance_mean,2000,0.3885972222222222,6,0.09278697850253358,-0.0006966275633023691,1.8220386726261766,-0.14322842956013623,0.494598635695091,0.4287835460214384
tagalog,dominance_mean,2001,0.46368004894265397,14,0.054884613299135104,-0.0006966275633023691,1.8220386726261766,-0.14322842956013623,0.494598635695091,0.4280869184581362
tagalog,dominance_mean,2002,0.4069941558441558,14,0.09442711796069671,-0.0006966275633023691,1.8220386726261766,-0.14322842956013623,0.494598635695091,0.4273902908948337
tagalog,dominance_mean,2003,0.43823403255241483,15,0.1378014902193964,-0.0006966275633023691,1.8220386726261766,-0.14322842956013623,0.494598635695091,0.42669366333153125
tagalog,dominance_mean,2004,0.4684498089607464,16,0.16736234088836724,-0.0006966275633023691,1.8220386726261766,-0.14322842956013623,0.494598635695091,0.425997035768229
tagalog,dominance_mean,2005,0.40552748554190093,44,0.080903551310861,-0.0006966275633023691,1.8220386726261766,-0.14322842956013623,0.494598635695091,0.42530040820492654
tagalog,dominance_mean,2006,0.4138610009131493,32,0.10598404457702565,-0.0006966275633023691,1.8220386726261766,-0.14322842956013623,0.494598635695091,0.4246037806416243
tagalog,dominance_mean,2007,0.42631744539696215,42,0.09071149578019405,-0.0006966275633023691,1.8220386726261766,-0.14322842956013623,0.494598635695091,0.42390715307832183
tagalog,dominance_mean,2008,0.42611356289135555,29,0.07561824290328768,-0.0006966275633023691,1.8220386726261766,-0.14322842956013623,0.494598635695091,0.4232105255150196
tagalog,dominance_mean,2009,0.44711221307236343,21,0.10375918630246729,-0.0006966275633023691,1.8220386726261766,-0.14322842956013623,0.494598635695091,0.4225138979517171
tagalog,dominance_mean,2010,0.4273180127289591,17,0.11095387681944122,-0.0006966275633023691,1.8220386726261766,-0.14322842956013623,0.494598635695091,0.4218172703884149
tagalog,dominance_mean,2011,0.4379887100490439,15,0.0905181559827571,-0.0006966275633023691,1.8220386726261766,-0.14322842956013623,0.494598635695091,0.4211206428251124
tagalog,dominance_mean,2012,0.4017744058423021,17,0.08492620253650751,-0.0006966275633023691,1.8220386726261766,-0.14322842956013623,0.494598635695091,0.42042401526180995
tagalog,dominance_mean,2013,0.3704845543909446,26,0.10176532293987546,-0.0006966275633023691,1.8220386726261766,-0.14322842956013623,0.494598635695091,0.4197273876985077
tagalog,dominance_mean,2014,0.41680019232113136,83,0.09961029972075892,-0.0006966275633023691,1.8220386726261766,-0.14322842956013623,0.494598635695091,0.41903076013520524
tagalog,dominance_mean,2015,0.4491737308146399,22,0.12855143755591003,-0.0006966275633023691,1.8220386726261766,-0.14322842956013623,0.494598635695091,0.418334132571903
tagalog,dominance_mean,2016,0.4582193741765481,13,0.060991691329821573,-0.0006966275633023691,1.8220386726261766,-0.14322842956013623,0.494598635695091,0.41763750500860053
tagalog,dominance_mean,2017,0.3557927631578947,4,0.12397107619866019,-0.0006966275633023691,1.8220386726261766,-0.14322842956013623,0.494598635695091,0.4169408774452983
slovene,valence_mean,2000,0.2799482198484848,3,0.06928753997447716,-0.003582463327617066,7.39131630106681,-0.3120146858493338,0.20749327408877738,0.22638964583267818
slovene,valence_mean,2001,0.17932463987301586,35,0.08319891814759572,-0.003582463327617066,7.39131630106681,-0.3120146858493338,0.20749327408877738,0.22280718250506126
slovene,valence_mean,2002,0.0516680124999999,4,0.019332247560912532,-0.003582463327617066,7.39131630106681,-0.3120146858493338,0.20749327408877738,0.21922471917744435
slovene,valence_mean,2003,0.22107623433333332,10,0.19276125857046775,-0.003582463327617066,7.39131630106681,-0.3120146858493338,0.20749327408877738,0.21564225584982744
slovene,valence_mean,2004,0.19530042509523804,11,0.1806265569831378,-0.003582463327617066,7.39131630106681,-0.3120146858493338,0.20749327408877738,0.21205979252221052
slovene,valence_mean,2005,0.24960384975541122,11,0.16566317112834833,-0.003582463327617066,7.39131630106681,-0.3120146858493338,0.20749327408877738,0.20847732919459272
slovene,valence_mean,2006,0.2807188718214286,20,0.21293009206503213,-0.003582463327617066,7.39131630106681,-0.3120146858493338,0.20749327408877738,0.2048948658669758
slovene,valence_mean,2007,0.2861731956296296,9,0.13130304080667124,-0.003582463327617066,7.39131630106681,-0.3120146858493338,0.20749327408877738,0.2013124025393589
slovene,valence_mean,2008,0.23389306022823467,18,0.1610378423499822,-0.003582463327617066,7.39131630106681,-0.3120146858493338,0.20749327408877738,0.19772993921174198
slovene,valence_mean,2009,0.19473490358324053,105,0.09017891740024048,-0.003582463327617066,7.39131630106681,-0.3120146858493338,0.20749327408877738,0.19414747588412506
slovene,valence_mean,2010,0.18380832378164927,36,0.14809697583506934,-0.003582463327617066,7.39131630106681,-0.3120146858493338,0.20749327408877738,0.19056501255650815
slovene,valence_mean,2011,0.18795239628865373,27,0.11239351964314759,-0.003582463327617066,7.39131630106681,-0.3120146858493338,0.20749327408877738,0.18698254922889035
slovene,valence_mean,2012,0.18659712458129657,87,0.08364862032723176,-0.003582463327617066,7.39131630106681,-0.3120146858493338,0.20749327408877738,0.18340008590127344
slovene,valence_mean,2013,0.18095819547619044,10,0.15481311990606733,-0.003582463327617066,7.39131630106681,-0.3120146858493338,0.20749327408877738,0.17981762257365652
slovene,valence_mean,2014,0.13739691935555554,25,0.08448978639254097,-0.003582463327617066,7.39131630106681,-0.3120146858493338,0.20749327408877738,0.1762351592460396
slovene,valence_mean,2015,0.19691646809089516,12,0.06444566085455725,-0.003582463327617066,7.39131630106681,-0.3120146858493338,0.20749327408877738,0.1726526959184227
slovene,valence_mean,2016,0.1920015098868778,13,0.13014235651464887,-0.003582463327617066,7.39131630106681,-0.3120146858493338,0.20749327408877738,0.1690702325908049
slovene,valence_mean,2017,0.08882438573366662,10,0.16835059574266859,-0.003582463327617066,7.39131630106681,-0.3120146858493338,0.20749327408877738,0.16548776926318798
slovene,arousal_mean,2000,0.22958741866666665,3,0.027840570256782462,0.0010115979788808,-1.8379762953198653,0.17328672057582695,0.49167725453155264,0.18521966244173438
slovene,arousal_mean,2001,0.14654663703968254,35,0.06949799332033313,0.0010115979788808,-1.8379762953198653,0.17328672057582695,0.49167725453155264,0.18623126042061555
slovene,arousal_mean,2002,0.18595221950000002,4,0.020542665864370188,0.0010115979788808,-1.8379762953198653,0.17328672057582695,0.49167725453155264,0.18724285839949628
slovene,arousal_mean,2003,0.16065466841833329,10,0.07727024489779238,0.0010115979788808,-1.8379762953198653,0.17328672057582695,0.49167725453155264,0.188254456378377
slovene,arousal_mean,2004,0.21011893635411252,11,0.06747818126090536,0.0010115979788808,-1.8379762953198653,0.17328672057582695,0.49167725453155264,0.18926605435725774
slovene,arousal_mean,2005,0.17200429898051944,11,0.11083085321831344,0.0010115979788808,-1.8379762953198653,0.17328672057582695,0.49167725453155264,0.19027765233613847
slovene,arousal_mean,2006,0.24394476452410713,20,0.09123255734882622,0.0010115979788808,-1.8379762953198653,0.17328672057582695,0.49167725453155264,0.1912892503150192
slovene,arousal_mean,2007,0.21444597154232803,9,0.1142534108625848,0.0010115979788808,-1.8379762953198653,0.17328672057582695,0.49167725453155264,0.19230084829389993
slovene,arousal_mean,2008,0.17024147150024047,18,0.07659831288174168,0.0010115979788808,-1.8379762953198653,0.17328672057582695,0.49167725453155264,0.1933124462727811
slovene,arousal_mean,2009,0.19261362966770765,105,0.06903323487234375,0.0010115979788808,-1.8379762953198653,0.17328672057582695,0.49167725453155264,0.19432404425166183
slovene,arousal_mean,2010,0.19242290008643803,36,0.07299297758642291,0.0010115979788808,-1.8379762953198653,0.17328672057582695,0.49167725453155264,0.19533564223054256
slovene,arousal_mean,2011,0.1818859330079071,27,0.055219484394586175,0.0010115979788808,-1.8379762953198653,0.17328672057582695,0.49167725453155264,0.1963472402094233
slovene,arousal_mean,2012,0.19290850218697744,87,0.0734157844980359,0.0010115979788808,-1.8379762953198653,0.17328672057582695,0.49167725453155264,0.19735883818830402
slovene,arousal_mean,2013,0.17141852568333332,10,0.1397331822648087,0.0010115979788808,-1.8379762953198653,0.17328672057582695,0.49167725453155264,0.19837043616718475
slovene,arousal_mean,2014,0.18053888753111105,25,0.06249419905628942,0.0010115979788808,-1.8379762953198653,0.17328672057582695,0.49167725453155264,0.19938203414606592
slovene,arousal_mean,2015,0.18278625850697772,12,0.03724692187411573,0.0010115979788808,-1.8379762953198653,0.17328672057582695,0.49167725453155264,0.20039363212494665
slovene,arousal_mean,2016,0.18567748569720963,13,0.08624683656265265,0.0010115979788808,-1.8379762953198653,0.17328672057582695,0.49167725453155264,0.20140523010382738
slovene,arousal_mean,2017,0.2749799058263333,10,0.2096961075027089,0.0010115979788808,-1.8379762953198653,0.17328672057582695,0.49167725453155264,0.2024168280827081
slovene,dominance_mean,2000,0.5474181818181818,3,0.05197461872621618,-0.0046000037404241734,9.701288092587207,-0.4742860170666785,0.04674560802922224,0.50128061173886
slovene,dominance_mean,2001,0.5118882539682539,35,0.11022165401309822,-0.0046000037404241734,9.701288092587207,-0.4742860170666785,0.04674560802922224,0.49668060799843694
slovene,dominance_mean,2002,0.38825,4,0.026846787517317592,-0.0046000037404241734,9.701288092587207,-0.4742860170666785,0.04674560802922224,0.49208060425801214
slovene,dominance_mean,2003,0.54253,10,0.11431863035793238,-0.0046000037404241734,9.701288092587207,-0.4742860170666785,0.04674560802922224,0.48748060051758735
slovene,dominance_mean,2004,0.4607251082251082,11,0.0579691736866928,-0.0046000037404241734,9.701288092587207,-0.4742860170666785,0.04674560802922224,0.48288059677716433
slovene,dominance_mean,2005,0.5355852813852814,11,0.1163732930504021,-0.0046000037404241734,9.701288092587207,-0.4742860170666785,0.04674560802922224,0.47828059303673953
slovene,dominance_mean,2006,0.5091685714285715,20,0.14527532437431045,-0.0046000037404241734,9.701288092587207,-0.4742860170666785,0.04674560802922224,0.47368058929631474
slovene,dominance_mean,2007,0.4478682539682539,9,0.07738060204133146,-0.0046000037404241734,9.701288092587207,-0.4742860170666785,0.04674560802922224,0.4690805855558917
slovene,dominance_mean,2008,0.41787413419913416,18,0.06956075953261952,-0.0046000037404241734,9.701288092587207,-0.4742860170666785,0.04674560802922224,0.4644805818154669
slovene,dominance_mean,2009,0.47276518552875696,105,0.10641686331055267,-0.0046000037404241734,9.701288092587207,-0.4742860170666785,0.04674560802922224,0.4598805780750421
slovene,dominance_mean,2010,0.42054533931739124,36,0.10378846728291453,-0.0046000037404241734,9.701288092587207,-0.4742860170666785,0.04674560802922224,0.4552805743346191
slovene,dominance_mean,2011,0.44138514109347443,27,0.1546511186293299,-0.0046000037404241734,9.701288092587207,-0.4742860170666785,0.04674560802922224,0.4506805705941943
slovene,dominance_mean,2012,0.46021151744168987,87,0.10915246587041498,-0.0046000037404241734,9.701288092587207,-0.4742860170666785,0.04674560802922224,0.4460805668537695
slovene,dominance_mean,2013,0.38124619047619046,10,0.05597921252636381,-0.0046000037404241734,9.701288092587207,-0.4742860170666785,0.04674560802922224,0.4414805631133465
slovene,dominance_mean,2014,0.4027594444444444,25,0.09941697690569706,-0.0046000037404241734,9.701288092587207,-0.4742860170666785,0.04674560802922224,0.4368805593729217
slovene,dominance_mean,2015,0.4344678485403484,12,0.13396244532432935,-0.0046000037404241734,9.701288092587207,-0.4742860170666785,0.04674560802922224,0.4322805556324969
slovene,dominance_mean,2016,0.4924794871794872,13,0.11503377003238328,-0.0046000037404241734,9.701288092587207,-0.4742860170666785,0.04674560802922224,0.4276805518920739
slovene,dominance_mean,2017,0.45208250000000005,10,0.12177002461949875,-0.0046000037404241734,9.701288092587207,-0.4742860170666785,0.04674560802922224,0.4230805481516491
lithuanian,valence_mean,2005,0.18209045391566997,43,0.0853742338173685,-0.0010465027217347205,2.2316572522704323,-0.13728201983885288,0.6705042855517667,0.13341929519231766
lithuanian,valence_mean,2006,0.09964089049999997,10,0.062302041008088685,-0.0010465027217347205,2.2316572522704323,-0.13728201983885288,0.6705042855517667,0.1323727924705831
lithuanian,valence_mean,2007,0.11612976103189032,15,0.08536073779577683,-0.0010465027217347205,2.2316572522704323,-0.13728201983885288,0.6705042855517667,0.13132628974884808
lithuanian,valence_mean,2008,0.12677457573158674,34,0.07936513422898271,-0.0010465027217347205,2.2316572522704323,-0.13728201983885288,0.6705042855517667,0.13027978702711351
lithuanian,valence_mean,2009,0.1838420957936508,7,0.16870569800585397,-0.0010465027217347205,2.2316572522704323,-0.13728201983885288,0.6705042855517667,0.12923328430537895
lithuanian,valence_mean,2010,0.11205333049909229,31,0.056442404080695834,-0.0010465027217347205,2.2316572522704323,-0.13728201983885288,0.6705042855517667,0.12818678158364394
lithuanian,valence_mean,2011,0.085644352345679,18,0.05619333359684781,-0.0010465027217347205,2.2316572522704323,-0.13728201983885288,0.6705042855517667,0.12714027886190937
lithuanian,valence_mean,2012,0.1042928609581268,17,0.05642686332511402,-0.0010465027217347205,2.2316572522704323,-0.13728201983885288,0.6705042855517667,0.1260937761401748
lithuanian,valence_mean,2014,0.11160438964405789,78,0.06587126322812911,-0.0010465027217347205,2.2316572522704323,-0.13728201983885288,0.6705042855517667,0.12400077069670523
lithuanian,valence_mean,2015,0.13846221017997526,88,0.06812537941267824,-0.0010465027217347205,2.2316572522704323,-0.13728201983885288,0.6705042855517667,0.12295426797497067
lithuanian,valence_mean,2016,0.12163403051998685,73,0.06591939465617142,-0.0010465027217347205,2.2316572522704323,-0.13728201983885288,0.6705042855517667,0.12190776525323566
lithuanian,valence_mean,2017,0.1456074006666667,3,0.1606837136553989,-0.0010465027217347205,2.2316572522704323,-0.13728201983885288,0.6705042855517667,0.12086126253150109
lithuanian,arousal_mean,2005,0.09951132091694347,43,0.05897017280989516,-0.0008702065560074403,1.861799778537844,-0.08316369263822655,0.7972149397322371,0.11703563374292614
lithuanian,arousal_mean,2006,0.08552354383333328,10,0.07232116002797362,-0.0008702065560074403,1.861799778537844,-0.08316369263822655,0.7972149397322371,0.1161654271869188
lithuanian,arousal_mean,2007,0.1576883177564694,15,0.2053469038589335,-0.0008702065560074403,1.861799778537844,-0.08316369263822655,0.7972149397322371,0.11529522063091124
lithuanian,arousal_mean,2008,0.0943323857288268,34,0.09795202563887948,-0.0008702065560074403,1.861799778537844,-0.08316369263822655,0.7972149397322371,0.11442501407490391
lithuanian,arousal_mean,2009,0.19021937909523803,7,0.10746139587668876,-0.0008702065560074403,1.861799778537844,-0.08316369263822655,0.7972149397322371,0.11355480751889635
lithuanian,arousal_mean,2010,0.08084335468935899,31,0.07746840363307501,-0.0008702065560074403,1.861799778537844,-0.08316369263822655,0.7972149397322371,0.11268460096288901
lithuanian,arousal_mean,2011,0.16691848111111107,18,0.07250719327091434,-0.0008702065560074403,1.861799778537844,-0.08316369263822655,0.7972149397322371,0.11181439440688146
lithuanian,arousal_mean,2012,0.055442052032966996,17,0.06119389451890755,-0.0008702065560074403,1.861799778537844,-0.08316369263822655,0.7972149397322371,0.11094418785087412
lithuanian,arousal_mean,2014,0.0681126816373003,78,0.07725203894131244,-0.0008702065560074403,1.861799778537844,-0.08316369263822655,0.7972149397322371,0.10920377473885923
lithuanian,arousal_mean,2015,0.10318693182156134,88,0.09253445446051016,-0.0008702065560074403,1.861799778537844,-0.08316369263822655,0.7972149397322371,0.10833356818285189
lithuanian,arousal_mean,2016,0.10174337848259725,73,0.07662687174174945,-0.0008702065560074403,1.861799778537844,-0.08316369263822655,0.7972149397322371,0.10746336162684433
lithuanian,arousal_mean,2017,0.13999131888888883,3,0.07024014314997434,-0.0008702065560074403,1.861799778537844,-0.08316369263822655,0.7972149397322371,0.106593155070837
lithuanian,dominance_mean,2005,0.4647424372462163,43,0.11764878658506096,0.0013266422198731566,-2.2358937792181854,0.11102720523635803,0.731210295599509,0.4240238716274938
lithuanian,dominance_mean,2006,0.3929333333333333,10,0.045848529467377525,0.0013266422198731566,-2.2358937792181854,0.11102720523635803,0.731210295599509,0.4253505138473668
lithuanian,dominance_mean,2007,0.41694686387686386,15,0.08203640060320697,0.0013266422198731566,-2.2358937792181854,0.11102720523635803,0.731210295599509,0.42667715606723977
lithuanian,dominance_mean,2008,0.39897443771626295,34,0.12476017752054447,0.0013266422198731566,-2.2358937792181854,0.11102720523635803,0.731210295599509,0.4280037982871132
lithuanian,dominance_mean,2009,0.5379365079365079,7,0.17390980654145838,0.0013266422198731566,-2.2358937792181854,0.11102720523635803,0.731210295599509,0.4293304405069862
lithuanian,dominance_mean,2010,0.3840944141879626,31,0.09146694500773896,0.0013266422198731566,-2.2358937792181854,0.11102720523635803,0.731210295599509,0.4306570827268592
lithuanian,dominance_mean,2011,0.4325820987654321,18,0.09405877526648775,0.0013266422198731566,-2.2358937792181854,0.11102720523635803,0.731210295599509,0.43198372494673265
lithuanian,dominance_mean,2012,0.3996131293543059,17,0.09772349874712442,0.0013266422198731566,-2.2358937792181854,0.11102720523635803,0.731210295599509,0.43331036716660565
lithuanian,dominance_mean,2014,0.3995680334199565,78,0.08747868191278657,0.0013266422198731566,-2.2358937792181854,0.11102720523635803,0.731210295599509,0.4359636516063521
lithuanian,dominance_mean,2015,0.42447700426337626,88,0.09014101877347515,0.0013266422198731566,-2.2358937792181854,0.11102720523635803,0.731210295599509,0.4372902938262251
lithuanian,dominance_mean,2016,0.4219498214874927,73,0.08216341350853382,0.0013266422198731566,-2.2358937792181854,0.11102720523635803,0.731210295599509,0.4386169360460985
lithuanian,dominance_mean,2017,0.5073333333333333,3,0.08977796685898684,0.0013266422198731566,-2.2358937792181854,0.11102720523635803,0.731210295599509,0.4399435782659715
romanian,valence_mean,1986,0.38919973071428576,3,0.0,-0.008712275826716426,17.71492356476705,-0.5283378187397201,0.009553399682593814,0.41234377290822977
romanian,valence_mean,1991,0.7911850622222222,3,0.11696086653351674,-0.008712275826716426,17.71492356476705,-0.5283378187397201,0.009553399682593814,0.36878239377464794
romanian,valence_mean,1995,0.35472530816666664,3,0.012486346895389678,-0.008712275826716426,17.71492356476705,-0.5283378187397201,0.009553399682593814,0.33393329046777964
romanian,valence_mean,1996,0.18418300730158724,3,0.02658445587576722,-0.008712275826716426,17.71492356476705,-0.5283378187397201,0.009553399682593814,0.3252210146410661
romanian,valence_mean,1998,0.19082929277777771,9,0.14495117869028312,-0.008712275826716426,17.71492356476705,-0.5283378187397201,0.009553399682593814,0.30779646298763197
romanian,valence_mean,1999,0.21254275999999997,3,0.02726047919245139,-0.008712275826716426,17.71492356476705,-0.5283378187397201,0.009553399682593814,0.2990841871609149
romanian,valence_mean,2000,0.20526099649372892,13,0.09042402931067124,-0.008712275826716426,17.71492356476705,-0.5283378187397201,0.009553399682593814,0.2903719113341978
romanian,valence_mean,2001,0.2520595382828283,11,0.14699617638790957,-0.008712275826716426,17.71492356476705,-0.5283378187397201,0.009553399682593814,0.28165963550748074
romanian,valence_mean,2002,0.19130117773165864,20,0.07077253407372022,-0.008712275826716426,17.71492356476705,-0.5283378187397201,0.009553399682593814,0.2729473596807672
romanian,valence_mean,2003,0.19964089728571427,5,0.12532584232247168,-0.008712275826716426,17.71492356476705,-0.5283378187397201,0.009553399682593814,0.26423508385405015
romanian,valence_mean,2004,0.28123273969940477,16,0.19478416011645439,-0.008712275826716426,17.71492356476705,-0.5283378187397201,0.009553399682593814,0.25552280802733307
romanian,valence_mean,2005,0.17610009337046284,12,0.07784888194489568,-0.008712275826716426,17.71492356476705,-0.5283378187397201,0.009553399682593814,0.246810532200616
romanian,valence_mean,2006,0.2075138597071886,32,0.12882109627386254,-0.008712275826716426,17.71492356476705,-0.5283378187397201,0.009553399682593814,0.23809825637389892
romanian,valence_mean,2007,0.2270179359610013,32,0.12452103315636046,-0.008712275826716426,17.71492356476705,-0.5283378187397201,0.009553399682593814,0.2293859805471854
romanian,valence_mean,2008,0.16320943040036753,29,0.07498278147982444,-0.008712275826716426,17.71492356476705,-0.5283378187397201,0.009553399682593814,0.22067370472046832
romanian,valence_mean,2009,0.28458505594188305,22,0.1388918405769925,-0.008712275826716426,17.71492356476705,-0.5283378187397201,0.009553399682593814,0.21196142889375125
romanian,valence_mean,2010,0.18675997083632204,52,0.08146656848809615,-0.008712275826716426,17.71492356476705,-0.5283378187397201,0.009553399682593814,0.20324915306703417
romanian,valence_mean,2011,0.2684246479897119,9,0.13138214749578966,-0.008712275826716426,17.71492356476705,-0.5283378187397201,0.009553399682593814,0.1945368772403171
romanian,valence_mean,2012,0.19903396244140067,7,0.12567057714269297,-0.008712275826716426,17.71492356476705,-0.5283378187397201,0.009553399682593814,0.18582460141360002
romanian,valence_mean,2013,0.24859616945238092,8,0.11957740348130191,-0.008712275826716426,17.71492356476705,-0.5283378187397201,0.009553399682593814,0.1771123255868865
romanian,valence_mean,2014,0.19211871054909394,43,0.07674150927914661,-0.008712275826716426,17.71492356476705,-0.5283378187397201,0.009553399682593814,0.16840004976016942
romanian,valence_mean,2015,0.20580126026659867,42,0.11875936503633042,-0.008712275826716426,17.71492356476705,-0.5283378187397201,0.009553399682593814,0.15968777393345235
romanian,valence_mean,2016,0.18729249459592254,21,0.06147158748975984,-0.008712275826716426,17.71492356476705,-0.5283378187397201,0.009553399682593814,0.15097549810673527
romanian,arousal_mean,1986,0.1957086201428571,3,0.0,-0.0038992655446522515,7.951862572934431,-0.3478649871197725,0.10383663752222122,0.20792120125505953
romanian,arousal_mean,1991,0.49075100722222237,3,0.1394747211096041,-0.0038992655446522515,7.951862572934431,-0.3478649871197725,0.10383663752222122,0.18842487353179838
romanian,arousal_mean,1995,0.15209283249999994,3,0.08328658846338337,-0.0038992655446522515,7.951862572934431,-0.3478649871197725,0.10383663752222122,0.17282781135318892
romanian,arousal_mean,1996,0.06978359484126977,3,0.022476876771016525,-0.0038992655446522515,7.951862572934431,-0.3478649871197725,0.10383663752222122,0.16892854580853633
romanian,arousal_mean,1998,0.12540703185185184,9,0.09363999539710019,-0.0038992655446522515,7.951862572934431,-0.3478649871197725,0.10383663752222122,0.16113001471923205
romanian,arousal_mean,1999,0.09349256,3,0.021207256068635445,-0.0038992655446522515,7.951862572934431,-0.3478649871197725,0.10383663752222122,0.15723074917458035
romanian,arousal_mean,2000,0.08599784799071102,13,0.10653425865823436,-0.0038992655446522515,7.951862572934431,-0.3478649871197725,0.10383663752222122,0.15333148362992777
romanian,arousal_mean,2001,0.12929289459764307,11,0.08862092468640549,-0.0038992655446522515,7.951862572934431,-0.3478649871197725,0.10383663752222122,0.14943221808527518
romanian,arousal_mean,2002,0.08186825167025516,20,0.06780080208090286,-0.0038992655446522515,7.951862572934431,-0.3478649871197725,0.10383663752222122,0.14553295254062348
romanian,arousal_mean,2003,0.17759003057142853,5,0.18929667604958747,-0.0038992655446522515,7.951862572934431,-0.3478649871197725,0.10383663752222122,0.1416336869959709
romanian,arousal_mean,2004,0.06323932439484127,16,0.10828945919471959,-0.0038992655446522515,7.951862572934431,-0.3478649871197725,0.10383663752222122,0.1377344214513183
romanian,arousal_mean,2005,0.11189956099622594,12,0.10437442829081676,-0.0038992655446522515,7.951862572934431,-0.3478649871197725,0.10383663752222122,0.13383515590666661
romanian,arousal_mean,2006,0.09353363274914143,32,0.09639074166156765,-0.0038992655446522515,7.951862572934431,-0.3478649871197725,0.10383663752222122,0.12993589036201403
romanian,arousal_mean,2007,0.10181542856981035,32,0.1351067034668266,-0.0038992655446522515,7.951862572934431,-0.3478649871197725,0.10383663752222122,0.12603662481736233
romanian,arousal_mean,2008,0.08778185828355088,29,0.058341609730620844,-0.0038992655446522515,7.951862572934431,-0.3478649871197725,0.10383663752222122,0.12213735927270974
romanian,arousal_mean,2009,0.12444876738744583,22,0.1119506260304144,-0.0038992655446522515,7.951862572934431,-0.3478649871197725,0.10383663752222122,0.11823809372805716
romanian,arousal_mean,2010,0.08446212821711724,52,0.052108542346696575,-0.0038992655446522515,7.951862572934431,-0.3478649871197725,0.10383663752222122,0.11433882818340546
romanian,arousal_mean,2011,0.14671009096296292,9,0.1050806227943542,-0.0038992655446522515,7.951862572934431,-0.3478649871197725,0.10383663752222122,0.11043956263875288
romanian,arousal_mean,2012,0.2536314902439402,7,0.22182650863149467,-0.0038992655446522515,7.951862572934431,-0.3478649871197725,0.10383663752222122,0.10654029709410029
romanian,arousal_mean,2013,0.12043115454166664,8,0.1400086075310475,-0.0038992655446522515,7.951862572934431,-0.3478649871197725,0.10383663752222122,0.10264103154944859
romanian,arousal_mean,2014,0.11808827023194957,43,0.1476533334940584,-0.0038992655446522515,7.951862572934431,-0.3478649871197725,0.10383663752222122,0.098741766004796
romanian,arousal_mean,2015,0.11735919414800748,42,0.10713391939937349,-0.0038992655446522515,7.951862572934431,-0.3478649871197725,0.10383663752222122,0.09484250046014431
romanian,arousal_mean,2016,0.10741273136356629,21,0.06537820401861302,-0.0038992655446522515,7.951862572934431,-0.3478649871197725,0.10383663752222122,0.09094323491549172
romanian,dominance_mean,1986,0.3922857142857142,3,0.0,-3.273566561345866e-05,0.4994290523580408,-0.00441619743752945,0.984044767191942,0.4344160204497119
romanian,dominance_mean,1991,0.6296545454545459,3,0.04040402156565249,-3.273566561345866e-05,0.4994290523580408,-0.00441619743752945,0.984044767191942,0.4342523421216446
romanian,dominance_mean,1995,0.45675,3,0.13517650498514897,-3.273566561345866e-05,0.4994290523580408,-0.00441619743752945,0.984044767191942,0.43412139945919076
romanian,dominance_mean,1996,0.3400079365079365,3,0.009372377436154848,-3.273566561345866e-05,0.4994290523580408,-0.00441619743752945,0.984044767191942,0.4340886637935773
romanian,dominance_mean,1998,0.37299259259259254,9,0.09452975983163799,-3.273566561345866e-05,0.4994290523580408,-0.00441619743752945,0.984044767191942,0.4340231924623504
romanian,dominance_mean,1999,0.4114358333333333,3,0.05044453639477055,-3.273566561345866e-05,0.4994290523580408,-0.00441619743752945,0.984044767191942,0.4339904567967369
romanian,dominance_mean,2000,0.41914699760428503,13,0.1035261443995088,-3.273566561345866e-05,0.4994290523580408,-0.00441619743752945,0.984044767191942,0.43395772113112346
romanian,dominance_mean,2001,0.38399528619528617,11,0.04133900615163223,-3.273566561345866e-05,0.4994290523580408,-0.00441619743752945,0.984044767191942,0.43392498546551
romanian,dominance_mean,2002,0.42541531499202556,20,0.09836670582293601,-3.273566561345866e-05,0.4994290523580408,-0.00441619743752945,0.984044767191942,0.43389224979989655
romanian,dominance_mean,2003,0.43288971428571427,5,0.05919697143383917,-3.273566561345866e-05,0.4994290523580408,-0.00441619743752945,0.984044767191942,0.4338595141342831
romanian,dominance_mean,2004,0.4055102678571428,16,0.07524690176870366,-3.273566561345866e-05,0.4994290523580408,-0.00441619743752945,0.984044767191942,0.4338267784686696
romanian,dominance_mean,2005,0.47876558164058164,12,0.13864606111549777,-3.273566561345866e-05,0.4994290523580408,-0.00441619743752945,0.984044767191942,0.43379404280305617
romanian,dominance_mean,2006,0.415997368646978,32,0.10305187025559152,-3.273566561345866e-05,0.4994290523580408,-0.00441619743752945,0.984044767191942,0.4337613071374427
romanian,dominance_mean,2007,0.4236146493697275,32,0.07892219525084763,-3.273566561345866e-05,0.4994290523580408,-0.00441619743752945,0.984044767191942,0.43372857147182925
romanian,dominance_mean,2008,0.40982398882397814,29,0.06906882857914434,-3.273566561345866e-05,0.4994290523580408,-0.00441619743752945,0.984044767191942,0.4336958358062158
romanian,dominance_mean,2009,0.5453987554112554,22,0.1483825209857213,-3.273566561345866e-05,0.4994290523580408,-0.00441619743752945,0.984044767191942,0.43366310014060233
romanian,dominance_mean,2010,0.4156526129858153,52,0.06038313640956485,-3.273566561345866e-05,0.4994290523580408,-0.00441619743752945,0.984044767191942,0.4336303644749889
romanian,dominance_mean,2011,0.4482786008230452,9,0.15006276511238495,-3.273566561345866e-05,0.4994290523580408,-0.00441619743752945,0.984044767191942,0.43359762880937547
romanian,dominance_mean,2012,0.39515973500184026,7,0.10824734363189877,-3.273566561345866e-05,0.4994290523580408,-0.00441619743752945,0.984044767191942,0.433564893143762
romanian,dominance_mean,2013,0.4532099702380952,8,0.07832909042935506,-3.273566561345866e-05,0.4994290523580408,-0.00441619743752945,0.984044767191942,0.43353215747814855
romanian,dominance_mean,2014,0.44116251353188557,43,0.09860789870893319,-3.273566561345866e-05,0.4994290523580408,-0.00441619743752945,0.984044767191942,0.4334994218125351
romanian,dominance_mean,2015,0.45423940208629654,42,0.08580069821319229,-3.273566561345866e-05,0.4994290523580408,-0.00441619743752945,0.984044767191942,0.43346668614692163
romanian,dominance_mean,2016,0.4263339021208069,21,0.05397292752740975,-3.273566561345866e-05,0.4994290523580408,-0.00441619743752945,0.984044767191942,0.4334339504813082
latvian,valence_mean,1995,0.18079437004166665,8,0.11503559279757432,-0.0006492361273275222,1.4796937578229177,-0.1174684891132976,0.6424969936835809,0.18446768380451095
latvian,valence_mean,1997,0.24537200757575753,11,0.13033791969547429,-0.0006492361273275222,1.4796937578229177,-0.1174684891132976,0.6424969936835809,0.18316921154985577
latvian,valence_mean,1998,0.2130304788148148,9,0.13887041851623882,-0.0006492361273275222,1.4796937578229177,-0.1174684891132976,0.6424969936835809,0.1825199754225284
latvian,valence_mean,1999,0.12123970111111107,5,0.060435560019001064,-0.0006492361273275222,1.4796937578229177,-0.1174684891132976,0.6424969936835809,0.1818707392952008
latvian,valence_mean,2000,0.1326452999583333,40,0.09834158038326418,-0.0006492361273275222,1.4796937578229177,-0.1174684891132976,0.6424969936835809,0.18122150316787322
latvian,valence_mean,2001,0.14649197897403576,17,0.0848450418779552,-0.0006492361273275222,1.4796937578229177,-0.1174684891132976,0.6424969936835809,0.18057226704054585
latvian,valence_mean,2002,0.19909087854978355,11,0.09897703735702564,-0.0006492361273275222,1.4796937578229177,-0.1174684891132976,0.6424969936835809,0.17992303091321826
latvian,valence_mean,2003,0.17339974608571423,25,0.10642513012388438,-0.0006492361273275222,1.4796937578229177,-0.1174684891132976,0.6424969936835809,0.17927379478589067
latvian,valence_mean,2004,0.16805967664497715,21,0.12088817699429769,-0.0006492361273275222,1.4796937578229177,-0.1174684891132976,0.6424969936835809,0.17862455865856308
latvian,valence_mean,2005,0.21315226935033443,26,0.12634839697656192,-0.0006492361273275222,1.4796937578229177,-0.1174684891132976,0.6424969936835809,0.1779753225312357
latvian,valence_mean,2007,0.18201466916666664,10,0.08539801405220401,-0.0006492361273275222,1.4796937578229177,-0.1174684891132976,0.6424969936835809,0.17667685027658053
latvian,valence_mean,2008,0.2449348251,5,0.1701693604839021,-0.0006492361273275222,1.4796937578229177,-0.1174684891132976,0.6424969936835809,0.17602761414925316
latvian,valence_mean,2010,0.1165620125,7,0.08474105562755897,-0.0006492361273275222,1.4796937578229177,-0.1174684891132976,0.6424969936835809,0.17472914189459798
latvian,valence_mean,2012,0.1774342342045454,4,0.15389334355005332,-0.0006492361273275222,1.4796937578229177,-0.1174684891132976,0.6424969936835809,0.17343066963994302
latvian,valence_mean,2013,0.1663336321111111,3,0.07510128028475511,-0.0006492361273275222,1.4796937578229177,-0.1174684891132976,0.6424969936835809,0.17278143351261543
latvian,valence_mean,2014,0.1530060118501291,26,0.09729731297941147,-0.0006492361273275222,1.4796937578229177,-0.1174684891132976,0.6424969936835809,0.17213219738528807
latvian,valence_mean,2015,0.17586275731481482,18,0.09364654070473055,-0.0006492361273275222,1.4796937578229177,-0.1174684891132976,0.6424969936835809,0.17148296125796048
latvian,valence_mean,2016,0.18828813106249997,8,0.1322751227694044,-0.0006492361273275222,1.4796937578229177,-0.1174684891132976,0.6424969936835809,0.17083372513063289
latvian,arousal_mean,1995,0.1554081082083333,8,0.1107281234821179,-0.0014323170184846478,2.9922691130254773,-0.20988964136295155,0.40319523777046207,0.1347966611486049
latvian,arousal_mean,1997,0.1446497072060606,11,0.05752907008732154,-0.0014323170184846478,2.9922691130254773,-0.20988964136295155,0.40319523777046207,0.13193202711163554
latvian,arousal_mean,1998,0.14246772462037036,9,0.11393065710332194,-0.0014323170184846478,2.9922691130254773,-0.20988964136295155,0.40319523777046207,0.13049971009315087
latvian,arousal_mean,1999,0.06593218788888884,5,0.05803600624137468,-0.0014323170184846478,2.9922691130254773,-0.20988964136295155,0.40319523777046207,0.1290673930746662
latvian,arousal_mean,2000,0.11391587662619043,40,0.09171926511872401,-0.0014323170184846478,2.9922691130254773,-0.20988964136295155,0.40319523777046207,0.12763507605618152
latvian,arousal_mean,2001,0.10660019129657917,17,0.045740286422260426,-0.0014323170184846478,2.9922691130254773,-0.20988964136295155,0.40319523777046207,0.12620275903769684
latvian,arousal_mean,2002,0.12058727666999661,11,0.10405857967772099,-0.0014323170184846478,2.9922691130254773,-0.20988964136295155,0.40319523777046207,0.12477044201921217
latvian,arousal_mean,2003,0.1078717502761904,25,0.059828042902496534,-0.0014323170184846478,2.9922691130254773,-0.20988964136295155,0.40319523777046207,0.1233381250007275
latvian,arousal_mean,2004,0.13412388628377,21,0.119359740197064,-0.0014323170184846478,2.9922691130254773,-0.20988964136295155,0.40319523777046207,0.12190580798224282
latvian,arousal_mean,2005,0.14440031166387957,26,0.0975161165489899,-0.0014323170184846478,2.9922691130254773,-0.20988964136295155,0.40319523777046207,0.12047349096375815
latvian,arousal_mean,2007,0.09226406088333332,10,0.07046739571845823,-0.0014323170184846478,2.9922691130254773,-0.20988964136295155,0.40319523777046207,0.11760885692678924
latvian,arousal_mean,2008,0.24641503319999997,5,0.13963909777988698,-0.0014323170184846478,2.9922691130254773,-0.20988964136295155,0.40319523777046207,0.11617653990830457
latvian,arousal_mean,2010,0.12401744178571425,7,0.06880768452220425,-0.0014323170184846478,2.9922691130254773,-0.20988964136295155,0.40319523777046207,0.11331190587133522
latvian,arousal_mean,2012,0.08690733113636359,4,0.05158795924723102,-0.0014323170184846478,2.9922691130254773,-0.20988964136295155,0.40319523777046207,0.11044727183436587
latvian,arousal_mean,2013,0.017439980555555533,3,0.014259878073669739,-0.0014323170184846478,2.9922691130254773,-0.20988964136295155,0.40319523777046207,0.1090149548158812
latvian,arousal_mean,2014,0.11524053255521273,26,0.0785512535429182,-0.0014323170184846478,2.9922691130254773,-0.20988964136295155,0.40319523777046207,0.10758263779739652
latvian,arousal_mean,2015,0.12844006201234565,18,0.1667087949275286,-0.0014323170184846478,2.9922691130254773,-0.20988964136295155,0.40319523777046207,0.10615032077891184
latvian,arousal_mean,2016,0.10895052131249996,8,0.10227835936184923,-0.0014323170184846478,2.9922691130254773,-0.20988964136295155,0.40319523777046207,0.10471800376042717
latvian,dominance_mean,1995,0.39638229166666666,8,0.03073033841591639,-0.0003767540708991535,1.1602910749110105,-0.05689106156628569,0.8225853191784303,0.40866670346719924
latvian,dominance_mean,1997,0.4179583333333333,11,0.10020581077906056,-0.0003767540708991535,1.1602910749110105,-0.05689106156628569,0.8225853191784303,0.40791319532540093
latvian,dominance_mean,1998,0.4277074074074074,9,0.06316736098514145,-0.0003767540708991535,1.1602910749110105,-0.05689106156628569,0.8225853191784303,0.40753644125450184
latvian,dominance_mean,1999,0.37268333333333337,5,0.05451574696054954,-0.0003767540708991535,1.1602910749110105,-0.05689106156628569,0.8225853191784303,0.4071596871836026
latvian,dominance_mean,2000,0.39335845238095235,40,0.040397936772231635,-0.0003767540708991535,1.1602910749110105,-0.05689106156628569,0.8225853191784303,0.4067829331127035
latvian,dominance_mean,2001,0.40348293862999746,17,0.06287796515247703,-0.0003767540708991535,1.1602910749110105,-0.05689106156628569,0.8225853191784303,0.4064061790418043
latvian,dominance_mean,2002,0.3858008103008103,11,0.054772314222322746,-0.0003767540708991535,1.1602910749110105,-0.05689106156628569,0.8225853191784303,0.4060294249709052
latvian,dominance_mean,2003,0.3971529523809524,25,0.02966075729923076,-0.0003767540708991535,1.1602910749110105,-0.05689106156628569,0.8225853191784303,0.405652670900006
latvian,dominance_mean,2004,0.3895577750292036,21,0.04742685052622964,-0.0003767540708991535,1.1602910749110105,-0.05689106156628569,0.8225853191784303,0.4052759168291069
latvian,dominance_mean,2005,0.45744648829431434,26,0.1201942633984847,-0.0003767540708991535,1.1602910749110105,-0.05689106156628569,0.8225853191784303,0.4048991627582077
latvian,dominance_mean,2007,0.41573666666666664,10,0.027016407680345255,-0.0003767540708991535,1.1602910749110105,-0.05689106156628569,0.8225853191784303,0.4041456546164094
latvian,dominance_mean,2008,0.5054000000000001,5,0.09702216241663547,-0.0003767540708991535,1.1602910749110105,-0.05689106156628569,0.8225853191784303,0.4037689005455103
latvian,dominance_mean,2010,0.4147857142857143,7,0.15968298206729722,-0.0003767540708991535,1.1602910749110105,-0.05689106156628569,0.8225853191784303,0.403015392403712
latvian,dominance_mean,2012,0.3830795454545454,4,0.013962778885840561,-0.0003767540708991535,1.1602910749110105,-0.05689106156628569,0.8225853191784303,0.40226188426191367
latvian,dominance_mean,2013,0.28,3,0.051961524227066326,-0.0003767540708991535,1.1602910749110105,-0.05689106156628569,0.8225853191784303,0.40188513019101446
latvian,dominance_mean,2014,0.389976865944513,26,0.061830511643809795,-0.0003767540708991535,1.1602910749110105,-0.05689106156628569,0.8225853191784303,0.40150837612011536
latvian,dominance_mean,2015,0.43165956790123455,18,0.09003182503976653,-0.0003767540708991535,1.1602910749110105,-0.05689106156628569,0.8225853191784303,0.40113162204921615
latvian,dominance_mean,2016,0.42262500000000003,8,0.1716915319486,-0.0003767540708991535,1.1602910749110105,-0.05689106156628569,0.8225853191784303,0.40075486797831705
hawaiian,valence_mean,1989,0.4267918938595238,3,0.2234763814281817,-0.0008428501167862921,2.0238499606091644,-0.0948303077317018,0.6993740140664906,0.3474210783212295
hawaiian,valence_mean,1998,0.2968853739142857,5,0.0757522034423137,-0.0008428501167862921,2.0238499606091644,-0.0948303077317018,0.6993740140664906,0.3398354272701527
hawaiian,valence_mean,1999,0.19880987375000006,4,0.3399056895071551,-0.0008428501167862921,2.0238499606091644,-0.0948303077317018,0.6993740140664906,0.3389925771533664
hawaiian,valence_mean,2001,0.3208132308958333,8,0.1592462457916743,-0.0008428501167862921,2.0238499606091644,-0.0948303077317018,0.6993740140664906,0.3373068769197938
hawaiian,valence_mean,2002,0.3052151666071429,4,0.05792433851310125,-0.0008428501167862921,2.0238499606091644,-0.0948303077317018,0.6993740140664906,0.3364640268030077
hawaiian,valence_mean,2003,0.27942918166538455,13,0.10459712126013147,-0.0008428501167862921,2.0238499606091644,-0.0948303077317018,0.6993740140664906,0.3356211766862214
hawaiian,valence_mean,2004,0.4606783365156695,9,0.2338223557001309,-0.0008428501167862921,2.0238499606091644,-0.0948303077317018,0.6993740140664906,0.33477832656943507
hawaiian,valence_mean,2005,0.36452714561467237,12,0.23252797643257156,-0.0008428501167862921,2.0238499606091644,-0.0948303077317018,0.6993740140664906,0.33393547645264876
hawaiian,valence_mean,2006,0.34497796700042943,22,0.12112111641420757,-0.0008428501167862921,2.0238499606091644,-0.0948303077317018,0.6993740140664906,0.33309262633586245
hawaiian,valence_mean,2007,0.3909356822049689,14,0.17480294118099043,-0.0008428501167862921,2.0238499606091644,-0.0948303077317018,0.6993740140664906,0.33224977621907614
hawaiian,valence_mean,2008,0.34029044000432734,24,0.18230922669173494,-0.0008428501167862921,2.0238499606091644,-0.0948303077317018,0.6993740140664906,0.33140692610228983
hawaiian,valence_mean,2009,0.38333128046031745,9,0.23776353096343109,-0.0008428501167862921,2.0238499606091644,-0.0948303077317018,0.6993740140664906,0.3305640759855035
hawaiian,valence_mean,2010,0.3362469493561149,18,0.1436224868969152,-0.0008428501167862921,2.0238499606091644,-0.0948303077317018,0.6993740140664906,0.3297212258687172
hawaiian,valence_mean,2011,0.28092956460046353,12,0.08074851448415137,-0.0008428501167862921,2.0238499606091644,-0.0948303077317018,0.6993740140664906,0.3288783757519309
hawaiian,valence_mean,2012,0.2511323007522364,7,0.07799275796323953,-0.0008428501167862921,2.0238499606091644,-0.0948303077317018,0.6993740140664906,0.3280355256351446
hawaiian,valence_mean,2013,0.30408302269576787,17,0.1946961910587717,-0.0008428501167862921,2.0238499606091644,-0.0948303077317018,0.6993740140664906,0.3271926755183583
hawaiian,valence_mean,2014,0.35694498024160565,12,0.16883714861712854,-0.0008428501167862921,2.0238499606091644,-0.0948303077317018,0.6993740140664906,0.326349825401572
hawaiian,valence_mean,2015,0.3356542223425359,19,0.2784444957489487,-0.0008428501167862921,2.0238499606091644,-0.0948303077317018,0.6993740140664906,0.3255069752847859
hawaiian,valence_mean,2016,0.3443404869658119,5,0.2218713237865014,-0.0008428501167862921,2.0238499606091644,-0.0948303077317018,0.6993740140664906,0.3246641251679996
hawaiian,arousal_mean,1989,0.21052433595238093,3,0.17855704284812887,-0.0014564140999987047,3.1373511647124595,-0.18574580699076373,0.4464519500508696,0.24054351981503563
hawaiian,arousal_mean,1998,0.17113535754285705,5,0.06856431051349732,-0.0014564140999987047,3.1373511647124595,-0.18574580699076373,0.4464519500508696,0.22743579291504767
hawaiian,arousal_mean,1999,0.3150820534166666,4,0.24025010900759258,-0.0014564140999987047,3.1373511647124595,-0.18574580699076373,0.4464519500508696,0.22597937881504881
hawaiian,arousal_mean,2001,0.3075775011666666,8,0.14711171722074012,-0.0014564140999987047,3.1373511647124595,-0.18574580699076373,0.4464519500508696,0.22306655061505154
hawaiian,arousal_mean,2002,0.13588817464285713,4,0.12028220082626181,-0.0014564140999987047,3.1373511647124595,-0.18574580699076373,0.4464519500508696,0.22161013651505268
hawaiian,arousal_mean,2003,0.17435239692307689,13,0.10728536030870094,-0.0014564140999987047,3.1373511647124595,-0.18574580699076373,0.4464519500508696,0.22015372241505382
hawaiian,arousal_mean,2004,0.3051168109757834,9,0.14578667636107664,-0.0014564140999987047,3.1373511647124595,-0.18574580699076373,0.4464519500508696,0.2186973083150554
hawaiian,arousal_mean,2005,0.24324362592343304,12,0.15781495465540368,-0.0014564140999987047,3.1373511647124595,-0.18574580699076373,0.4464519500508696,0.21724089421505655
hawaiian,arousal_mean,2006,0.1837522417470373,22,0.11893223150966452,-0.0014564140999987047,3.1373511647124595,-0.18574580699076373,0.4464519500508696,0.2157844801150577
hawaiian,arousal_mean,2007,0.2676377420999704,14,0.2260072978605116,-0.0014564140999987047,3.1373511647124595,-0.18574580699076373,0.4464519500508696,0.21432806601505927
hawaiian,arousal_mean,2008,0.20898820984113722,24,0.12183799424466397,-0.0014564140999987047,3.1373511647124595,-0.18574580699076373,0.4464519500508696,0.2128716519150604
hawaiian,arousal_mean,2009,0.21464049700793647,9,0.14079627718671447,-0.0014564140999987047,3.1373511647124595,-0.18574580699076373,0.4464519500508696,0.21141523781506155
hawaiian,arousal_mean,2010,0.18971516881247957,18,0.10896033328627339,-0.0014564140999987047,3.1373511647124595,-0.18574580699076373,0.4464519500508696,0.20995882371506314
hawaiian,arousal_mean,2011,0.12528252487590535,12,0.08767173251512919,-0.0014564140999987047,3.1373511647124595,-0.18574580699076373,0.4464519500508696,0.20850240961506428
hawaiian,arousal_mean,2012,0.18065028101382483,7,0.10399615284719928,-0.0014564140999987047,3.1373511647124595,-0.18574580699076373,0.4464519500508696,0.20704599551506542
hawaiian,arousal_mean,2013,0.2039991957975113,17,0.170211407481212,-0.0014564140999987047,3.1373511647124595,-0.18574580699076373,0.4464519500508696,0.205589581415067
hawaiian,arousal_mean,2014,0.2025877475963217,12,0.08756618760265997,-0.0014564140999987047,3.1373511647124595,-0.18574580699076373,0.4464519500508696,0.20413316731506814
hawaiian,arousal_mean,2015,0.21668567315368134,19,0.14740521447886537,-0.0014564140999987047,3.1373511647124595,-0.18574580699076373,0.4464519500508696,0.20267675321506928
hawaiian,arousal_mean,2016,0.23139427089658113,5,0.09744610966642679,-0.0014564140999987047,3.1373511647124595,-0.18574580699076373,0.4464519500508696,0.20122033911507087
hawaiian,dominance_mean,1989,0.4873809523809524,3,0.1561400688114213,-0.00160819034120289,3.716937112378236,-0.2268810512165965,0.35026590418760006,0.5182465237256881
hawaiian,dominance_mean,1998,0.4841714285714286,5,0.13983274995216127,-0.00160819034120289,3.716937112378236,-0.2268810512165965,0.35026590418760006,0.503772810654862
hawaiian,dominance_mean,1999,0.5680000000000001,4,0.044831990892747677,-0.00160819034120289,3.716937112378236,-0.2268810512165965,0.35026590418760006,0.5021646203136592
hawaiian,dominance_mean,2001,0.474,8,0.1169908421324385,-0.00160819034120289,3.716937112378236,-0.2268810512165965,0.35026590418760006,0.49894823963125345
hawaiian,dominance_mean,2002,0.6316517857142857,4,0.046578369835843625,-0.00160819034120289,3.716937112378236,-0.2268810512165965,0.35026590418760006,0.4973400492900506
hawaiian,dominance_mean,2003,0.4436,13,0.07274031436097411,-0.00160819034120289,3.716937112378236,-0.2268810512165965,0.35026590418760006,0.49573185894884775
hawaiian,dominance_mean,2004,0.5208479344729344,9,0.11950660026268978,-0.00160819034120289,3.716937112378236,-0.2268810512165965,0.35026590418760006,0.4941236686076449
hawaiian,dominance_mean,2005,0.4558145299145299,12,0.09177716083071959,-0.00160819034120289,3.716937112378236,-0.2268810512165965,0.35026590418760006,0.49251547826644204
hawaiian,dominance_mean,2006,0.4508668070186164,22,0.09717280377235975,-0.00160819034120289,3.716937112378236,-0.2268810512165965,0.35026590418760006,0.49090728792523874
hawaiian,dominance_mean,2007,0.5240349304939367,14,0.1250093201002657,-0.00160819034120289,3.716937112378236,-0.2268810512165965,0.35026590418760006,0.4892990975840359
hawaiian,dominance_mean,2008,0.4792232774625193,24,0.11496990827912958,-0.00160819034120289,3.716937112378236,-0.2268810512165965,0.35026590418760006,0.48769090724283304
hawaiian,dominance_mean,2009,0.5000013227513228,9,0.0985734508585336,-0.00160819034120289,3.716937112378236,-0.2268810512165965,0.35026590418760006,0.4860827169016302
hawaiian,dominance_mean,2010,0.4202127925763006,18,0.08762132752466291,-0.00160819034120289,3.716937112378236,-0.2268810512165965,0.35026590418760006,0.48447452656042733
hawaiian,dominance_mean,2011,0.4558596407359119,12,0.07143687367993086,-0.00160819034120289,3.716937112378236,-0.2268810512165965,0.35026590418760006,0.4828663362192245
hawaiian,dominance_mean,2012,0.45827927622661974,7,0.10237233581904993,-0.00160819034120289,3.716937112378236,-0.2268810512165965,0.35026590418760006,0.4812581458780216
hawaiian,dominance_mean,2013,0.458556750731967,17,0.14226666132163462,-0.00160819034120289,3.716937112378236,-0.2268810512165965,0.35026590418760006,0.4796499555368188
hawaiian,dominance_mean,2014,0.49092079365079355,12,0.0806053172308454,-0.00160819034120289,3.716937112378236,-0.2268810512165965,0.35026590418760006,0.4780417651956159
hawaiian,dominance_mean,2015,0.5061541439512094,19,0.11544300712870643,-0.00160819034120289,3.716937112378236,-0.2268810512165965,0.35026590418760006,0.47643357485441307
hawaiian,dominance_mean,2016,0.5047965811965811,5,0.09501084239391419,-0.00160819034120289,3.716937112378236,-0.2268810512165965,0.35026590418760006,0.4748253845132102
icelandic,valence_mean,1989,0.07779509899999998,5,0.06689356401478642,0.00417609726071888,-8.243877687179232,0.6529363104567261,0.004487724867410997,0.062379764390620096
icelandic,valence_mean,1991,0.05185413833333327,3,0.1088367614244073,0.00417609726071888,-8.243877687179232,0.6529363104567261,0.004487724867410997,0.07073195891205764
icelandic,valence_mean,1992,0.08196332333333335,3,0.09560935845307872,0.00417609726071888,-8.243877687179232,0.6529363104567261,0.004487724867410997,0.0749080561727773
icelandic,valence_mean,1999,0.0857861543589744,6,0.10441675684499574,0.00417609726071888,-8.243877687179232,0.6529363104567261,0.004487724867410997,0.10414073699780779
icelandic,valence_mean,2000,0.16373126874999994,4,0.043589511902122804,0.00417609726071888,-8.243877687179232,0.6529363104567261,0.004487724867410997,0.10831683425852745
icelandic,valence_mean,2004,0.08383958388888886,3,0.05232500834466124,0.00417609726071888,-8.243877687179232,0.6529363104567261,0.004487724867410997,0.12502122330140253
icelandic,valence_mean,2005,0.15225598440909088,11,0.08526531542616445,0.00417609726071888,-8.243877687179232,0.6529363104567261,0.004487724867410997,0.1291973205621222
icelandic,valence_mean,2006,0.19699566409722222,12,0.08264533408949688,0.00417609726071888,-8.243877687179232,0.6529363104567261,0.004487724867410997,0.13337341782284007
icelandic,valence_mean,2007,0.09617416222222219,9,0.1210030190565426,0.00417609726071888,-8.243877687179232,0.6529363104567261,0.004487724867410997,0.13754951508355973
icelandic,valence_mean,2008,0.09956354622877285,24,0.16508714120570384,0.00417609726071888,-8.243877687179232,0.6529363104567261,0.004487724867410997,0.14172561234427938
icelandic,valence_mean,2009,0.1306473510740741,9,0.08947848874991025,0.00417609726071888,-8.243877687179232,0.6529363104567261,0.004487724867410997,0.14590170960499727
icelandic,valence_mean,2010,0.09478846753968251,21,0.06961720225910895,0.00417609726071888,-8.243877687179232,0.6529363104567261,0.004487724867410997,0.15007780686571692
icelandic,valence_mean,2011,0.16649265,9,0.07480110708994565,0.00417609726071888,-8.243877687179232,0.6529363104567261,0.004487724867410997,0.1542539041264348
icelandic,valence_mean,2012,0.14681465984126982,21,0.07827416822682753,0.00417609726071888,-8.243877687179232,0.6529363104567261,0.004487724867410997,0.15843000138715446
icelandic,valence_mean,2013,0.16312388326086955,23,0.08196816612132775,0.00417609726071888,-8.243877687179232,0.6529363104567261,0.004487724867410997,0.16260609864787234
icelandic,valence_mean,2014,0.14801363414141414,33,0.06429001012908316,0.00417609726071888,-8.243877687179232,0.6529363104567261,0.004487724867410997,0.166782195908592
icelandic,valence_mean,2015,0.25651487907692305,13,0.22309282124033938,0.00417609726071888,-8.243877687179232,0.6529363104567261,0.004487724867410997,0.17095829316930988
icelandic,arousal_mean,1989,0.09121915999999998,5,0.10498425424513336,-0.0004579716043918702,1.0305529987548507,-0.07564571288242107,0.7729245887516366,0.11964747761942085
icelandic,arousal_mean,1991,0.1729730266666666,3,0.11723407948488576,-0.0004579716043918702,1.0305529987548507,-0.07564571288242107,0.7729245887516366,0.11873153441063711
icelandic,arousal_mean,1992,0.07410637166666664,3,0.06123071068269921,-0.0004579716043918702,1.0305529987548507,-0.07564571288242107,0.7729245887516366,0.11827356280624524
icelandic,arousal_mean,1999,0.210853271025641,6,0.22678570315676466,-0.0004579716043918702,1.0305529987548507,-0.07564571288242107,0.7729245887516366,0.11506776157550214
icelandic,arousal_mean,2000,0.09104511999999995,4,0.033938014678144536,-0.0004579716043918702,1.0305529987548507,-0.07564571288242107,0.7729245887516366,0.11460978997111038
icelandic,arousal_mean,2004,0.040472229444444396,3,0.028181842797409325,-0.0004579716043918702,1.0305529987548507,-0.07564571288242107,0.7729245887516366,0.11277790355354289
icelandic,arousal_mean,2005,0.08414752999999997,11,0.034630885364551944,-0.0004579716043918702,1.0305529987548507,-0.07564571288242107,0.7729245887516366,0.11231993194915102
icelandic,arousal_mean,2006,0.11021006041666664,12,0.05263736980157961,-0.0004579716043918702,1.0305529987548507,-0.07564571288242107,0.7729245887516366,0.11186196034475915
icelandic,arousal_mean,2007,0.18033765355555553,9,0.1872198872005542,-0.0004579716043918702,1.0305529987548507,-0.07564571288242107,0.7729245887516366,0.11140398874036728
icelandic,arousal_mean,2008,0.11376260640804026,24,0.1801657351487951,-0.0004579716043918702,1.0305529987548507,-0.07564571288242107,0.7729245887516366,0.1109460171359754
icelandic,arousal_mean,2009,0.13985006907407405,9,0.07680412667889297,-0.0004579716043918702,1.0305529987548507,-0.07564571288242107,0.7729245887516366,0.11048804553158353
icelandic,arousal_mean,2010,0.08241941936507932,21,0.07162215990480038,-0.0004579716043918702,1.0305529987548507,-0.07564571288242107,0.7729245887516366,0.11003007392719166
icelandic,arousal_mean,2011,0.09870144555555549,9,0.061352368670749856,-0.0004579716043918702,1.0305529987548507,-0.07564571288242107,0.7729245887516366,0.10957210232279979
icelandic,arousal_mean,2012,0.07728764817460315,21,0.0736972596711813,-0.0004579716043918702,1.0305529987548507,-0.07564571288242107,0.7729245887516366,0.10911413071840792
icelandic,arousal_mean,2013,0.07374498999275358,23,0.06686583909679092,-0.0004579716043918702,1.0305529987548507,-0.07564571288242107,0.7729245887516366,0.10865615911401605
icelandic,arousal_mean,2014,0.07371956116161613,33,0.06517962444465746,-0.0004579716043918702,1.0305529987548507,-0.07564571288242107,0.7729245887516366,0.10819818750962418
icelandic,arousal_mean,2015,0.19458868062820514,13,0.18920280198582598,-0.0004579716043918702,1.0305529987548507,-0.07564571288242107,0.7729245887516366,0.1077402159052323
icelandic,dominance_mean,1989,0.4638,5,0.1253483147074583,-0.0005207337878496008,1.486524148553026,-0.12374645299630864,0.6360831963743179,0.4507846445201702
icelandic,dominance_mean,1991,0.48500000000000004,3,0.13096564434995922,-0.0005207337878496008,1.486524148553026,-0.12374645299630864,0.6360831963743179,0.44974317694447086
icelandic,dominance_mean,1992,0.432,3,0.110013635518512,-0.0005207337878496008,1.486524148553026,-0.12374645299630864,0.6360831963743179,0.4492224431566214
icelandic,dominance_mean,1999,0.4199123931623932,6,0.04275123708116752,-0.0005207337878496008,1.486524148553026,-0.12374645299630864,0.6360831963743179,0.44557730664167416
icelandic,dominance_mean,2000,0.47065625,4,0.04806044100487775,-0.0005207337878496008,1.486524148553026,-0.12374645299630864,0.6360831963743179,0.4450565728538245
icelandic,dominance_mean,2004,0.3704,3,0.10461586877716014,-0.0005207337878496008,1.486524148553026,-0.12374645299630864,0.6360831963743179,0.44297363770242604
icelandic,dominance_mean,2005,0.44902272727272724,11,0.16300415848013872,-0.0005207337878496008,1.486524148553026,-0.12374645299630864,0.6360831963743179,0.4424529039145766
icelandic,dominance_mean,2006,0.42469305555555553,12,0.0744315275664514,-0.0005207337878496008,1.486524148553026,-0.12374645299630864,0.6360831963743179,0.4419321701267269
icelandic,dominance_mean,2007,0.4561425925925926,9,0.1285612438120207,-0.0005207337878496008,1.486524148553026,-0.12374645299630864,0.6360831963743179,0.44141143633887725
icelandic,dominance_mean,2008,0.42497478441697195,24,0.10639422916092028,-0.0005207337878496008,1.486524148553026,-0.12374645299630864,0.6360831963743179,0.4408907025510278
icelandic,dominance_mean,2009,0.45862222222222215,9,0.05415119522637007,-0.0005207337878496008,1.486524148553026,-0.12374645299630864,0.6360831963743179,0.44036996876317813
icelandic,dominance_mean,2010,0.3970896825396825,21,0.12112466563148326,-0.0005207337878496008,1.486524148553026,-0.12374645299630864,0.6360831963743179,0.43984923497532846
icelandic,dominance_mean,2011,0.5124,9,0.11847358355346563,-0.0005207337878496008,1.486524148553026,-0.12374645299630864,0.6360831963743179,0.4393285011874788
icelandic,dominance_mean,2012,0.4333571428571429,21,0.12676236829545676,-0.0005207337878496008,1.486524148553026,-0.12374645299630864,0.6360831963743179,0.43880776739962934
icelandic,dominance_mean,2013,0.41141666666666665,23,0.07607275707299471,-0.0005207337878496008,1.486524148553026,-0.12374645299630864,0.6360831963743179,0.4382870336117797
icelandic,dominance_mean,2014,0.439379797979798,33,0.10880521935863252,-0.0005207337878496008,1.486524148553026,-0.12374645299630864,0.6360831963743179,0.43776629982393
icelandic,dominance_mean,2015,0.4728320512820513,13,0.09875976052596169,-0.0005207337878496008,1.486524148553026,-0.12374645299630864,0.6360831963743179,0.43724556603608056
czech,valence_mean,1993,0.14734015,4,0.027476849866084237,0.0024598777240527315,-4.743649470157268,0.27101521884252916,0.3099677478104437,0.1588868338798255
czech,valence_mean,1998,0.1271289913888889,4,0.13354738816549666,0.0024598777240527315,-4.743649470157268,0.27101521884252916,0.3099677478104437,0.17118622250008908
czech,valence_mean,2000,0.15873806071428567,3,0.12326283937226602,0.0024598777240527315,-4.743649470157268,0.27101521884252916,0.3099677478104437,0.17610597794819505
czech,valence_mean,2002,0.1247692621428571,3,0.0433607849930151,0.0024598777240527315,-4.743649470157268,0.27101521884252916,0.3099677478104437,0.18102573339630013
czech,valence_mean,2003,0.2114588588095238,7,0.09848962500379153,0.0024598777240527315,-4.743649470157268,0.27101521884252916,0.3099677478104437,0.18348561112035267
czech,valence_mean,2004,0.15843857899999997,5,0.0844251379727872,0.0024598777240527315,-4.743649470157268,0.27101521884252916,0.3099677478104437,0.1859454888444052
czech,valence_mean,2005,0.3490303781818182,11,0.18325831344617383,0.0024598777240527315,-4.743649470157268,0.27101521884252916,0.3099677478104437,0.18840536656845863
czech,valence_mean,2006,0.1969453497164502,22,0.070812347166181,0.0024598777240527315,-4.743649470157268,0.27101521884252916,0.3099677478104437,0.19086524429251117
czech,valence_mean,2007,0.21090036338392856,16,0.10283053685197473,0.0024598777240527315,-4.743649470157268,0.27101521884252916,0.3099677478104437,0.1933251220165637
czech,valence_mean,2008,0.19205645129271706,17,0.12464015808427602,0.0024598777240527315,-4.743649470157268,0.27101521884252916,0.3099677478104437,0.19578499974061625
czech,valence_mean,2009,0.2364823996944444,8,0.23008200324265118,0.0024598777240527315,-4.743649470157268,0.27101521884252916,0.3099677478104437,0.19824487746466968
czech,valence_mean,2010,0.21781202283783785,9,0.11608200470261437,0.0024598777240527315,-4.743649470157268,0.27101521884252916,0.3099677478104437,0.20070475518872222
czech,valence_mean,2011,0.2056338982051282,13,0.1692899936929422,0.0024598777240527315,-4.743649470157268,0.27101521884252916,0.3099677478104437,0.20316463291277476
czech,valence_mean,2012,0.1604082974005602,17,0.041297145624128145,0.0024598777240527315,-4.743649470157268,0.27101521884252916,0.3099677478104437,0.2056245106368273
czech,valence_mean,2014,0.20763111131578946,19,0.054745779248158266,0.0024598777240527315,-4.743649470157268,0.27101521884252916,0.3099677478104437,0.21054426608493326
czech,valence_mean,2015,0.15152961232,10,0.12907954005918004,0.0024598777240527315,-4.743649470157268,0.27101521884252916,0.3099677478104437,0.2130041438089858
czech,arousal_mean,1993,0.13518360749999997,4,0.03648692909228472,0.00037900031298229486,-0.6045537770389753,0.045498862034625887,0.8671199854731715,0.1507938467347384
czech,arousal_mean,1998,0.2182092609097222,4,0.06850152414350448,0.00037900031298229486,-0.6045537770389753,0.045498862034625887,0.8671199854731715,0.1526888482996499
czech,arousal_mean,2000,0.083583459047619,3,0.051950478462899956,0.00037900031298229486,-0.6045537770389753,0.045498862034625887,0.8671199854731715,0.15344684892561444
czech,arousal_mean,2002,0.06829509166666664,3,0.07616259394902783,0.00037900031298229486,-0.6045537770389753,0.045498862034625887,0.8671199854731715,0.15420484955157898
czech,arousal_mean,2003,0.11122564095238092,7,0.05591620139289943,0.00037900031298229486,-0.6045537770389753,0.045498862034625887,0.8671199854731715,0.1545838498645613
czech,arousal_mean,2004,0.2081530732,5,0.07475960597770388,0.00037900031298229486,-0.6045537770389753,0.045498862034625887,0.8671199854731715,0.15496285017754363
czech,arousal_mean,2005,0.2578280134090909,11,0.1351911694912649,0.00037900031298229486,-0.6045537770389753,0.045498862034625887,0.8671199854731715,0.15534185049052596
czech,arousal_mean,2006,0.1715630766785714,22,0.09757240225658481,0.00037900031298229486,-0.6045537770389753,0.045498862034625887,0.8671199854731715,0.15572085080350817
czech,arousal_mean,2007,0.1469970732291666,16,0.06652675454094444,0.00037900031298229486,-0.6045537770389753,0.045498862034625887,0.8671199854731715,0.1560998511164905
czech,arousal_mean,2008,0.1937865864130252,17,0.13958794538597666,0.00037900031298229486,-0.6045537770389753,0.045498862034625887,0.8671199854731715,0.15647885142947282
czech,arousal_mean,2009,0.1670514146944444,8,0.08183667067760092,0.00037900031298229486,-0.6045537770389753,0.045498862034625887,0.8671199854731715,0.15685785174245515
czech,arousal_mean,2010,0.14495649396696697,9,0.06406331571956002,0.00037900031298229486,-0.6045537770389753,0.045498862034625887,0.8671199854731715,0.15723685205543736
czech,arousal_mean,2011,0.17947439798290596,13,0.09739294736217761,0.00037900031298229486,-0.6045537770389753,0.045498862034625887,0.8671199854731715,0.15761585236841968
czech,arousal_mean,2012,0.13529073943697476,17,0.05049248158115414,0.00037900031298229486,-0.6045537770389753,0.045498862034625887,0.8671199854731715,0.157994852681402
czech,arousal_mean,2014,0.11345984263157889,19,0.04680107285079075,0.00037900031298229486,-0.6045537770389753,0.045498862034625887,0.8671199854731715,0.15875285330736655
czech,arousal_mean,2015,0.15685484145,10,0.04432469649155061,0.00037900031298229486,-0.6045537770389753,0.045498862034625887,0.8671199854731715,0.15913185362034887
czech,dominance_mean,1993,0.6088749999999999,4,0.09598448225277528,-0.002810678736496007,6.128093399453535,-0.28495658722244843,0.2847338821846772,0.526410677616993
czech,dominance_mean,1998,0.44829444444444444,4,0.07864118309774051,-0.002810678736496007,6.128093399453535,-0.28495658722244843,0.2847338821846772,0.512357283934513
czech,dominance_mean,2000,0.4002857142857143,3,0.08757585633178189,-0.002810678736496007,6.128093399453535,-0.28495658722244843,0.2847338821846772,0.5067359264615208
czech,dominance_mean,2002,0.4606904761904762,3,0.061649947172682656,-0.002810678736496007,6.128093399453535,-0.28495658722244843,0.2847338821846772,0.5011145689885286
czech,dominance_mean,2003,0.5117285714285714,7,0.08035576088170847,-0.002810678736496007,6.128093399453535,-0.28495658722244843,0.2847338821846772,0.4983038902520329
czech,dominance_mean,2004,0.5024500000000001,5,0.22262078182415945,-0.002810678736496007,6.128093399453535,-0.28495658722244843,0.2847338821846772,0.49549321151553727
czech,dominance_mean,2005,0.6149318181818182,11,0.09442457909021158,-0.002810678736496007,6.128093399453535,-0.28495658722244843,0.2847338821846772,0.4926825327790407
czech,dominance_mean,2006,0.44896103896103895,22,0.07482211296080869,-0.002810678736496007,6.128093399453535,-0.28495658722244843,0.2847338821846772,0.4898718540425451
czech,dominance_mean,2007,0.4810922619047619,16,0.09177353461898798,-0.002810678736496007,6.128093399453535,-0.28495658722244843,0.2847338821846772,0.48706117530604853
czech,dominance_mean,2008,0.49298249299719893,17,0.09181796430194046,-0.002810678736496007,6.128093399453535,-0.28495658722244843,0.2847338821846772,0.4842504965695529
czech,dominance_mean,2009,0.5406124999999999,8,0.1193703506532479,-0.002810678736496007,6.128093399453535,-0.28495658722244843,0.2847338821846772,0.4814398178330572
czech,dominance_mean,2010,0.4890276276276276,9,0.059367759399010185,-0.002810678736496007,6.128093399453535,-0.28495658722244843,0.2847338821846772,0.4786291390965607
czech,dominance_mean,2011,0.4743760683760684,13,0.11802347310003952,-0.002810678736496007,6.128093399453535,-0.28495658722244843,0.2847338821846772,0.47581846036006503
czech,dominance_mean,2012,0.42775518207282914,17,0.052523411016567274,-0.002810678736496007,6.128093399453535,-0.28495658722244843,0.2847338821846772,0.4730077816235685
czech,dominance_mean,2014,0.49371578947368416,19,0.11292636373199569,-0.002810678736496007,6.128093399453535,-0.28495658722244843,0.2847338821846772,0.4673864241505772
czech,dominance_mean,2015,0.43936000000000003,10,0.07599895028514832,-0.002810678736496007,6.128093399453535,-0.28495658722244843,0.2847338821846772,0.46457574541408064
somali,valence_mean,1978,0.299051878595238,3,0.060133921370136616,0.0014501794616956667,-2.556124262663378,0.1889715748285846,0.4833491300143077,0.3123307125706507
somali,valence_mean,1996,0.2328806048928571,4,0.03342648007142861,0.0014501794616956667,-2.556124262663378,0.1889715748285846,0.4833491300143077,0.33843394288117246
somali,valence_mean,1997,0.29090264280769235,6,0.1105275590843302,0.0014501794616956667,-2.556124262663378,0.1889715748285846,0.4833491300143077,0.33988412234286836
somali,valence_mean,1999,0.2913574821041667,4,0.102691652311782,0.0014501794616956667,-2.556124262663378,0.1889715748285846,0.4833491300143077,0.3427844812662597
somali,valence_mean,2000,0.5152200916666666,3,0.44366850958520904,0.0014501794616956667,-2.556124262663378,0.1889715748285846,0.4833491300143077,0.34423466072795517
somali,valence_mean,2003,0.44909046664985997,8,0.07177008677764228,0.0014501794616956667,-2.556124262663378,0.1889715748285846,0.4833491300143077,0.3485851991130424
somali,valence_mean,2005,0.3301103599666629,10,0.11744184817030419,0.0014501794616956667,-2.556124262663378,0.1889715748285846,0.4833491300143077,0.3514855580364338
somali,valence_mean,2006,0.4218601781660003,12,0.16674082058951398,0.0014501794616956667,-2.556124262663378,0.1889715748285846,0.4833491300143077,0.35293573749812923
somali,valence_mean,2007,0.3550944366320192,10,0.106022223587267,0.0014501794616956667,-2.556124262663378,0.1889715748285846,0.4833491300143077,0.35438591695982513
somali,valence_mean,2008,0.41770408883848803,15,0.17271080375932943,0.0014501794616956667,-2.556124262663378,0.1889715748285846,0.4833491300143077,0.3558360964215206
somali,valence_mean,2009,0.26698200511428566,10,0.194573850513937,0.0014501794616956667,-2.556124262663378,0.1889715748285846,0.4833491300143077,0.35728627588321604
somali,valence_mean,2011,0.38205514015679826,8,0.16661707210485516,0.0014501794616956667,-2.556124262663378,0.1889715748285846,0.4833491300143077,0.3601866348066074
somali,valence_mean,2013,0.3651226984653159,13,0.17866122178670157,0.0014501794616956667,-2.556124262663378,0.1889715748285846,0.4833491300143077,0.36308699372999875
somali,valence_mean,2014,0.3390624512463418,20,0.17278308555012448,0.0014501794616956667,-2.556124262663378,0.1889715748285846,0.4833491300143077,0.36453717319169465
somali,valence_mean,2015,0.3564133814309024,22,0.1670054505009842,0.0014501794616956667,-2.556124262663378,0.1889715748285846,0.4833491300143077,0.3659873526533901
somali,valence_mean,2016,0.30651048346455706,9,0.09851565956426882,0.0014501794616956667,-2.556124262663378,0.1889715748285846,0.4833491300143077,0.367437532115086
somali,arousal_mean,1978,0.11755966338095236,3,0.0412711561605275,0.0020647159938262734,-3.9650130421548058,0.2947136531777065,0.2678320775019798,0.11899519363356337
somali,arousal_mean,1996,0.10599071985714283,4,0.09532758542857145,0.0020647159938262734,-3.9650130421548058,0.2947136531777065,0.2678320775019798,0.15616008152243577
somali,arousal_mean,1997,0.09619717757051277,6,0.04750054449844024,0.0020647159938262734,-3.9650130421548058,0.2947136531777065,0.2678320775019798,0.1582247975162625
somali,arousal_mean,1999,0.073588235,4,0.07766599190840512,0.0020647159938262734,-3.9650130421548058,0.2947136531777065,0.2678320775019798,0.1623542295039151
somali,arousal_mean,2000,0.3117636527222223,3,0.35194046580340127,0.0020647159938262734,-3.9650130421548058,0.2947136531777065,0.2678320775019798,0.16441894549774094
somali,arousal_mean,2003,0.2411692897455649,8,0.0935256195201828,0.0020647159938262734,-3.9650130421548058,0.2947136531777065,0.2678320775019798,0.17061309347922027
somali,arousal_mean,2005,0.11552388200341787,10,0.15176563402871812,0.0020647159938262734,-3.9650130421548058,0.2947136531777065,0.2678320775019798,0.17474252546687197
somali,arousal_mean,2006,0.26205237906076123,12,0.15255874654328078,0.0020647159938262734,-3.9650130421548058,0.2947136531777065,0.2678320775019798,0.1768072414606987
somali,arousal_mean,2007,0.18278214515115282,10,0.06815369051111851,0.0020647159938262734,-3.9650130421548058,0.2947136531777065,0.2678320775019798,0.17887195745452455
somali,arousal_mean,2008,0.24144033658636876,15,0.16130842134012505,0.0020647159938262734,-3.9650130421548058,0.2947136531777065,0.2678320775019798,0.1809366734483513
somali,arousal_mean,2009,0.16401006657142855,10,0.13231505017476192,0.0020647159938262734,-3.9650130421548058,0.2947136531777065,0.2678320775019798,0.18300138944217714
somali,arousal_mean,2011,0.16613293018497804,8,0.11091852243200205,0.0020647159938262734,-3.9650130421548058,0.2947136531777065,0.2678320775019798,0.18713082142982973
somali,arousal_mean,2013,0.202443106362597,13,0.13342723225282246,0.0020647159938262734,-3.9650130421548058,0.2947136531777065,0.2678320775019798,0.19126025341748232
somali,arousal_mean,2014,0.1627275286328025,20,0.07911034870513822,0.0020647159938262734,-3.9650130421548058,0.2947136531777065,0.2678320775019798,0.19332496941130906
somali,arousal_mean,2015,0.21143563355655565,22,0.12847353484682475,0.0020647159938262734,-3.9650130421548058,0.2947136531777065,0.2678320775019798,0.1953896854051349
somali,arousal_mean,2016,0.1348695131020214,9,0.09838336070872535,0.0020647159938262734,-3.9650130421548058,0.2947136531777065,0.2678320775019798,0.19745440139896164
somali,dominance_mean,1978,0.2995238095238095,3,0.050641866468918585,0.0058017649271676465,-11.197198048585381,0.8348376996014124,5.740027015719063e-05,0.27869297735222354
somali,dominance_mean,1996,0.361,4,0.018000000000000016,0.0058017649271676465,-11.197198048585381,0.8348376996014124,5.740027015719063e-05,0.3831247460412417
somali,dominance_mean,1997,0.3684400641025641,6,0.03630051164359511,0.0058017649271676465,-11.197198048585381,0.8348376996014124,5.740027015719063e-05,0.3889265109684086
somali,dominance_mean,1999,0.4043333333333333,4,0.10430794863359233,0.0058017649271676465,-11.197198048585381,0.8348376996014124,5.740027015719063e-05,0.4005300408227441
somali,dominance_mean,2000,0.41383333333333333,3,0.08689984656679971,0.0058017649271676465,-11.197198048585381,0.8348376996014124,5.740027015719063e-05,0.406331805749911
somali,dominance_mean,2003,0.43278600606909423,8,0.06651412629651401,0.0058017649271676465,-11.197198048585381,0.8348376996014124,5.740027015719063e-05,0.4237371005314152
somali,dominance_mean,2005,0.38792398190045246,10,0.0789986404877372,0.0058017649271676465,-11.197198048585381,0.8348376996014124,5.740027015719063e-05,0.43534063038575077
somali,dominance_mean,2006,0.4673868690654673,12,0.10123542720536985,0.0058017649271676465,-11.197198048585381,0.8348376996014124,5.740027015719063e-05,0.44114239531291766
somali,dominance_mean,2007,0.41360513886984485,10,0.0943307409474413,0.0058017649271676465,-11.197198048585381,0.8348376996014124,5.740027015719063e-05,0.44694416024008454
somali,dominance_mean,2008,0.5320854541809851,15,0.16328163883784852,0.0058017649271676465,-11.197198048585381,0.8348376996014124,5.740027015719063e-05,0.4527459251672532
somali,dominance_mean,2009,0.4196585714285714,10,0.07271456651643789,0.0058017649271676465,-11.197198048585381,0.8348376996014124,5.740027015719063e-05,0.4585476900944201
somali,dominance_mean,2011,0.4904672423245614,8,0.1493965464654408,0.0058017649271676465,-11.197198048585381,0.8348376996014124,5.740027015719063e-05,0.47015121994875564
somali,dominance_mean,2013,0.4514172305660108,13,0.11707534928305748,0.0058017649271676465,-11.197198048585381,0.8348376996014124,5.740027015719063e-05,0.4817547498030912
somali,dominance_mean,2014,0.4459024138069533,20,0.1212598572217299,0.0058017649271676465,-11.197198048585381,0.8348376996014124,5.740027015719063e-05,0.4875565147302581
somali,dominance_mean,2015,0.5006457167832168,22,0.14475259628051138,0.0058017649271676465,-11.197198048585381,0.8348376996014124,5.740027015719063e-05,0.49335827965742673
somali,dominance_mean,2016,0.5590356261022928,9,0.12899076498452633,0.0058017649271676465,-11.197198048585381,0.8348376996014124,5.740027015719063e-05,0.4991600445845936
estonian,valence_mean,2000,0.3159009551392156,3,0.08544091873314835,-0.0011089578590147168,2.440471178872842,-0.06328077765223057,0.8450984558939799,0.22255546084340816
estonian,valence_mean,2004,0.18607621983333325,3,0.12259159426343827,-0.0011089578590147168,2.440471178872842,-0.06328077765223057,0.8450984558939799,0.21811962940734952
estonian,valence_mean,2005,0.15517791343749995,4,0.12569219592753342,-0.0011089578590147168,2.440471178872842,-0.06328077765223057,0.8450984558939799,0.21701067154833487
estonian,valence_mean,2008,0.11999888714285711,7,0.07053056839566699,-0.0011089578590147168,2.440471178872842,-0.06328077765223057,0.8450984558939799,0.21368379797129045
estonian,valence_mean,2009,0.14307687025,20,0.08030905682882654,-0.0011089578590147168,2.440471178872842,-0.06328077765223057,0.8450984558939799,0.2125748401122758
estonian,valence_mean,2010,0.1822340553095238,14,0.0630517058755811,-0.0011089578590147168,2.440471178872842,-0.06328077765223057,0.8450984558939799,0.21146588225326113
estonian,valence_mean,2011,0.24711254805860808,13,0.13134706371390711,-0.0011089578590147168,2.440471178872842,-0.06328077765223057,0.8450984558939799,0.21035692439424647
estonian,valence_mean,2012,0.41529671452380945,4,0.34488190628608784,-0.0011089578590147168,2.440471178872842,-0.06328077765223057,0.8450984558939799,0.2092479665352318
estonian,valence_mean,2013,0.17677973,3,0.012720640124249902,-0.0011089578590147168,2.440471178872842,-0.06328077765223057,0.8450984558939799,0.20813900867621715
estonian,valence_mean,2014,0.2610372038383838,9,0.11434077348225775,-0.0011089578590147168,2.440471178872842,-0.06328077765223057,0.8450984558939799,0.20703005081720205
estonian,valence_mean,2015,0.16652089536866532,47,0.09055477578448452,-0.0011089578590147168,2.440471178872842,-0.06328077765223057,0.8450984558939799,0.2059210929581874
estonian,valence_mean,2016,0.1717054677142857,30,0.05422303813275448,-0.0011089578590147168,2.440471178872842,-0.06328077765223057,0.8450984558939799,0.20481213509917273
estonian,arousal_mean,2000,0.3134482003921569,3,0.044659432188832775,-0.008419913680135416,17.078813700420117,-0.42932889702610777,0.16368085177426211,0.23898634014928533
estonian,arousal_mean,2004,0.09097526166666663,3,0.05291466324427392,-0.008419913680135416,17.078813700420117,-0.42932889702610777,0.16368085177426211,0.20530668542874153
estonian,arousal_mean,2005,0.21405401662499998,4,0.13058251071085905,-0.008419913680135416,17.078813700420117,-0.42932889702610777,0.16368085177426211,0.19688677174860914
estonian,arousal_mean,2008,0.17644725785714283,7,0.1993297260596314,-0.008419913680135416,17.078813700420117,-0.42932889702610777,0.16368085177426211,0.1716270307082013
estonian,arousal_mean,2009,0.06026517391666664,20,0.05078734885732061,-0.008419913680135416,17.078813700420117,-0.42932889702610777,0.16368085177426211,0.16320711702806534
estonian,arousal_mean,2010,0.09464016257312924,14,0.10371384204672746,-0.008419913680135416,17.078813700420117,-0.42932889702610777,0.16368085177426211,0.1547872033479294
estonian,arousal_mean,2011,0.1729770501921245,13,0.13282837438629047,-0.008419913680135416,17.078813700420117,-0.42932889702610777,0.16368085177426211,0.14636728966779344
estonian,arousal_mean,2012,0.3287151435714286,4,0.2153598583340839,-0.008419913680135416,17.078813700420117,-0.42932889702610777,0.16368085177426211,0.13794737598766105
estonian,arousal_mean,2013,0.20487233333333324,3,0.07560426312424584,-0.008419913680135416,17.078813700420117,-0.42932889702610777,0.16368085177426211,0.1295274623075251
estonian,arousal_mean,2014,0.09724925712289559,9,0.06087637534765991,-0.008419913680135416,17.078813700420117,-0.42932889702610777,0.16368085177426211,0.12110754862738915
estonian,arousal_mean,2015,0.07291138877790056,47,0.06996621986033227,-0.008419913680135416,17.078813700420117,-0.42932889702610777,0.16368085177426211,0.1126876349472532
estonian,arousal_mean,2016,0.05615093518714284,30,0.05384618590778904,-0.008419913680135416,17.078813700420117,-0.42932889702610777,0.16368085177426211,0.10426772126711725
estonian,dominance_mean,2000,0.398156862745098,3,0.024112864183802048,-0.0021383978749519982,4.731148484854672,-0.2304512748025693,0.47116082827071215,0.4543527349506755
estonian,dominance_mean,2004,0.4701666666666667,3,0.09214978748392932,-0.0021383978749519982,4.731148484854672,-0.2304512748025693,0.47116082827071215,0.44579914345086724
estonian,dominance_mean,2005,0.512375,4,0.16322345368645194,-0.0021383978749519982,4.731148484854672,-0.2304512748025693,0.47116082827071215,0.44366074557591606
estonian,dominance_mean,2008,0.42424999999999996,7,0.2050871257945429,-0.0021383978749519982,4.731148484854672,-0.2304512748025693,0.47116082827071215,0.43724555195105985
estonian,dominance_mean,2009,0.40026,20,0.09395263308262251,-0.0021383978749519982,4.731148484854672,-0.2304512748025693,0.47116082827071215,0.4351071540761078
estonian,dominance_mean,2010,0.4310445578231293,14,0.08583479677682575,-0.0021383978749519982,4.731148484854672,-0.2304512748025693,0.47116082827071215,0.4329687562011557
estonian,dominance_mean,2011,0.41225164835164835,13,0.09704538414031276,-0.0021383978749519982,4.731148484854672,-0.2304512748025693,0.47116082827071215,0.43083035832620364
estonian,dominance_mean,2012,0.49645833333333333,4,0.12004747324843343,-0.0021383978749519982,4.731148484854672,-0.2304512748025693,0.47116082827071215,0.4286919604512516
estonian,dominance_mean,2013,0.47800000000000004,3,0.13856406460551018,-0.0021383978749519982,4.731148484854672,-0.2304512748025693,0.47116082827071215,0.4265535625762995
estonian,dominance_mean,2014,0.3710181818181818,9,0.07606539899199888,-0.0021383978749519982,4.731148484854672,-0.2304512748025693,0.47116082827071215,0.42441516470134744
estonian,dominance_mean,2015,0.40686604111019004,47,0.06131515843925398,-0.0021383978749519982,4.731148484854672,-0.2304512748025693,0.47116082827071215,0.42227676682639537
estonian,dominance_mean,2016,0.40119297619047617,30,0.08477183548121656,-0.0021383978749519982,4.731148484854672,-0.2304512748025693,0.47116082827071215,0.4201383689514433
welsh,valence_mean,1991,0.2900330077777777,6,0.021024233102041493,-0.002239428728276788,4.69305576952617,-0.17863087883477619,0.5080230332586931,0.23435317152708457
welsh,valence_mean,1996,0.3163188266666666,3,0.0,-0.002239428728276788,4.69305576952617,-0.17863087883477619,0.5080230332586931,0.2231560278857012
welsh,valence_mean,1998,0.27691736922830634,4,0.31623524132321057,-0.002239428728276788,4.69305576952617,-0.17863087883477619,0.5080230332586931,0.2186771704291477
welsh,valence_mean,1999,0.17438485138333334,3,0.010017370203102454,-0.002239428728276788,4.69305576952617,-0.17863087883477619,0.5080230332586931,0.2164377417008705
welsh,valence_mean,2002,0.07061176416666663,6,0.10726351622554589,-0.002239428728276788,4.69305576952617,-0.17863087883477619,0.5080230332586931,0.20971945551603977
welsh,valence_mean,2004,0.1516708835306122,7,0.14468118876931577,-0.002239428728276788,4.69305576952617,-0.17863087883477619,0.5080230332586931,0.20524059805948625
welsh,valence_mean,2005,0.08328758833333333,9,0.11376711473805724,-0.002239428728276788,4.69305576952617,-0.17863087883477619,0.5080230332586931,0.20300116933120993
welsh,valence_mean,2006,0.2126192499810606,8,0.24534657824548095,-0.002239428728276788,4.69305576952617,-0.17863087883477619,0.5080230332586931,0.20076174060293273
welsh,valence_mean,2007,0.05130154111111106,9,0.13977640952077702,-0.002239428728276788,4.69305576952617,-0.17863087883477619,0.5080230332586931,0.1985223118746564
welsh,valence_mean,2008,0.2706407062653846,10,0.24567026034083406,-0.002239428728276788,4.69305576952617,-0.17863087883477619,0.5080230332586931,0.1962828831463792
welsh,valence_mean,2009,0.22587830677777773,15,0.15223071424134366,-0.002239428728276788,4.69305576952617,-0.17863087883477619,0.5080230332586931,0.1940434544181029
welsh,valence_mean,2010,0.24389479921052626,14,0.2384215838313162,-0.002239428728276788,4.69305576952617,-0.17863087883477619,0.5080230332586931,0.19180402568982569
welsh,valence_mean,2011,0.20242437333333332,3,0.058583246840445205,-0.002239428728276788,4.69305576952617,-0.17863087883477619,0.5080230332586931,0.18956459696154937
welsh,valence_mean,2013,0.32151190599999996,5,0.25309694039871744,-0.002239428728276788,4.69305576952617,-0.17863087883477619,0.5080230332586931,0.18508573950499585
welsh,valence_mean,2014,0.12879198638830164,11,0.18898548894427775,-0.002239428728276788,4.69305576952617,-0.17863087883477619,0.5080230332586931,0.18284631077671865
welsh,valence_mean,2015,0.20981611931894606,17,0.20390075865662782,-0.002239428728276788,4.69305576952617,-0.17863087883477619,0.5080230332586931,0.18060688204844233
welsh,arousal_mean,1991,0.1611288683333333,6,0.025043048324954707,0.004542224478192092,-8.965839632221712,0.3018947280005452,0.25579290624078654,0.07772930385874233
welsh,arousal_mean,1996,-0.024264231666666598,3,0.0,0.004542224478192092,-8.965839632221712,0.3018947280005452,0.25579290624078654,0.10044042624970295
welsh,arousal_mean,1998,0.09982116113560748,4,0.24732709506045777,0.004542224478192092,-8.965839632221712,0.3018947280005452,0.25579290624078654,0.10952487520608756
welsh,arousal_mean,1999,0.15196509000000005,3,0.3076154796797508,0.004542224478192092,-8.965839632221712,0.3018947280005452,0.25579290624078654,0.11406709968427897
welsh,arousal_mean,2002,0.07979653666666667,6,0.08898944494095397,0.004542224478192092,-8.965839632221712,0.3018947280005452,0.25579290624078654,0.127693773118855
welsh,arousal_mean,2004,0.14841034242857137,7,0.11731175265323542,0.004542224478192092,-8.965839632221712,0.3018947280005452,0.25579290624078654,0.1367782220752396
welsh,arousal_mean,2005,0.03782726703703701,9,0.14632384929672318,0.004542224478192092,-8.965839632221712,0.3018947280005452,0.25579290624078654,0.1413204465534328
welsh,arousal_mean,2006,0.21832491837689388,8,0.15630957157114256,0.004542224478192092,-8.965839632221712,0.3018947280005452,0.25579290624078654,0.1458626710316242
welsh,arousal_mean,2007,0.1336352298333333,9,0.14760448249535363,0.004542224478192092,-8.965839632221712,0.3018947280005452,0.25579290624078654,0.15040489550981562
welsh,arousal_mean,2008,0.26529705877692306,10,0.1312463170696968,0.004542224478192092,-8.965839632221712,0.3018947280005452,0.25579290624078654,0.1549471199880088
welsh,arousal_mean,2009,0.21698434319999998,15,0.18469016177516062,0.004542224478192092,-8.965839632221712,0.3018947280005452,0.25579290624078654,0.15948934446620022
welsh,arousal_mean,2010,0.2005918156954887,14,0.22798542294512392,0.004542224478192092,-8.965839632221712,0.3018947280005452,0.25579290624078654,0.1640315689443934
welsh,arousal_mean,2011,-0.0029244372222221662,3,0.039338948970539155,0.004542224478192092,-8.965839632221712,0.3018947280005452,0.25579290624078654,0.16857379342258483
welsh,arousal_mean,2013,0.38779226299999997,5,0.4024090524168643,0.004542224478192092,-8.965839632221712,0.3018947280005452,0.25579290624078654,0.17765824237896943
welsh,arousal_mean,2014,0.08573844214117922,11,0.13128190197385498,0.004542224478192092,-8.965839632221712,0.3018947280005452,0.25579290624078654,0.18220046685716085
welsh,arousal_mean,2015,0.13734027294428874,17,0.13864929989342556,0.004542224478192092,-8.965839632221712,0.3018947280005452,0.25579290624078654,0.18674269133535226
welsh,dominance_mean,1991,0.4903888888888888,6,0.0039464001411506945,-0.0015940655271760818,3.6720575116286995,-0.21818235888045037,0.4169144340951283,0.4982730470211205
welsh,dominance_mean,1996,0.5073333333333333,3,0.0,-0.0015940655271760818,3.6720575116286995,-0.21818235888045037,0.4169144340951283,0.49030271938524006
welsh,dominance_mean,1998,0.4983392181660743,4,0.04023375212345281,-0.0015940655271760818,3.6720575116286995,-0.21818235888045037,0.4169144340951283,0.48711458833088805
welsh,dominance_mean,1999,0.5091999999999999,3,0.18429020592532858,-0.0015940655271760818,3.6720575116286995,-0.21818235888045037,0.4169144340951283,0.48552052280371205
welsh,dominance_mean,2002,0.4213452380952381,6,0.07906525871743177,-0.0015940655271760818,3.6720575116286995,-0.21818235888045037,0.4169144340951283,0.4807383262221836
welsh,dominance_mean,2004,0.4944374149659864,7,0.11125157943212273,-0.0015940655271760818,3.6720575116286995,-0.21818235888045037,0.4169144340951283,0.4775501951678316
welsh,dominance_mean,2005,0.4268416666666666,9,0.08580761912557647,-0.0015940655271760818,3.6720575116286995,-0.21818235888045037,0.4169144340951283,0.4759561296406556
welsh,dominance_mean,2006,0.5307912878787878,8,0.2217799160654071,-0.0015940655271760818,3.6720575116286995,-0.21818235888045037,0.4169144340951283,0.47436206411347914
welsh,dominance_mean,2007,0.42556666666666665,9,0.15517718098998964,-0.0015940655271760818,3.6720575116286995,-0.21818235888045037,0.4169144340951283,0.47276799858630314
welsh,dominance_mean,2008,0.5459011538461539,10,0.17457171845722458,-0.0015940655271760818,3.6720575116286995,-0.21818235888045037,0.4169144340951283,0.47117393305912714
welsh,dominance_mean,2009,0.4565666666666666,15,0.06327056883695913,-0.0015940655271760818,3.6720575116286995,-0.21818235888045037,0.4169144340951283,0.46957986753195113
welsh,dominance_mean,2010,0.43533928571428576,14,0.14069010112961328,-0.0015940655271760818,3.6720575116286995,-0.21818235888045037,0.4169144340951283,0.46798580200477513
welsh,dominance_mean,2011,0.44764444444444434,3,0.07767285621497774,-0.0015940655271760818,3.6720575116286995,-0.21818235888045037,0.4169144340951283,0.46639173647759913
welsh,dominance_mean,2013,0.5277999999999998,5,0.18610803314204352,-0.0015940655271760818,3.6720575116286995,-0.21818235888045037,0.4169144340951283,0.4632036054232467
welsh,dominance_mean,2014,0.3688179469109701,11,0.1143295786797782,-0.0015940655271760818,3.6720575116286995,-0.21818235888045037,0.4169144340951283,0.4616095398960707
welsh,dominance_mean,2015,0.5162323377889168,17,0.13204282659041827,-0.0015940655271760818,3.6720575116286995,-0.21818235888045037,0.4169144340951283,0.4600154743688947
swahili,valence_mean,1999,0.348505143875,4,0.18434953129876544,-0.004501596892679114,9.338487098978453,-0.3787051437024621,0.16392971741366613,0.33979491051290367
swahili,valence_mean,2001,0.21485465207142856,5,0.06427386923350611,-0.004501596892679114,9.338487098978453,-0.3787051437024621,0.16392971741366613,0.33079171672754626
swahili,valence_mean,2003,0.3213174442128205,5,0.04907000583477521,-0.004501596892679114,9.338487098978453,-0.3787051437024621,0.16392971741366613,0.32178852294218707
swahili,valence_mean,2005,0.35513047319294294,6,0.04235038026849858,-0.004501596892679114,9.338487098978453,-0.3787051437024621,0.16392971741366613,0.31278532915682966
swahili,valence_mean,2006,0.36620318162662335,8,0.23756407759165352,-0.004501596892679114,9.338487098978453,-0.3787051437024621,0.16392971741366613,0.30828373226415096
swahili,valence_mean,2007,0.3517976488571428,5,0.10881584899549405,-0.004501596892679114,9.338487098978453,-0.3787051437024621,0.16392971741366613,0.3037821353714705
swahili,valence_mean,2008,0.2721187508738272,9,0.06937247796211747,-0.004501596892679114,9.338487098978453,-0.3787051437024621,0.16392971741366613,0.29928053847879177
swahili,valence_mean,2009,0.29072232054641683,17,0.18480270094901355,-0.004501596892679114,9.338487098978453,-0.3787051437024621,0.16392971741366613,0.29477894158611306
swahili,valence_mean,2010,0.3044506627935294,10,0.18456139461854507,-0.004501596892679114,9.338487098978453,-0.3787051437024621,0.16392971741366613,0.29027734469343436
swahili,valence_mean,2011,0.301651279375,4,0.014674279026507586,-0.004501596892679114,9.338487098978453,-0.3787051437024621,0.16392971741366613,0.28577574780075565
swahili,valence_mean,2012,0.2851133947777778,3,0.05869722946937262,-0.004501596892679114,9.338487098978453,-0.3787051437024621,0.16392971741366613,0.28127415090807517
swahili,valence_mean,2013,0.28851819366190473,5,0.27380572537558356,-0.004501596892679114,9.338487098978453,-0.3787051437024621,0.16392971741366613,0.27677255401539647
swahili,valence_mean,2014,0.3557542041025641,3,0.06779261359723583,-0.004501596892679114,9.338487098978453,-0.3787051437024621,0.16392971741366613,0.27227095712271776
swahili,valence_mean,2015,0.25145738027261905,8,0.06355318524161042,-0.004501596892679114,9.338487098978453,-0.3787051437024621,0.16392971741366613,0.26776936023003906
swahili,valence_mean,2016,0.14109897490816323,7,0.06973982679228888,-0.004501596892679114,9.338487098978453,-0.3787051437024621,0.16392971741366613,0.2632677633373586
swahili,arousal_mean,1999,0.21118993374999998,4,0.047286474315238476,0.0005249592130115524,-0.8882851807569903,0.043459712534374216,0.8777771662451241,0.161108286053103
swahili,arousal_mean,2001,0.09164073799999994,5,0.052193793411985115,0.0005249592130115524,-0.8882851807569903,0.043459712534374216,0.8777771662451241,0.1621582044791261
swahili,arousal_mean,2003,0.09850824612820504,5,0.058312452792086654,0.0005249592130115524,-0.8882851807569903,0.043459712534374216,0.8777771662451241,0.1632081229051492
swahili,arousal_mean,2005,0.15133262697447436,6,0.043071042497763085,0.0005249592130115524,-0.8882851807569903,0.043459712534374216,0.8777771662451241,0.16425804133117228
swahili,arousal_mean,2006,0.3345204066412337,8,0.2270522091149334,0.0005249592130115524,-0.8882851807569903,0.043459712534374216,0.8777771662451241,0.1647830005441837
swahili,arousal_mean,2007,0.14469308641428566,5,0.0410396476165568,0.0005249592130115524,-0.8882851807569903,0.043459712534374216,0.8777771662451241,0.16530795975719537
swahili,arousal_mean,2008,0.14484506536049377,9,0.09397093427136449,0.0005249592130115524,-0.8882851807569903,0.043459712534374216,0.8777771662451241,0.16583291897020702
swahili,arousal_mean,2009,0.16047319797804,17,0.16335303682689933,0.0005249592130115524,-0.8882851807569903,0.043459712534374216,0.8777771662451241,0.16635787818321845
swahili,arousal_mean,2010,0.19134569958109238,10,0.1367254579093212,0.0005249592130115524,-0.8882851807569903,0.043459712534374216,0.8777771662451241,0.1668828373962301
swahili,arousal_mean,2011,0.10439301249999992,4,0.03675842791221724,0.0005249592130115524,-0.8882851807569903,0.043459712534374216,0.8777771662451241,0.16740779660924154
swahili,arousal_mean,2012,0.125316974537037,3,0.045292659436352106,0.0005249592130115524,-0.8882851807569903,0.043459712534374216,0.8777771662451241,0.1679327558222532
swahili,arousal_mean,2013,0.2391220852619047,5,0.13208386558227858,0.0005249592130115524,-0.8882851807569903,0.043459712534374216,0.8777771662451241,0.16845771503526463
swahili,arousal_mean,2014,0.17271849089743588,3,0.052253996785427845,0.0005249592130115524,-0.8882851807569903,0.043459712534374216,0.8777771662451241,0.1689826742482763
swahili,arousal_mean,2015,0.17571009385416658,8,0.04675582251877631,0.0005249592130115524,-0.8882851807569903,0.043459712534374216,0.8777771662451241,0.16950763346128772
swahili,arousal_mean,2016,0.1464087595918367,7,0.04253455052601621,0.0005249592130115524,-0.8882851807569903,0.043459712534374216,0.8777771662451241,0.17003259267429938
swahili,dominance_mean,1999,0.5148125,4,0.08067872886744477,-0.0031921463214513676,6.88893723115401,-0.36441566980354834,0.18174270589759092,0.5078367345727264
swahili,dominance_mean,2001,0.4479800000000001,5,0.1108668210061063,-0.0031921463214513676,6.88893723115401,-0.36441566980354834,0.18174270589759092,0.5014524419298239
swahili,dominance_mean,2003,0.5218424358974358,5,0.14288126977280893,-0.0031921463214513676,6.88893723115401,-0.36441566980354834,0.18174270589759092,0.49506814928692044
swahili,dominance_mean,2005,0.47810510510510507,6,0.1346172426483118,-0.0031921463214513676,6.88893723115401,-0.36441566980354834,0.18174270589759092,0.4886838566440179
swahili,dominance_mean,2006,0.507481737012987,8,0.153301980099511,-0.0031921463214513676,6.88893723115401,-0.36441566980354834,0.18174270589759092,0.48549171032256666
swahili,dominance_mean,2007,0.4850428571428571,5,0.1523421029345814,-0.0031921463214513676,6.88893723115401,-0.36441566980354834,0.18174270589759092,0.4822995640011154
swahili,dominance_mean,2008,0.46647962962962963,9,0.11969393207904569,-0.0031921463214513676,6.88893723115401,-0.36441566980354834,0.18174270589759092,0.47910741767966414
swahili,dominance_mean,2009,0.4401393423398067,17,0.12981383920708917,-0.0031921463214513676,6.88893723115401,-0.36441566980354834,0.18174270589759092,0.4759152713582129
swahili,dominance_mean,2010,0.5362706722689076,10,0.15063571101841883,-0.0031921463214513676,6.88893723115401,-0.36441566980354834,0.18174270589759092,0.4727231250367616
swahili,dominance_mean,2011,0.5135000000000001,4,0.06101639124038721,-0.0031921463214513676,6.88893723115401,-0.36441566980354834,0.18174270589759092,0.46953097871530947
swahili,dominance_mean,2012,0.5263703703703703,3,0.1489652098473197,-0.0031921463214513676,6.88893723115401,-0.36441566980354834,0.18174270589759092,0.4663388323938582
swahili,dominance_mean,2013,0.3772028571428572,5,0.14849429536215203,-0.0031921463214513676,6.88893723115401,-0.36441566980354834,0.18174270589759092,0.46314668607240694
swahili,dominance_mean,2014,0.43598717948717947,3,0.11884460002303475,-0.0031921463214513676,6.88893723115401,-0.36441566980354834,0.18174270589759092,0.4599545397509557
swahili,dominance_mean,2015,0.47993511904761904,8,0.10001769392984612,-0.0031921463214513676,6.88893723115401,-0.36441566980354834,0.18174270589759092,0.4567623934295044
swahili,dominance_mean,2016,0.4267321428571429,7,0.047623984491110424,-0.0031921463214513676,6.88893723115401,-0.36441566980354834,0.18174270589759092,0.45357024710805316
albanian,valence_mean,2005,0.20451151738095238,3,0.10868074133058597,0.007022847488329938,-13.861860382139284,0.41032354554618045,0.49261449872115637,0.21894883196224058
albanian,valence_mean,2008,0.251746033,5,0.11504024795053401,0.007022847488329938,-13.861860382139284,0.41032354554618045,0.49261449872115637,0.24001737442723048
albanian,valence_mean,2014,0.2558588729167522,22,0.07652154653810736,0.007022847488329938,-13.861860382139284,0.41032354554618045,0.49261449872115637,0.2821544593572103
albanian,valence_mean,2015,0.4067496715384616,3,0.01321384758726565,0.007022847488329938,-13.861860382139284,0.41032354554618045,0.49261449872115637,0.28917730684554144
albanian,valence_mean,2016,0.207632032089923,27,0.0679464986338256,0.007022847488329938,-13.861860382139284,0.41032354554618045,0.49261449872115637,0.2962001543338708
albanian,arousal_mean,2005,0.11633817952380948,3,0.08722654979108953,0.0034845570238886863,-6.852160082920127,0.488649987028102,0.4035642733157172,0.13437674997668836
albanian,arousal_mean,2008,0.1660493557999999,5,0.04245245533292096,0.0034845570238886863,-6.852160082920127,0.488649987028102,0.4035642733157172,0.14483042104835508
albanian,arousal_mean,2014,0.16093466963628933,22,0.04908485534047199,0.0034845570238886863,-6.852160082920127,0.488649987028102,0.4035642733157172,0.16573776319168676
albanian,arousal_mean,2015,0.2075013042948718,3,0.07087005320410271,0.0034845570238886863,-6.852160082920127,0.488649987028102,0.4035642733157172,0.16922232021557537
albanian,arousal_mean,2016,0.13605062241679758,27,0.06941813013317825,0.0034845570238886863,-6.852160082920127,0.488649987028102,0.4035642733157172,0.17270687723946399
albanian,dominance_mean,2005,0.4106666666666667,3,0.10299676370320249,0.007198724320700804,-14.0130592702437,0.7796275355361432,0.11999571149043599,0.42038299276141267
albanian,dominance_mean,2008,0.4519500000000001,5,0.13388276899337467,0.007198724320700804,-14.0130592702437,0.7796275355361432,0.11999571149043599,0.4419791657235148
albanian,dominance_mean,2014,0.4781630860470622,22,0.08891529888628184,0.007198724320700804,-14.0130592702437,0.7796275355361432,0.11999571149043599,0.4851715116477191
albanian,dominance_mean,2015,0.5334999999999998,3,0.025114736709748783,0.007198724320700804,-14.0130592702437,0.7796275355361432,0.11999571149043599,0.4923702359684192
albanian,dominance_mean,2016,0.465193113676447,27,0.07984519656720648,0.007198724320700804,-14.0130592702437,0.7796275355361432,0.11999571149043599,0.4995689602891211
