umap_x,umap_y,kmeans_cluster
10.778316,1.7766632,9
10.552241,14.301542,2
7.024863,11.780025,2
0.91868955,11.679509,5
5.5206723,12.6208725,2
12.457396,15.540669,2
10.929331,2.9028323,1
13.7648535,-1.1568846,4
16.65935,0.9698284,7
5.8799114,4.604535,1
13.534516,1.1490695,9
7.492434,-2.53123,3
10.637738,2.1933668,1
8.531688,2.0954204,1
13.336729,6.7513304,0
15.911454,5.6249394,9
8.432887,2.3244548,1
-10.634007,-1.1904204,5
12.244824,1.1075016,9
0.8494193,12.240085,5
-10.064789,-0.40128177,5
6.1241693,10.206676,8
13.392137,11.59416,0
3.0881622,4.8999524,8
9.148605,9.175336,0
5.2120743,14.331584,2
5.372938,9.570537,8
12.513625,13.39399,0
5.913102,2.5576396,1
14.805599,14.468644,2
11.745367,0.6893856,4
6.12809,2.4338343,1
11.805395,10.330405,0
14.766687,9.215985,0
7.2000003,14.54385,2
12.737242,11.543445,0
0.43604383,13.703532,5
13.436946,9.858927,0
4.1529007,14.829148,5
8.356906,13.756481,2
3.004316,9.099159,8
11.10558,1.4278492,1
7.8460383,14.890042,2
10.307741,-3.774081,3
4.9129586,0.60619515,6
8.008707,2.9908924,1
-10.677838,-0.65446794,5
6.275645,14.977781,2
2.3572826,12.500205,5
14.166955,13.355091,0
16.949356,2.0587282,7
8.532768,5.6683855,1
7.884678,11.045036,2
1.6562504,13.238681,5
1.1937073,6.732484,8
5.94977,7.911522,8
-11.021052,-1.3366139,5
6.316318,15.866082,2
17.316525,1.5814716,7
11.114071,2.629337,1
1.6329188,12.018504,5
15.742797,2.0727715,9
18.947088,5.943836,7
5.5312376,11.088678,8
3.8353608,5.113122,8
11.513686,3.147545,1
4.807386,11.183485,8
7.4632063,13.447575,2
14.862683,6.002407,9
3.0745864,7.897781,8
8.792863,15.248587,2
15.400736,5.5275497,9
16.825018,5.2088823,9
-10.737917,-1.2626271,5
15.030415,3.6645617,9
4.1279197,13.446677,5
15.759256,10.287232,0
8.798347,10.194163,2
2.1492863,9.409309,8
7.505812,-2.4885032,3
1.1453594,14.410592,5
16.902237,0.47910318,7
17.20436,2.1505868,7
7.959812,10.438938,2
15.162277,2.246684,9
6.4546876,4.9835744,1
15.259425,12.506692,0
-9.973802,-0.54385465,5
-11.166809,-0.9403318,5
9.568629,3.1632862,1
6.518191,10.705885,8
-0.04979327,11.439195,5
5.729107,2.2995498,1
-10.561072,-0.8736049,5
17.315681,6.2595763,9
11.305548,9.640614,0
10.802518,13.190684,2
-11.190897,-0.48336712,5
5.970483,14.632704,2
8.5319605,2.0898452,1
11.761633,2.8570895,9
8.391844,-2.0351682,4
8.9623995,2.5642552,1
4.9750996,-0.16507824,6
9.511149,8.330009,0
4.735883,4.5014234,1
16.83285,11.418104,0
9.331153,5.7071147,1
9.220741,3.5813746,1
11.322937,8.795437,0
8.121972,2.7873166,1
11.382363,3.221152,9
10.177233,6.7905498,0
12.4560375,-0.437839,4
15.890041,6.104996,9
12.145386,3.312348,9
14.721403,14.259712,0
6.07536,1.2419201,1
8.974521,5.8656855,1
7.266319,10.33144,8
10.744108,5.0696254,1
16.104153,12.33361,0
10.179923,10.248441,0
9.674402,0.8061406,1
16.56403,4.401058,9
3.7005053,10.769552,8
5.70571,11.733521,8
10.074128,-0.3370504,4
8.006885,13.42779,2
13.878397,11.178597,0
12.029413,4.9910026,9
5.422874,3.0141296,1
17.956299,5.695545,7
12.926452,7.350002,0
2.829503,11.518937,5
5.4435143,6.8150916,8
12.460988,6.3810067,0
11.689939,10.1004925,0
16.96899,10.98421,0
7.3346224,9.87191,8
12.633294,14.5376,2
9.063242,12.276153,2
0.218521,10.185865,5
14.197639,-1.0806289,4
7.90821,6.65565,1
12.250266,13.696078,2
3.5682473,2.402707,6
10.36631,14.464073,2
5.763906,15.465936,2
3.875491,1.8405195,6
1.4421424,13.297821,5
3.7138824,10.345091,8
3.9175668,3.3146534,1
9.324745,15.220924,2
8.5655775,12.646286,2
9.581833,3.9757562,1
-10.27071,-0.23519708,5
9.517096,12.03819,2
6.914584,7.1041775,8
3.515135,15.061914,5
7.5401254,8.691993,8
0.18921262,10.393492,5
14.154383,6.3654504,9
9.2677,-0.5915385,4
16.603529,9.554406,0
11.507518,14.944692,2
7.758175,11.368746,2
-10.635415,-0.21038963,5
7.608547,8.7502365,8
3.6692042,5.4808445,8
18.837582,5.9480066,7
9.012451,-0.21542037,4
12.943699,0.80658823,4
10.840711,3.7252562,1
5.8106923,15.595,2
16.308718,10.674618,0
8.512315,9.720688,2
4.3625913,2.9910126,1
14.7619295,2.6762931,9
-10.839318,-0.5110258,5
14.529675,9.77298,0
9.652689,4.733652,1
3.715476,7.5093412,8
8.652095,12.397856,2
9.471122,2.6063752,1
2.1333756,8.962052,8
12.890243,1.2036943,9
3.574701,12.0695305,8
4.04803,14.095173,5
10.8690195,9.107268,0
3.2184732,14.050723,5
5.4921827,13.276453,2
4.6930623,15.510029,5
3.1993344,2.7783442,6
15.741039,9.807738,0
8.013466,12.479717,2
7.424894,4.365867,1
-10.456823,-0.21822837,5
9.213649,15.552913,2
13.759378,6.113063,9
11.69821,13.431277,2
3.8316648,5.7032647,8
13.527228,14.175634,0
4.1220636,12.910298,5
5.123901,-0.64364254,6
2.9091492,14.786565,5
4.0227346,8.21197,8
3.2738092,3.0698085,6
15.538568,2.7210681,9
14.244897,7.369537,0
11.616503,0.33324814,4
3.77901,14.190375,5
7.917995,15.591306,2
8.323198,1.2906997,1
3.5236056,7.323208,8
2.2722318,7.1939483,8
10.235376,4.620122,1
13.510573,11.883978,0
3.0274017,2.956004,6
5.850136,8.317726,8
9.199229,6.231106,1
5.842896,4.108002,1
17.40513,2.8325865,7
17.322624,0.9620473,7
11.727767,9.464148,0
17.655123,2.1047754,7
9.374747,8.609813,0
5.263465,9.090821,8
6.946208,16.438211,2
13.08349,8.902743,0
2.725041,5.8962917,8
4.670636,6.290734,8
4.955432,11.61365,8
7.3187876,3.6423566,1
10.140123,6.5714493,1
10.365876,16.003937,2
4.2578225,15.774632,5
6.218776,9.921802,8
13.883104,5.736351,9
1.5085998,13.09876,5
5.712618,12.360129,2
-10.930331,-0.8256574,5
15.409492,11.709749,0
6.775838,2.8802178,1
12.322402,3.9599051,9
1.4844644,8.404528,8
7.051335,3.658645,1
9.650405,10.533469,2
16.94726,4.8242016,9
1.3584267,12.751299,5
4.069807,8.693848,8
14.454138,7.3411756,0
9.127282,-0.42793015,4
5.424319,6.5679464,8
11.273513,-0.8575027,4
17.423496,9.45971,0
11.101804,7.0301933,0
6.1006,11.342406,2
11.138391,5.36252,1
3.072109,7.0803466,8
11.171544,14.035516,2
7.551879,7.7763686,8
6.710783,6.2894073,1
16.02305,12.105694,0
14.107008,10.63729,0
8.620819,-1.5352788,4
12.626491,8.776714,0
5.8342633,13.920398,2
6.0821643,3.5462825,1
9.635584,11.842684,2
8.012842,14.200692,2
3.7581012,13.482625,2
8.221779,4.7836466,1
7.4837904,14.978143,2
3.8174412,10.322249,8
9.330437,12.60563,2
11.046737,8.902246,0
3.459941,8.476102,8
2.4746873,11.133395,8
9.026588,15.80249,2
6.8659906,2.1835792,1
12.155807,10.0968685,0
8.403954,11.965564,2
16.891224,2.6752849,7
3.7021346,2.4920392,6
5.1800523,8.981971,8
15.2763,9.91801,0
5.057063,0.0568782,6
3.3703954,9.60443,8
6.9106627,1.8467011,1
9.412323,4.8210597,1
2.7736528,15.04672,5
13.208964,3.4523783,9
7.8619294,13.893652,2
10.704868,7.6301107,0
6.224779,12.201774,2
4.155736,0.32505855,6
8.697969,5.4276237,1
6.029418,9.132393,8
8.966903,7.530162,1
13.898437,8.269404,0
13.328405,4.4746366,9
6.566924,15.238002,2
12.0226755,8.872843,0
10.479698,1.982151,1
15.455548,1.2707651,9
3.681697,8.3178425,8
5.5658855,11.099938,8
12.504097,4.558876,9
17.074717,9.405918,0
10.770967,12.793341,2
7.58804,3.376724,1
16.50524,6.0771174,9
5.863783,8.101797,8
4.3006477,3.9235613,1
4.9933133,8.691594,8
12.162358,11.913182,0
12.860291,2.5133848,9
0.7469935,7.118536,6
6.0456724,5.04498,1
4.984533,16.095001,5
12.226171,4.9515605,9
11.523701,5.355586,0
13.227595,13.764645,2
15.13913,1.0238361,9
13.801606,10.131162,0
10.539325,10.898822,0
15.417761,4.9056525,9
2.7465646,11.867772,5
12.020255,13.216963,2
8.230385,15.816971,2
10.788631,1.8771722,9
12.970166,3.4210932,9
1.6135972,11.366846,5
10.97416,5.772533,1
12.174136,5.545594,9
5.887883,15.739758,2
4.0315833,10.957589,8
15.895414,11.1962595,0
7.6536827,1.3613117,1
15.187212,13.300244,0
6.5027103,6.1491632,1
1.1519185,9.701659,5
1.9392226,9.181267,8
18.705786,5.3625283,7
9.649474,6.0891705,1
6.0126534,6.2554016,8
11.141764,3.32061,1
11.822583,3.503817,9
13.575116,3.8433213,9
2.700411,14.621216,5
5.775986,14.064364,2
12.024918,11.228867,0
5.180947,2.8345203,6
15.617953,11.765919,0
12.1510935,3.7192678,9
7.401235,-2.2804434,3
1.0837888,8.228947,8
10.1092205,6.3884625,1
-9.965238,-1.0710038,5
10.921227,-2.5878415,4
3.8104982,9.435889,8
5.8573723,4.601128,1
11.990065,7.6511784,0
3.1519275,3.6374593,1
4.684047,11.3832855,8
12.284391,2.960585,9
6.596057,11.317491,2
15.884963,2.3292391,9
8.696731,10.941242,2
6.9564037,-1.0892968,6
1.1187968,7.019445,8
10.704942,7.177486,0
6.453443,9.320856,8
15.4712305,3.7897418,9
0.5377564,11.567567,5
8.300762,15.445857,2
14.58385,4.6685553,9
6.5087037,7.857107,8
9.519781,2.7452407,1
6.655604,4.0282755,1
17.700987,3.1389403,7
16.106651,9.09417,0
10.161119,8.57447,0
16.434769,5.921313,9
8.888954,11.704756,2
1.2663693,7.1193027,8
3.2547286,15.347775,5
2.3818538,6.3423553,8
10.052669,7.632286,0
-10.444155,-1.5073591,5
15.138509,11.896627,0
11.8927765,6.736162,0
-10.984173,-0.8939888,5
16.662422,3.3306577,9
11.66642,13.131095,2
15.964718,5.8807015,9
1.0482758,10.4356365,8
5.8507376,2.326904,1
15.082868,4.0970836,9
2.560839,11.998525,5
8.139367,7.4472537,8
3.094206,9.3631,8
12.567874,8.034821,0
16.436531,4.072508,9
16.807922,11.172219,0
15.654343,4.60915,9
19.418629,4.571048,7
6.9762683,14.615248,2
8.658958,8.732215,8
19.333857,4.22291,7
8.209769,10.629831,2
8.102192,16.602026,2
9.521537,5.3059616,1
6.974521,2.8500745,1
5.6863503,11.570743,8
6.9468994,1.5057478,1
19.097675,2.6291656,7
8.845984,1.2654912,1
6.3651733,8.09343,8
10.327916,13.677964,2
9.56406,1.9211677,1
8.465277,10.023868,8
8.265878,14.376352,2
5.2364116,11.048579,8
8.024743,-2.392227,3
12.647605,14.423913,2
14.058152,11.003685,0
10.1553335,4.8427505,1
10.216358,15.015592,2
16.21326,6.812666,0
9.585782,6.8409953,1
14.666852,2.545695,9
12.404459,8.310755,0
7.565063,0.36420712,1
-10.988776,-1.272376,5
9.693162,8.426833,1
6.5344505,4.45437,1
7.7149944,8.390524,8
11.09589,2.421604,1
8.754295,9.696737,2
13.564052,8.013636,0
12.6051235,5.690551,9
9.279016,6.540438,1
10.65009,8.826044,0
5.8658566,3.307006,1
13.221783,1.9766263,9
2.0290418,10.584846,8
4.9403834,5.0842204,1
3.0224378,9.283399,8
11.89722,7.0387177,0
12.155436,9.12388,0
4.5804195,7.525535,8
5.0189734,9.968824,8
16.465221,11.423987,0
11.538577,1.4980208,9
4.6301055,6.1353035,8
4.159035,9.1333685,8
2.8780603,14.91703,5
-10.324076,-0.72547555,5
13.1704645,11.70677,0
10.424618,11.8051815,2
13.0339985,14.683092,2
13.414673,12.132264,0
16.046738,8.0029,0
5.5063605,3.4045744,1
6.5226355,11.514377,2
9.076659,7.5532002,1
6.6874156,7.856252,8
1.1865289,13.007742,5
9.108851,15.476871,2
8.92083,3.2991526,1
0.23268822,9.520443,5
11.194791,6.7169604,0
6.6384983,13.020313,2
19.012623,6.0455995,7
17.604464,2.8963153,7
2.1605299,9.016476,8
16.904827,10.252202,0
7.2161474,1.2557346,1
5.592855,0.39865732,6
4.800474,-0.087228715,6
6.5008006,5.3247614,1
11.617726,4.621152,1
3.2219653,9.50905,8
8.356166,1.0836529,1
12.518168,9.965662,0
10.135727,2.057747,1
15.087102,7.3611393,0
10.126483,3.5094147,1
7.8052654,7.2594295,1
7.918377,-2.8746698,3
17.682543,6.152792,9
8.534671,8.764367,0
10.387725,6.594633,1
2.3994334,8.680886,8
14.050558,14.677973,2
10.299405,3.1626494,1
6.562677,6.369046,1
16.18484,10.050158,0
12.279877,4.5136476,9
14.902662,6.04764,9
3.3886163,10.790389,8
11.577448,8.9076,0
7.7208076,14.092226,2
5.5639515,9.870882,8
12.047209,7.155603,0
4.462157,10.235992,8
5.360249,11.174139,8
7.91305,1.9035006,1
11.467126,1.7118225,9
12.225965,8.409168,0
9.615273,4.992436,1
9.0310755,7.34016,1
10.318553,3.4976892,1
13.173155,6.662466,0
5.0164104,8.234506,8
6.1615767,16.539436,2
4.9555435,5.9076767,8
7.856903,6.8044276,1
6.9195013,6.41649,1
11.212035,12.450483,2
10.598006,13.371785,2
13.48136,5.245609,9
8.995782,3.9453475,1
12.241433,0.41962534,4
8.581332,1.1838009,1
8.571897,15.090746,2
12.323881,7.296726,0
4.1048613,15.557712,5
4.76569,1.2624818,6
13.926805,13.760104,2
4.4208117,4.691028,8
14.507751,-0.76708287,4
12.807849,13.13536,0
8.222539,12.984574,2
6.5563774,11.559396,2
11.76559,8.82088,0
13.097052,2.7553043,9
15.447928,9.466034,0
12.878372,15.016795,2
15.950103,5.6096725,9
-10.71362,-0.67950267,5
9.372279,-2.3171043,3
11.449514,-0.9097211,4
12.141543,14.941056,2
11.790481,3.8161523,9
11.89809,-2.478763,4
6.7607327,4.609436,1
14.352708,7.4394455,0
-10.0278425,-0.53233266,5
7.420546,16.516815,2
14.97412,13.51448,0
13.830616,13.529734,0
5.064857,4.9260902,1
13.808728,1.2657999,9
9.13465,12.395131,2
11.737675,-2.9823828,4
13.09053,11.142795,0
14.567296,1.9583131,9
14.398926,13.893211,2
10.990071,-1.3526145,4
11.8160925,9.916973,0
17.11858,7.715214,0
12.378872,-0.7014605,4
8.346748,4.2187886,1
4.3033705,2.8692245,1
11.550354,2.9330122,9
12.284167,13.592242,2
6.3748455,16.262434,2
13.096427,7.159366,0
12.319208,14.488862,2
4.1948357,7.4589605,8
17.138369,2.3646574,7
-10.283607,-1.0386688,5
9.944763,-1.538321,4
7.0275207,10.993427,2
3.2848513,5.027567,8
5.3685865,7.80938,8
6.9577727,9.954746,8
12.990199,6.7281876,0
10.401216,4.5161495,1
12.371706,8.592057,0
13.810334,11.135552,0
7.187615,10.575916,2
8.703784,13.602939,2
12.951759,3.3413994,9
3.546939,5.66151,8
16.261229,5.485367,9
5.8632026,7.1284404,8
13.931409,8.723671,0
7.9330893,6.3409557,1
11.6385975,6.4520464,0
14.571982,1.8588235,9
7.552469,1.6089483,1
5.045061,5.46817,1
13.51388,-0.84569365,4
7.1156783,6.311239,1
14.139562,10.559845,0
9.976512,-0.9395003,4
8.357849,-4.331435,3
0.8131989,10.037484,5
4.4852796,8.213711,8
6.638841,11.588087,2
10.765574,-0.014358418,4
9.509624,8.088024,0
6.806704,7.4853234,8
4.4245286,8.640603,8
-10.636931,-0.34075415,5
8.624669,-1.052304,4
10.108136,4.024769,1
-10.384546,-1.4666691,5
7.119255,11.20338,2
5.0120792,4.1004663,1
9.811586,10.263613,0
10.380702,6.8075023,1
6.217947,7.6591277,8
8.609824,-3.9275837,3
7.7288685,12.046427,2
10.5219965,9.057505,0
5.4288177,11.382455,8
14.321567,7.0402174,0
12.807702,11.188681,0
7.612935,5.7661376,1
5.7295637,-1.0895416,6
18.611275,5.419976,7
17.684208,7.4730105,0
4.340619,13.107705,2
6.820561,1.1099421,1
0.12866776,8.1844,6
5.5354543,4.6035094,1
11.899678,1.086735,9
12.234907,2.698922,9
10.219268,-2.9317234,3
5.886098,14.981743,2
9.094741,4.2381496,1
8.90596,7.073561,1
13.102431,12.301345,0
2.232996,14.691835,5
5.529367,8.77168,8
11.684053,10.01814,0
7.955184,4.8467374,1
10.838946,13.049602,2
6.940338,11.810118,2
2.5995133,6.3504667,8
11.113358,3.9257228,9
3.1075265,3.9535062,8
8.13401,4.0667934,1
12.338507,11.430779,0
13.3053,7.757743,0
7.691994,8.519608,8
5.456281,9.194938,8
5.048741,13.110928,2
14.344745,0.7898516,9
15.361711,3.8979158,9
15.782583,6.9235964,0
7.0876727,13.240171,2
13.969333,4.2991524,9
14.59258,2.409112,9
15.764444,4.0283494,9
6.9070873,13.967046,2
11.015782,5.229612,1
4.744713,11.5600395,8
5.694317,12.66282,2
7.9588857,15.318705,2
6.028988,14.225749,2
-10.824316,-0.8719854,5
13.623738,6.8039556,0
16.521559,8.760891,0
3.8774295,9.71021,8
1.8822813,13.046468,5
5.0149226,5.537383,8
7.7510614,-3.0762303,3
13.635629,14.805534,2
9.563695,11.448798,2
2.5407166,8.716192,8
7.3470063,-4.5049605,3
11.7773075,15.033537,2
6.731941,2.8571832,1
11.017803,14.214527,2
17.094088,2.1175666,7
11.0390625,11.071521,0
-11.030847,-0.6957352,5
12.004048,-3.5089588,3
13.676261,12.6978,0
1.3738631,8.470627,8
11.282928,14.1586685,2
2.934513,14.828919,5
16.784952,9.948872,0
11.2951145,7.974155,0
9.346134,-0.97754765,4
12.067539,3.2332811,9
12.579481,10.387814,0
4.6190386,14.315095,2
5.7439346,6.7336206,8
16.444347,8.304312,0
1.9378024,11.957723,5
11.524829,4.5461154,9
13.746814,14.151582,0
18.837633,2.952159,7
11.84917,2.8610847,9
12.872236,0.5850062,4
7.576138,15.420949,2
16.176504,9.000893,0
6.1155105,9.058192,8
3.0604222,9.873937,8
18.490482,5.120959,7
8.328185,15.410941,2
14.923327,1.7433083,9
10.09732,11.829813,2
14.127877,12.090899,0
9.071626,1.6511546,1
16.709005,8.977871,0
4.0048347,11.172144,8
21.418512,9.510735,8
15.536898,-0.16639465,4
15.406111,8.771513,0
-10.949734,-0.90292096,5
13.800863,3.5080483,9
17.97243,1.5132552,7
2.011999,11.314656,5
13.399428,12.640959,0
7.797163,7.167108,8
10.079447,6.209019,1
7.486758,-1.5356183,6
10.953842,15.909356,2
17.895477,2.7550642,7
7.9873185,10.274189,8
3.4974494,7.996784,8
6.00034,2.884119,1
17.465511,8.274571,0
11.446946,3.7698607,1
-11.166799,-0.8310443,5
5.308086,0.53811896,6
10.927661,-3.3396578,3
9.809527,14.639788,2
10.067042,13.28236,2
13.886789,0.923024,9
4.9998913,8.150611,8
14.282271,7.1817384,0
8.424422,16.325314,2
1.7759535,7.393065,8
6.68685,0.06317742,6
0.0007612829,10.293292,5
18.529629,3.6266615,7
9.428217,0.01785786,4
3.5733209,3.8028286,1
13.788398,14.823139,2
5.3445215,12.768333,2
5.583684,9.218578,8
3.0658464,8.032658,8
13.629642,15.186059,2
4.294657,4.2337246,1
5.981312,14.894104,2
7.87925,12.423977,2
7.0208607,10.629331,8
-10.133037,-0.6833814,5
5.018391,13.577927,2
12.738058,0.42055342,4
17.778564,3.8610227,7
14.616446,14.618177,2
11.790203,14.03049,2
6.3341227,4.031514,1
5.343091,10.05705,8
8.511688,-4.014342,3
-10.903204,-0.7402747,5
13.76443,9.2828665,0
5.681393,0.93952304,6
16.295393,12.615641,0
0.7722537,6.961831,6
8.766285,-4.195726,3
11.477575,11.282032,0
12.696159,10.372559,0
5.963947,4.4923654,1
2.428098,11.361654,8
9.146843,0.36687726,1
6.6755595,-0.8573261,6
11.673703,8.759132,0
4.3568363,5.800312,8
7.422582,1.442507,1
14.372988,3.8293738,9
9.997789,10.676666,0
11.542128,-2.9753714,4
4.789023,0.41137865,6
14.970238,1.7236384,9
7.430204,-2.6261356,3
10.71046,-1.9010029,4
10.736958,8.265428,0
12.913884,9.063273,0
11.084648,4.4087443,1
17.241184,1.5842974,7
7.9188776,14.989748,2
16.90525,4.4770546,9
10.456437,12.563698,2
7.5827413,7.116204,8
8.330839,8.335401,8
9.657643,5.830335,1
13.579197,11.758654,0
2.7198362,15.213714,5
-9.973422,-0.6033167,5
6.6056285,14.926192,2
15.399043,8.03903,0
13.51617,10.502449,0
9.610322,3.907941,1
4.145551,0.62656885,6
4.777084,3.7024126,8
14.261128,1.6690285,9
17.046083,6.0122285,9
-10.018913,-0.46993265,5
15.885056,4.6464963,9
10.472126,8.940374,0
11.52285,8.496624,0
5.8079696,0.9889215,6
7.0852103,11.523147,2
13.2870865,13.666891,2
6.673953,11.4542,2
4.044277,0.23129511,6
7.3046083,4.84275,1
10.113349,-3.1462665,3
11.568738,14.699935,2
3.8246968,13.712705,5
7.368236,10.2821665,8
8.449849,6.5638213,1
2.606235,6.8306446,8
0.7858508,7.667527,8
5.779195,6.338164,8
11.175185,3.921892,1
10.595203,1.006703,1
7.5192275,2.5411277,1
5.986222,4.3281345,1
9.205069,12.315854,2
14.980219,9.937096,0
8.836022,-1.3863096,4
15.852176,6.526484,9
3.2275836,6.1844916,8
14.495797,3.964242,9
11.670981,13.718949,2
13.945236,1.3858454,9
14.765051,8.671748,0
11.57171,2.914766,9
9.826758,5.9874334,1
13.521899,9.698252,0
12.304128,3.0758696,9
6.927261,14.727349,2
4.522673,3.430063,8
11.185234,0.7466707,4
8.181026,15.110233,2
7.584663,0.0076757856,1
7.2622447,13.229247,2
13.334559,8.402173,0
9.969511,6.2793064,1
17.077833,4.3879957,7
16.844936,5.194129,9
9.994598,14.760027,2
11.713565,2.3594213,9
8.979349,9.857166,2
6.2830453,3.0820086,1
11.582517,9.692735,0
11.75009,14.650946,2
9.08963,-1.3405229,4
9.226809,13.139216,2
12.236354,11.450999,0
8.959176,-4.2325654,3
-10.545037,-0.6041616,5
7.5705523,6.1492486,1
14.090556,6.2171035,9
0.66081774,12.377848,5
12.895257,5.8923106,9
10.212207,4.962197,1
5.681366,12.106867,2
14.940359,13.412415,0
4.45139,1.0500898,6
7.744258,11.572135,2
16.139013,2.5175173,9
6.3325505,-0.46512347,6
10.996387,3.0842202,1
10.205259,-3.9498856,3
8.045633,-0.99351436,6
8.51279,6.680582,1
12.9727745,0.31563896,4
12.634127,10.654151,0
4.340069,15.027222,5
14.160446,12.707839,0
5.6595464,16.101587,2
8.207457,14.100152,2
-10.217666,-0.9246817,5
7.5171957,1.76491,1
10.041441,12.79082,2
5.5431056,-0.5239401,6
7.7989707,13.197389,2
-0.00019290292,10.781053,5
10.048695,6.7030663,1
14.926588,5.0575886,9
7.9895716,6.0868073,1
3.559039,13.730906,5
2.3461463,9.19833,8
0.3985048,12.98661,5
9.128253,0.58201057,1
-9.963014,-0.5112113,5
7.55617,1.9201161,1
11.865677,9.045961,0
5.773165,-2.3516178,6
14.377721,11.113956,0
4.919845,15.962479,5
4.8806963,4.7841315,1
8.013417,-0.3621337,6
2.5132592,4.458822,8
2.5563068,7.6339893,8
-10.6491165,-0.8931509,5
8.027143,-3.4212515,3
6.682609,-1.0359493,6
11.73366,8.779553,0
8.46364,1.325936,1
7.721152,8.289789,8
6.021515,9.261105,8
14.028079,15.06702,2
4.902572,13.536043,2
17.031488,1.5492239,7
14.016134,1.4856951,9
15.426117,7.6451573,0
13.494803,8.331915,0
11.544041,2.9909778,9
10.331968,-2.3148139,4
12.352291,3.947727,9
7.351389,11.649801,2
7.7017508,15.0368395,2
9.5391655,14.2900715,2
8.618899,14.609266,2
4.523662,4.6558986,8
8.274159,-1.1286187,4
8.500817,11.778841,2
15.907562,8.685125,0
3.8956883,7.9536715,8
4.8179626,4.5524383,1
5.0727406,0.17942959,6
7.4378114,8.211404,8
7.026081,5.1138983,1
9.090726,11.9125595,2
4.4114194,15.201946,5
7.9336853,1.8827478,1
12.127361,2.3645613,9
0.34449044,9.439706,8
-10.52734,-1.280748,5
4.666089,5.7045774,8
5.4366994,9.426474,8
19.055342,2.743486,7
12.895384,0.686899,4
13.035452,3.5299041,9
6.920485,1.3850782,1
8.40562,2.364183,1
10.733903,15.054226,2
8.802843,6.4845014,1
8.398873,8.332907,8
11.82809,5.822679,9
8.531304,13.902131,2
6.9638057,7.6057143,8
8.562113,10.548963,2
3.539998,8.12204,8
0.3357113,7.880618,6
8.155453,3.1154907,1
16.440775,2.5365546,9
11.721133,9.194232,0
12.317183,13.723801,0
13.800166,4.9217606,9
14.339431,0.48933646,4
11.801296,4.0556726,1
2.891731,12.688266,5
13.232541,2.2243538,9
12.669044,5.370088,9
3.8842375,4.682431,1
8.444283,11.107092,2
12.767458,6.9510694,0
7.0266814,0.050175324,6
9.428225,15.532721,2
4.7033615,12.250933,2
13.122727,3.1210651,9
14.799532,4.9386616,9
18.299454,2.2626603,7
4.546924,9.768196,8
11.836402,4.4085913,1
9.223582,8.810992,8
13.34608,2.3342135,9
13.445388,15.534917,2
12.208564,13.817794,2
5.5203714,10.156758,8
6.7325993,4.3906045,1
-10.416263,-0.46410033,5
14.243884,6.3832645,9
5.524961,5.378226,1
14.057137,8.845999,0
3.7600663,13.75032,5
2.5251696,12.040091,5
-10.56259,-1.4282542,5
14.949818,0.19183613,4
10.353674,12.273369,2
6.6607223,-0.5464731,6
4.1837406,3.1342611,1
6.4824557,13.006601,2
13.702489,6.450776,0
0.6287514,13.160293,5
8.682976,14.513176,2
7.7611265,3.5082562,1
13.321668,11.873875,0
11.8927965,7.3072605,0
4.9025044,0.3589145,6
11.196325,0.4716988,4
11.733481,0.74718124,9
4.264723,14.442602,5
4.539453,13.429673,2
8.946435,14.264924,2
8.363766,14.96623,2
15.331498,4.1754146,9
6.235821,6.9340043,8
11.379484,0.544123,4
12.285728,4.6912127,9
17.217495,6.419487,9
5.3527656,3.5996687,1
14.735921,10.436348,0
2.3891234,4.3264523,8
10.181793,15.878379,2
4.6223226,9.069596,8
13.53582,1.9234806,9
16.74587,11.004285,0
8.613014,-1.5939085,4
0.009683861,11.108554,5
16.163136,8.373956,0
11.9281,15.649669,2
15.218454,11.263359,0
5.052311,7.323517,8
7.945726,5.1569324,1
-10.297226,-0.7420151,5
12.007329,4.9964333,9
10.098318,2.2684526,1
3.3250816,10.018564,8
9.627635,5.417625,1
3.215261,12.344198,8
7.719228,9.382371,8
8.164354,7.9332848,8
8.9868145,13.033207,2
7.835355,12.743227,2
9.042774,4.222733,1
3.4218287,10.1290655,8
12.482365,6.4980297,0
6.433901,0.055765513,6
9.763493,11.508626,2
9.611806,12.477058,2
8.988912,9.732355,2
16.831507,9.61031,0
3.9386344,4.3366976,1
8.52787,1.4455639,1
11.678749,15.210466,2
7.94203,3.3971336,1
14.164407,3.5114064,9
13.774703,-1.1576135,4
15.779921,7.728081,0
7.658402,16.130697,2
1.8076051,14.044592,5
13.701182,1.0811536,9
7.319431,5.1580367,1
5.517188,12.70616,2
9.245413,5.2229185,1
0.21932247,12.908512,5
5.4804583,10.981574,8
16.13354,6.2108154,9
9.551976,-4.1250534,3
15.84194,5.8515606,9
10.203215,11.537143,2
-10.378267,-0.9316391,5
7.0274854,4.4438186,1
2.106912,8.585854,8
4.5653195,2.1958454,6
1.1159154,9.765884,5
12.114325,11.604375,0
3.5019546,8.019521,8
7.9897037,5.4146,1
2.6570585,5.344581,8
14.213168,12.216427,0
14.697383,8.932288,0
11.477622,12.9983225,2
14.756707,10.668127,0
16.844687,3.7143898,7
8.72643,8.505909,8
11.261617,0.542804,4
13.104942,15.575134,2
5.851232,5.446499,1
14.829824,4.8107243,9
0.27563676,12.046451,5
12.437998,6.293223,0
10.649252,8.396829,0
2.1157575,11.021803,5
10.678945,-2.7028139,4
5.6591396,3.9600835,1
16.399868,7.550048,0
10.344148,16.1162,2
15.626787,7.203748,0
8.359764,2.7872837,1
4.0333395,8.625653,8
10.447062,9.142113,0
7.6410437,12.275371,2
7.580248,10.426657,8
4.184668,14.687884,5
9.375794,13.474151,2
9.853377,-2.1956613,4
5.698455,-1.8089769,6
3.5252273,7.85462,8
1.7094818,12.705297,5
12.802765,4.587235,9
4.006898,6.53231,8
5.804238,4.712941,1
8.359836,10.370781,2
3.7758193,8.783492,8
15.586921,10.9649105,0
18.936235,5.716372,7
7.070674,4.284335,1
6.559986,5.595298,1
10.579522,10.843584,0
13.240881,10.9103985,0
15.524906,9.910481,0
7.858981,5.2342,1
13.737136,3.9832768,9
16.65863,11.723026,0
4.6957917,6.2247267,8
1.9096687,12.1895895,5
12.023414,7.389537,0
3.2749815,1.7675143,6
7.3849635,1.8901516,1
13.760306,8.607311,0
10.872947,1.7790408,9
9.552476,2.945063,1
11.274659,10.523906,0
2.0208137,12.724065,5
6.8050547,5.4652214,1
1.7624847,9.238556,8
14.736882,13.487726,0
-11.001443,-0.59719,5
10.930116,2.147534,1
6.8706517,2.0990007,1
7.171148,10.099073,8
6.588513,-0.82709545,6
5.683484,11.9481735,2
4.4335012,11.629807,2
8.315061,16.48082,2
9.951978,11.097337,2
8.803746,11.55269,2
9.040283,8.375791,0
11.528193,2.7620835,9
15.720472,11.572652,0
7.7416067,7.1005335,8
-10.801649,-1.483939,5
9.890871,1.9733281,1
13.091981,4.25675,9
10.799252,2.9497023,1
10.227477,12.979393,2
8.7124,9.318368,8
6.9516597,12.293036,2
5.523653,15.141175,2
9.595142,9.572225,0
8.082727,-3.1206906,3
14.978378,0.4995228,9
10.909319,8.499263,0
4.17226,14.56598,5
4.334884,2.6593478,1
13.217333,2.2107832,9
4.1313877,15.632165,5
7.443746,10.127013,8
17.590904,6.3162713,9
-10.413358,-0.39296445,5
8.608539,12.001013,2
2.536493,13.370567,5
5.070176,14.743077,5
13.112651,3.2869935,9
13.472088,6.525191,9
3.6664011,11.311861,8
7.545713,6.214764,1
9.50205,5.2264266,1
9.379211,6.6616316,1
8.508184,7.387083,1
9.124958,9.745842,0
5.2097683,11.786483,8
6.020947,6.2704377,8
-10.210188,-0.63348967,5
7.7062087,10.558622,2
16.317816,7.5998325,0
7.4571133,-2.8334172,3
11.708486,2.2095997,9
18.479744,5.424068,7
13.169356,0.15778473,4
9.612149,-1.3994237,4
10.293371,4.570969,1
7.4060764,10.105806,2
5.0603337,7.8482914,8
6.1643815,8.405143,8
10.550222,6.5084953,1
11.120743,12.160642,0
7.4371905,7.275313,8
8.706162,5.395014,1
1.3716761,14.446203,5
-10.162792,-1.4496951,5
10.760462,3.8946316,1
7.610331,7.577062,8
10.21976,5.6955566,1
17.542278,1.0663285,7
12.77394,0.56598705,4
-10.455219,-0.6570555,5
13.3746195,13.053977,0
-10.826456,-0.8649416,5
1.2549123,6.1162343,6
4.999997,-0.57872874,6
-10.966244,-0.8051308,5
0.6257414,7.0940123,6
3.2508442,13.024866,5
15.600618,12.532338,0
6.8825626,10.822041,8
2.8930898,7.9518356,8
3.6273983,13.44485,5
14.662515,14.5639305,2
16.310043,12.500993,0
9.382827,0.5357298,1
16.273987,3.6511843,9
5.547363,9.10574,8
3.7167954,15.487291,5
8.2807255,7.4433746,1
10.272536,-1.3501598,4
15.80287,9.463646,0
3.790951,13.021507,5
6.315607,13.924893,2
21.364046,9.618214,8
6.940791,16.274334,2
9.901131,-0.8102287,4
4.3176255,2.584862,1
13.996495,5.4738812,9
11.835613,1.2053087,9
15.049155,2.1780877,9
12.959136,6.81131,0
17.889801,4.111484,7
10.463533,-0.86218524,4
13.4366045,11.07884,0
14.034401,9.64448,0
14.2119875,14.585482,2
2.4508996,8.883725,8
4.215487,1.3574268,6
12.194235,1.6404715,9
14.617323,13.308847,0
11.767451,1.4569666,9
3.8505812,13.389533,5
4.0733037,1.2525926,6
11.368477,10.432316,0
7.382754,3.8626144,1
10.576594,2.6176615,1
17.25464,6.46817,0
5.8506227,0.90857923,6
11.8070135,-0.7057455,4
10.584921,11.649134,2
6.3804097,13.922136,2
14.506402,7.1599874,0
10.782441,-1.264003,4
-10.872208,-1.3441907,5
6.0407557,9.612267,8
8.421544,7.93698,8
5.5763035,9.627607,8
8.989498,14.735664,2
5.898932,12.489045,2
3.0694363,15.175454,5
4.625942,9.083326,8
13.507695,6.254285,0
11.436413,5.8001394,1
6.341469,8.20459,8
8.480862,11.271293,2
3.5973864,7.339938,8
12.518734,3.8177555,9
9.502277,8.742248,0
9.76326,-3.9760883,3
6.8947763,3.8291197,1
6.19804,-1.71336,6
14.558484,4.3877015,9
4.3613696,7.6382384,8
4.8481693,7.962032,8
9.447415,12.3782215,2
2.8127284,5.0443892,8
11.517365,9.919353,0
5.824013,7.652843,8
0.7300235,12.022846,5
14.496543,10.457229,0
0.9367702,7.3349147,8
9.112588,8.415799,0
5.7457666,12.168666,2
13.399673,-1.0306255,4
-10.626727,-0.68598044,5
4.8714294,11.77783,8
5.3279643,12.1513605,8
10.457149,9.960855,0
14.291163,2.449082,9
6.2159925,6.34575,8
3.5086026,3.9924593,1
13.948885,1.5311447,9
4.225424,7.0320287,8
2.3939269,6.9928575,8
13.220745,8.547505,0
9.200433,0.048254173,4
3.3501906,5.0194006,8
13.327631,2.0993695,9
6.6588407,9.074552,8
12.3034525,3.5247447,9
0.5850875,13.011726,5
9.564629,8.583157,0
18.939571,2.4816353,7
17.898323,7.971637,0
9.957143,16.07029,2
3.452825,10.148459,8
7.348828,-4.4818745,3
3.924894,12.251442,8
15.273567,1.3397064,9
10.831717,9.938924,0
5.9121356,2.7870038,1
8.69984,7.1665874,1
15.014975,8.6499195,0
10.693635,9.526989,0
17.293066,1.8458974,7
6.354685,14.995708,2
6.477777,16.495327,2
9.143203,7.9188395,1
1.3105283,6.825213,8
8.743294,1.4189966,1
10.255324,11.636944,2
6.5252104,10.6703005,8
7.8822794,9.213688,8
10.503392,11.49665,0
8.482036,-0.87459695,4
8.687409,0.8144622,1
8.525862,-3.5768456,3
9.061017,-2.2011604,3
12.1027775,5.3355207,1
13.527865,6.590723,9
13.99947,-0.877988,4
9.19254,1.2265495,1
5.951294,14.977855,2
5.7412505,10.817833,8
15.242346,9.446676,0
15.588306,12.49544,0
11.405709,14.984809,2
5.3070903,13.516751,2
9.622774,13.8362255,2
6.553233,10.505185,8
10.897135,5.0710487,1
4.0246964,14.587108,5
12.061725,12.761942,0
11.844346,7.567899,0
14.301623,10.8006115,0
6.2474775,16.301826,2
11.913223,5.7464285,0
7.4105773,16.292038,2
6.3331685,-0.10478859,6
6.4075837,17.133965,2
0.49042088,13.791115,5
7.5975766,6.4127936,1
6.5201387,-1.7982689,6
8.330049,10.883611,2
5.963109,-2.7381744,3
4.872684,7.1123233,8
5.7170877,2.7300203,1
2.3570762,11.295494,8
14.867875,3.4740276,9
9.229626,-2.5267448,3
7.303499,12.968094,2
10.046142,1.8435735,1
5.660235,7.9237986,8
0.71762466,10.021391,5
13.947621,12.360044,0
4.014187,2.7174292,1
12.780983,1.0713215,9
5.1270094,4.7059827,1
16.446661,9.634581,0
9.925561,1.21042,1
12.494472,9.651407,0
13.37976,-0.8292198,4
13.458822,-0.51744795,4
-10.963528,-0.45384988,5
10.968277,0.035154205,4
12.016024,0.4817606,4
2.5093992,9.830418,8
13.983928,2.4909122,9
8.796333,11.381141,2
9.148816,12.640699,2
3.9841008,12.701549,5
4.9098153,9.86304,8
3.7399347,14.008909,5
1.9523578,14.478116,5
12.081765,6.865932,0
1.8800445,13.741859,5
17.151829,2.3476758,7
6.1753883,10.642121,8
8.608481,6.041294,1
-10.406297,-1.4170104,5
7.0324574,2.137222,1
0.067856446,11.455835,5
8.098665,6.448395,1
9.347303,3.4040418,1
6.0175433,3.001285,1
8.559441,0.46145803,1
12.958636,2.3570395,9
9.316021,8.195164,0
12.651378,8.100203,0
14.185259,8.297322,0
13.730865,6.3718295,0
18.431616,3.4233215,7
0.5060234,11.778236,5
4.2061057,10.827263,8
11.580634,5.9169626,1
7.053625,0.07605148,6
13.327684,14.0646105,0
3.6356993,11.655342,8
5.694357,12.699208,2
14.583546,-0.5431033,4
8.092383,2.8806934,1
8.300222,3.0425808,1
13.286836,2.4964879,9
9.269436,3.664828,1
10.4981,4.375377,1
1.6363194,9.970856,8
13.077511,11.805239,0
13.913398,8.144399,0
5.9257727,0.488388,6
12.204768,-1.688698,4
13.03142,14.725681,2
11.500806,-0.07745805,4
10.307833,-2.3133097,4
6.3698997,13.900461,2
6.629766,4.1992965,1
6.8742304,9.026577,8
15.352289,7.938691,0
21.500648,9.592064,8
10.720743,6.4038835,1
9.5804405,15.3740015,2
14.790937,2.539116,9
7.117069,7.7899566,8
4.657916,6.517771,8
12.154125,4.824397,9
8.374304,2.1713746,1
13.957515,10.880231,0
12.635786,4.1446743,9
13.354256,1.399336,9
10.014197,10.463554,0
4.990804,12.484007,2
6.6787596,16.630299,2
-10.587759,-1.4973581,5
0.4661391,7.402121,6
13.273507,11.754929,0
11.887624,9.963476,0
5.562067,3.2233431,1
6.740285,14.185317,2
2.9033828,9.2307,8
6.8805876,10.02763,8
3.7104232,4.124634,1
13.040002,4.4489484,9
16.916725,2.7872038,7
8.91841,12.152101,2
11.346137,7.063993,0
12.390066,8.018384,0
11.316803,9.2190075,0
2.736797,4.0726833,8
10.322039,8.777952,1
14.310665,3.8890798,9
4.0479193,9.6768,8
13.845319,12.361336,0
9.454929,13.269,2
2.799675,7.5736785,8
10.450207,8.075108,0
13.628766,13.508218,0
7.880588,1.1955873,1
14.483126,2.290406,9
7.188545,8.114486,8
7.5162683,5.5490093,1
11.642388,11.096024,0
0.8223021,7.2418084,6
18.546831,6.6331267,7
15.093652,10.162555,0
4.875329,10.006383,8
3.1161911,9.421903,8
16.973606,10.233704,0
7.651596,8.852819,8
10.91946,-0.6290477,4
7.6846056,10.451119,8
5.6509743,1.0983618,6
11.473716,15.064594,2
5.933137,14.695208,2
3.3030522,6.074314,8
13.807584,0.8528107,9
5.0137362,8.329292,8
15.193821,14.039715,2
8.774637,9.977524,2
4.8623104,11.338847,8
6.6284547,12.029689,2
12.163662,13.642053,2
7.7762165,9.553716,8
0.655955,11.767616,5
8.145357,8.063758,8
0.09103346,8.476204,6
5.568539,14.733299,5
0.9247407,10.105885,5
6.782002,-0.88042104,6
12.371614,4.4604974,9
8.538338,2.6262274,1
13.985106,12.51884,2
7.17542,-0.57160026,6
10.714937,-0.652038,4
2.7467933,12.083761,5
9.285301,-0.4335641,4
10.208654,6.5289254,1
7.032688,6.7774024,8
8.816193,-3.7387788,3
7.702093,9.459686,8
4.6894345,6.8879747,8
10.969206,-0.90308094,4
17.656725,7.877245,0
7.2594237,3.5518916,1
9.356798,4.493658,1
16.420805,11.650493,0
5.244018,2.4611034,6
3.8828886,4.6811366,1
17.212572,2.165952,7
7.4428015,15.151673,2
13.492107,1.114772,9
6.6880813,5.447525,1
2.3575547,12.4761715,5
6.759434,10.668206,8
13.140736,12.063842,0
4.956072,8.826555,8
15.409661,5.338167,9
17.871162,7.3176575,0
7.142736,5.6304755,1
14.867302,6.0142803,9
10.014618,10.938316,2
12.202132,1.5898775,9
18.141426,5.471864,7
6.4493237,16.329973,2
11.005793,2.794584,1
4.7252016,12.9252405,2
12.124923,4.8922796,9
10.518712,12.064055,2
17.022614,10.621573,0
-10.287847,-1.2502115,5
7.770437,1.2642249,1
13.023469,10.646119,0
5.9493012,4.1939783,1
1.0321274,6.982252,6
14.4917755,13.273536,0
11.514272,6.2099833,1
4.136569,14.50128,5
7.090903,9.343693,8
8.226673,11.644442,2
4.138118,12.383713,8
0.62948626,13.150772,5
14.776455,6.501504,0
4.959931,0.042086616,6
12.207068,5.039827,9
3.7686737,5.920814,8
9.507408,12.57372,2
6.038719,3.6696568,1
7.7722335,3.509389,1
5.32642,11.106863,8
16.212215,11.22191,0
10.454519,0.43903217,4
8.01553,6.117793,1
18.56896,3.1024668,7
6.202177,4.0450544,1
8.532072,0.6352157,1
12.982844,6.267318,0
14.087952,2.1812983,9
9.336518,7.6567545,1
2.4699905,12.791058,5
11.010676,7.921559,0
9.505408,9.6947365,0
3.8484457,0.8405166,6
7.3048186,13.1441965,2
15.56337,11.717101,0
9.283381,0.43220475,4
8.351467,-0.63369155,4
10.215093,5.689775,1
8.575656,14.920339,2
8.61927,9.13225,8
3.367926,10.231123,8
15.225453,12.562206,0
4.6525393,13.283805,2
6.7474914,14.376321,2
-10.508335,-0.42024028,5
11.122254,9.1231165,0
14.329906,9.176037,0
8.26436,1.4046649,1
16.189941,9.903458,0
-10.506363,-0.85276246,5
7.283417,8.070479,8
19.354864,3.2759235,7
13.262967,10.8777,0
14.618435,2.2314212,9
16.527937,2.8474274,9
8.404433,10.451505,2
13.705603,9.738426,0
8.740724,2.6104884,1
6.1116695,2.9819949,1
12.730863,5.5593834,9
-10.282003,-0.50872827,5
11.713606,3.752368,9
15.21878,7.55757,0
1.6832687,9.588032,8
-9.999273,-0.52340776,5
5.524458,11.601638,8
6.402658,9.557181,8
7.1813183,10.238402,8
17.474821,0.6804478,7
11.6683655,2.9349797,9
17.73975,0.93986356,7
10.8141775,-0.4509417,4
12.361283,-0.09741239,4
2.8076043,3.9804468,6
7.7158127,5.11853,1
8.166072,8.689461,8
6.148033,0.8803893,6
3.8506851,0.6864122,6
8.4601755,12.252839,2
5.8090262,13.434331,2
5.755838,7.281513,8
8.589142,7.2354093,1
8.652899,-4.20648,3
12.146469,14.77305,2
-10.773452,-0.27436695,5
2.8030221,8.449997,8
13.331093,9.398702,0
3.7306294,11.317503,8
9.870096,15.547203,2
4.273322,9.742818,8
8.604242,-2.816979,3
-10.302909,-0.3579629,5
-10.289774,-1.3547617,5
11.807998,10.125115,0
18.468754,1.2137668,7
5.431673,0.052120045,6
5.631685,12.446523,2
2.0109541,10.355843,5
6.7842064,-0.45362696,6
5.8533773,0.564207,6
15.118954,8.899155,0
3.1371772,4.96292,8
2.6988397,6.6880674,8
17.865187,5.534423,7
7.9085374,7.06047,1
2.9940197,10.315461,8
16.433414,12.508591,0
16.832422,1.850108,7
16.47556,2.6020293,9
8.146407,0.32768285,1
13.871436,11.300724,0
11.348237,6.3361864,0
17.513153,6.575708,9
9.469053,-0.8576462,4
2.7764142,6.440761,8
18.937231,3.6835597,7
9.297284,13.975364,2
3.0120692,5.589967,8
4.7242417,10.94892,8
14.972469,10.84246,0
4.224702,-0.061530314,6
15.047049,9.606712,0
14.237433,7.113463,0
10.861939,8.092909,0
12.12363,4.7365184,9
8.073414,11.742806,2
16.20536,8.365186,0
4.4970393,3.590138,1
5.6206517,14.261379,2
13.700319,6.916679,0
11.438978,10.264522,0
13.333116,12.343494,0
12.995453,7.712694,0
10.23997,12.7472725,2
10.726327,1.9323944,1
14.617157,8.729566,0
11.109629,5.1152134,1
18.014866,1.9241847,7
19.285376,3.9504104,7
13.151184,0.9507753,9
10.506128,3.4668453,1
10.485622,3.7182472,1
4.5714912,10.699417,8
12.189462,-1.4029374,4
15.626068,1.5712264,9
12.232987,10.949186,0
18.851603,2.232033,7
1.862568,12.531534,5
11.103321,-3.264499,3
11.21415,2.320786,1
14.797823,7.143437,0
13.721179,13.915045,2
15.139967,8.409388,0
4.864935,1.6321738,6
15.6836605,4.4008656,9
4.523095,10.936523,8
-10.803742,-0.52217984,5
9.750205,11.822067,2
1.6248467,13.042694,5
3.0845335,5.4859257,8
6.4002204,7.7788186,8
1.7822887,13.155101,5
8.9178505,10.12621,2
2.9580274,8.602034,8
14.464647,5.541787,9
17.873734,1.031668,7
10.7849045,14.955786,2
-0.01912169,8.565728,6
8.397695,14.762878,2
8.066476,11.452437,2
11.0567665,4.005206,1
9.752038,8.778946,0
10.793919,11.910519,2
14.141628,8.273778,0
14.8037815,0.13234495,4
6.064976,-2.8295503,3
3.9627023,4.7951293,1
11.892966,3.0209444,9
16.652737,11.613333,0
8.041805,12.327891,2
9.726025,-2.6390736,3
-10.368953,-0.092872664,5
11.720234,11.052415,0
7.1109524,11.8434305,2
16.797464,8.299333,0
7.634383,10.752396,8
13.16463,4.7864537,9
3.2656438,12.880572,5
8.591039,-1.4644092,4
18.311066,2.740772,7
15.816711,12.304229,0
13.127947,9.477314,0
2.6064494,10.997547,8
8.371804,13.423984,2
8.979202,7.423961,1
11.6476,8.165863,0
8.819736,7.8658686,1
0.35803306,12.780442,5
12.27064,6.5345488,0
-9.825161,-1.0579337,5
5.328289,11.357481,8
6.7469244,0.99784297,1
11.661309,13.724572,2
8.423671,14.033939,2
8.358363,-3.5931504,3
-9.687643,-1.1228795,5
8.973553,10.5670805,2
10.881812,6.0702033,1
2.43318,11.586139,8
12.328575,10.446425,0
3.0400412,10.624472,8
8.815367,0.9404854,1
10.757752,-1.6896385,4
1.475818,10.030177,8
9.633471,6.106465,1
18.857042,6.3312054,0
16.377575,10.701316,0
4.1348333,4.0082674,1
7.937343,8.484063,8
14.353445,8.331349,0
12.115508,10.7487335,0
13.012875,3.2744012,9
7.528569,8.449792,8
16.231422,10.440109,0
15.320921,3.7817574,9
14.148677,0.93043643,9
10.367238,12.554098,2
9.369158,16.003149,2
15.812452,6.4718046,9
18.206556,1.1615452,7
-10.847951,-1.1131586,5
5.920516,7.429969,8
8.860841,16.304726,2
10.292269,13.008056,2
8.567217,9.238098,8
14.955123,0.15379408,4
4.6141405,13.805655,2
5.6513395,15.397769,2
2.5172286,7.3255396,8
9.471178,-0.96234304,4
14.699359,2.384618,9
18.864418,5.6325097,7
8.598166,4.766806,1
5.9286237,3.0125134,1
7.8196173,6.780597,1
14.210591,9.111588,0
7.0731783,6.309818,1
5.0029545,14.683973,2
8.925331,-2.0182972,4
2.8070703,3.7860367,6
15.905006,6.5053205,9
6.2532163,16.157526,2
11.471984,1.4995534,9
14.939363,11.6197,0
11.124171,10.820182,0
3.9202383,9.793399,8
3.5222213,13.110203,5
8.120868,11.816894,2
9.512376,10.681474,2
19.385233,5.2741604,7
7.136757,7.7498403,8
3.8529942,1.5877452,6
12.7205715,7.251701,0
8.20971,15.7049055,2
14.078194,4.2086487,9
15.016093,3.2460582,9
13.060691,0.65398633,4
5.9475985,15.923416,2
15.037857,7.249119,0
7.078329,16.754845,2
18.44311,1.7220495,7
5.7044168,13.349824,2
11.741599,-1.9784929,4
11.748498,12.317282,0
5.700706,3.6829162,1
14.530433,10.874892,0
6.7852387,11.952365,2
18.324175,6.4627113,7
11.063326,9.681601,0
12.734463,12.203732,0
18.696598,5.2036605,7
16.41298,7.1485176,0
5.7537456,9.385618,8
10.590615,7.3887644,0
10.859427,7.6258926,0
-10.697891,-0.9811763,5
11.160791,6.4128184,1
15.841002,9.995464,0
7.60768,11.25432,2
12.464026,-1.9312049,4
11.836244,0.7277668,4
2.2407389,12.337482,5
2.7856216,13.013599,5
8.725732,13.44115,2
8.043291,0.30267295,1
5.598121,-2.1328444,6
5.920886,8.123561,8
6.233709,8.851076,8
9.827433,3.1094968,1
5.1034203,-0.1317995,6
6.9755177,9.830436,8
12.769887,2.4986246,9
6.4216647,9.963622,8
6.35251,11.75779,2
9.943789,7.088216,1
7.307368,12.411646,2
17.309093,7.593679,0
17.026222,7.1237206,9
16.499578,8.476554,0
10.63758,3.0266662,1
13.078228,11.159721,0
2.0693266,14.887608,5
5.706106,14.989697,2
14.785874,13.177893,0
7.3035846,5.4216332,1
10.30944,14.067383,2
12.014834,2.8248506,9
14.167629,14.017379,2
2.262828,13.996167,5
14.486462,12.206987,0
13.652836,9.357407,0
4.645692,9.543695,8
8.088809,0.72777534,1
9.004204,9.888497,2
14.27946,2.7800686,9
3.5688725,1.9435313,6
8.84781,3.7797854,1
9.688985,-4.1665792,3
6.9222264,5.9964867,1
18.761822,3.0628014,7
9.264095,5.698221,1
14.091464,9.46263,0
1.5542562,10.736719,8
3.3140123,13.978268,5
11.596648,5.9427085,1
9.289416,11.375968,2
8.055479,15.463698,2
-11.322085,-0.9274799,5
9.126768,7.5840397,1
11.53152,9.461639,0
6.523938,13.287487,2
14.004055,3.4943876,9
14.454567,5.441241,9
10.196949,5.551841,1
1.296838,14.42359,5
14.37298,13.852846,0
10.451243,7.2421603,0
11.233445,2.2256444,9
-10.627952,-1.3366138,5
-10.762731,-0.37524745,5
-11.0341215,-0.5529553,5
11.569197,8.03543,0
6.472045,1.187188,1
13.790845,11.565409,0
10.232617,9.669602,0
15.617487,9.365479,0
3.391345,1.812796,6
10.809463,1.7861819,1
9.559939,11.610225,2
4.07568,6.9219365,8
7.425111,5.689763,1
10.137105,14.604537,2
12.266019,11.942311,0
3.8441827,6.3824377,8
7.029836,6.5534315,8
8.4995,5.8641415,1
11.293998,4.3559356,1
4.806761,2.3450048,1
4.7076435,9.477232,8
0.32050616,13.190479,5
-10.855351,-1.4773419,5
7.3351564,14.211898,2
8.121194,-2.2965765,3
9.365679,7.3023553,1
11.442406,8.685802,0
8.980052,5.4025626,1
8.662264,-1.2833732,4
13.084065,5.774219,9
16.16559,9.398256,0
16.648546,12.122381,0
9.944298,-1.1483406,4
3.8025122,4.172673,1
14.770429,0.5944844,9
9.059895,11.034185,2
12.277575,7.3140917,0
7.652273,4.705262,1
8.279569,1.505201,1
9.720807,3.7122636,1
6.849949,13.990144,2
7.4288416,0.7012413,1
15.964135,2.4019523,9
5.584193,5.3352747,1
15.381087,2.899588,9
-10.39841,-0.8945854,5
14.252346,12.02637,0
10.351467,1.940445,1
5.9910903,2.8768373,1
9.916099,-1.645946,4
9.078735,-1.6112876,4
14.737948,13.238426,0
6.7865553,7.56594,8
9.847011,6.3123183,1
13.286441,11.087842,0
13.835922,-1.0527401,4
1.5193822,12.914797,5
5.6695523,12.434934,2
10.577322,5.2225676,1
16.57292,11.260295,0
4.555925,14.58926,2
0.5082196,11.610903,5
12.00489,9.829957,0
4.0588894,12.481578,5
11.5823765,6.697394,0
5.7413297,8.598827,8
5.647727,5.907075,8
8.614046,7.7394276,1
-10.132925,-0.7600919,5
17.358624,9.673056,0
7.7999134,13.963116,2
17.420912,0.8928156,7
16.696104,3.8508253,9
5.1577473,8.176961,8
4.5782275,3.790087,8
7.1429033,1.5729254,1
11.002252,13.985902,2
11.91583,4.924041,1
6.7104554,10.806697,8
12.199981,5.2857795,9
12.362076,-0.64067173,4
13.611854,13.992222,0
16.49137,8.5079775,0
1.0195146,10.511807,8
7.946049,11.152336,8
9.172694,12.71935,2
1.7364929,7.6520247,8
14.653127,6.1233034,9
8.902836,7.301675,1
13.393127,14.415394,2
4.975419,4.8426404,1
0.21249002,9.098598,8
11.377709,2.6146924,9
-10.467376,-0.30085945,5
4.6010075,13.987286,2
12.655239,4.1364126,9
9.459012,1.151778,1
18.392593,4.715111,7
6.721898,9.592509,8
0.24368896,11.199513,5
9.700573,12.670908,2
15.514878,5.155613,9
4.5725765,3.8283095,8
8.730159,4.228665,1
8.642752,-1.7025977,4
3.504941,4.2343225,8
4.5116386,0.30558854,6
3.1275887,7.344584,8
11.309236,1.6321542,9
11.242835,13.3175,2
8.470501,5.833357,1
7.434604,6.39665,1
14.462972,6.1427426,9
8.352767,1.7234685,1
12.731122,11.9506,0
4.201192,13.017135,5
18.561584,4.187363,7
11.70756,8.415491,0
7.9156322,1.2619423,1
11.628876,5.477616,1
2.8327599,13.935309,5
6.5445924,13.0896015,2
13.97229,9.274078,0
0.61004764,11.657075,5
3.9199104,5.6771646,8
15.886583,9.49672,0
16.981766,9.903971,0
16.836777,6.1686707,9
2.4793966,8.134427,8
3.5367963,1.7177099,6
6.7207913,10.872105,8
16.789566,10.008624,0
6.736759,9.777819,8
9.62551,2.8668993,1
12.202041,9.358436,0
8.630615,7.055261,1
3.2786398,6.7969756,8
12.449327,1.2277,9
16.097225,13.0470705,0
12.262466,-0.89942944,4
16.57887,10.497113,0
9.953155,11.237639,2
6.1555505,1.769912,1
2.5349867,6.5369434,8
11.790897,8.379998,0
12.731899,3.7699893,9
4.041101,11.102315,8
6.3974056,10.082406,8
9.694851,-4.192558,3
7.388953,-4.525758,3
15.301722,12.02465,0
5.1428494,12.025299,8
10.65611,7.870416,0
12.117132,10.943771,0
11.774965,15.429167,2
7.5187793,11.274584,2
5.0010395,13.901743,2
0.9798004,8.820116,8
9.173187,4.428115,1
10.718858,-2.8280346,4
5.992476,5.2537622,1
8.77838,2.4727914,1
-10.330444,-1.2305692,5
0.98971736,8.681746,8
9.697613,9.765017,0
9.258509,7.5722866,0
7.410329,8.353802,8
7.4042535,6.7114425,1
7.691833,2.3429356,1
9.269222,1.0691578,1
14.08205,10.646006,0
10.589532,8.00657,0
13.034605,6.8339605,0
16.25173,7.456214,0
2.2148764,10.896449,8
5.7371716,3.8624175,1
16.474873,0.82126206,7
11.031099,1.5849056,9
12.934423,1.2856859,9
9.402707,15.022697,2
7.0637627,1.6481682,1
13.943171,4.7858033,9
11.587858,13.795899,2
7.6772656,5.206861,1
2.584425,9.689905,8
13.440468,10.2097,0
3.2845678,13.260744,5
10.844872,1.9343224,9
10.263519,6.2268953,1
12.9862795,8.661725,0
7.0309935,14.647919,2
6.0472713,1.2815061,6
-10.00921,-1.3858379,5
14.33238,8.390197,0
15.266596,0.69045395,9
4.309888,10.778117,8
7.6542344,13.30025,2
6.700905,0.19857088,6
1.2985235,9.632304,8
6.984209,-3.9717038,3
-10.762477,-0.6381012,5
1.8266678,8.561189,8
5.788744,12.777892,2
9.068486,10.664188,2
13.838857,10.487567,0
15.299833,8.653256,0
5.645241,12.494319,2
6.3524823,11.600478,2
11.834994,14.302787,2
14.355675,10.497703,0
6.692951,2.1402922,1
14.887079,11.3607235,0
9.844129,16.247433,2
14.027464,6.2700663,0
13.097795,5.647366,9
-10.417268,-0.12501302,5
7.88732,10.905379,2
10.629747,11.508761,0
10.354468,3.4450746,1
12.225243,11.229818,0
2.8704267,2.8971589,6
-10.86584,-0.6019493,5
16.693727,9.151333,0
17.129541,6.4714494,9
5.538864,5.9276977,8
13.779915,11.324888,0
6.5759454,2.3062973,1
11.248057,2.4467955,9
18.002613,3.6990619,7
11.430156,8.62886,0
12.696019,2.1798003,9
12.837195,11.004324,0
7.8141375,7.1355014,1
11.208129,5.735719,1
16.77089,5.3508244,9
13.372177,7.321004,0
14.210093,9.829241,0
12.477425,10.698989,0
16.528542,3.4217827,9
10.1081085,9.393873,0
10.862064,11.165376,0
-10.648205,-1.1849512,5
12.14618,4.5294304,9
10.431594,-2.5859141,4
10.037238,1.6066748,1
2.7572994,5.2701097,8
11.368458,12.089019,2
11.559005,-1.1115185,4
3.798306,14.381818,5
17.421453,6.43639,9
6.2934837,13.414342,2
8.315607,10.703258,2
10.523865,7.5228477,0
-9.975631,-1.1703581,5
15.6233,5.596197,9
14.337716,2.8246741,9
8.3503275,12.584373,2
4.1647983,7.4255767,8
5.4117556,16.18723,2
-11.238496,-0.6120994,5
9.223918,13.514683,2
6.983734,1.2905291,1
3.785597,8.433703,8
-10.074213,-0.76754874,5
18.501009,4.8297954,7
15.797535,9.334497,0
8.779803,9.383781,8
9.2258835,-0.4463103,4
10.722659,6.680264,1
7.6855173,14.44706,2
1.72505,7.5259986,8
11.011632,5.134377,1
6.6853337,5.8248463,1
12.630621,5.000182,9
8.284441,8.096799,8
13.703897,6.0098596,9
10.469937,-1.4682355,4
7.425627,3.460704,1
7.4769773,2.6946228,1
9.650794,13.992656,2
11.681826,-1.3220482,4
-10.096996,-1.3646499,5
12.3749075,11.486378,0
7.644684,6.463285,1
15.261832,2.35249,9
14.892747,11.572391,0
10.161521,7.3252444,0
14.894281,12.994848,0
21.4602,9.569116,8
10.096986,3.3127937,1
3.9351516,14.903719,5
10.835196,6.9560704,0
11.519392,10.08892,0
4.5397635,3.5095246,8
11.477471,13.686974,2
13.496644,7.824872,0
10.858433,7.9953523,0
9.193118,0.53826267,1
-10.820029,-0.5045504,5
9.597148,9.606232,8
13.80406,10.531638,0
11.519145,1.8617238,9
9.527038,14.009401,2
13.155048,1.2304556,9
10.748602,-1.1695096,4
6.7031207,15.717255,2
17.440971,6.526517,9
6.8730116,3.4467733,1
4.295883,7.0303807,8
6.766491,-0.5695123,6
10.38261,4.109381,1
7.344362,8.206469,8
1.5043204,8.178601,8
9.928793,0.4253765,4
10.302896,13.372511,2
12.738789,11.616777,0
9.528434,6.5792265,1
14.160485,9.6898365,0
4.9298306,9.920622,8
10.937297,3.9626908,1
4.3278484,13.689397,5
16.426277,1.8828489,7
13.159221,2.405569,9
12.953861,7.020717,0
12.621539,-0.51689595,4
10.674507,0.97297627,4
8.840207,2.8665295,1
9.343827,2.6467988,1
16.367289,8.915786,0
6.040409,8.906133,8
-0.00025170186,8.6103735,6
5.1320643,12.576854,2
-10.708205,-0.5016347,5
14.23414,13.696819,0
5.428655,8.503736,8
8.473576,-2.2886603,3
7.986112,10.551095,2
13.648918,8.235577,0
9.215525,-0.711018,4
7.273167,-1.8337189,6
5.7798953,3.7856574,1
15.368496,0.90914214,9
12.512979,-1.2036852,4
0.9042364,12.600933,5
9.686766,0.45495224,1
8.510381,3.8706908,1
8.356658,1.1783693,1
8.858863,8.527748,8
6.5915,10.933295,8
10.707487,10.904817,0
9.717135,4.8935003,1
5.5094295,13.041893,2
1.4974507,6.6241093,8
10.913001,1.7407423,1
-9.87405,-1.1444513,5
4.7469697,11.7492285,8
4.7673297,8.288974,8
6.3322015,14.200562,2
7.7109685,9.805612,8
12.072159,1.8817747,9
0.5536132,12.176383,5
13.6363125,10.310328,0
12.744815,3.9974842,9
10.044957,14.134001,2
9.471933,8.353137,0
0.9532227,11.77572,5
5.5206537,2.0342822,1
11.9271345,8.197622,0
-10.087439,-0.82074004,5
14.430679,4.7864685,9
5.501369,7.078373,8
7.0681486,13.650091,2
13.731939,13.450473,0
1.2975473,7.4649725,8
17.511837,3.0497065,7
16.708647,1.5423431,7
2.3925233,4.7256126,8
8.836442,11.379117,2
10.200912,11.931831,2
10.456284,3.8915005,1
15.167236,10.33563,0
2.0722516,12.350479,5
14.06219,11.932435,0
15.064926,3.9688008,9
11.4147215,0.15645793,4
10.622997,11.579377,2
5.0685515,9.424927,8
10.36318,6.720251,1
15.904426,2.7600982,9
10.777066,3.7630937,1
11.28378,6.380806,0
13.766385,4.9445,9
2.7911026,13.824463,5
14.233522,12.86307,0
13.484935,7.778605,0
14.771266,6.596321,0
7.2314057,16.56443,2
4.4492726,15.027067,2
3.710691,1.0581789,6
2.541305,12.468201,5
6.2913527,9.344521,8
7.5993013,12.720615,2
8.721428,6.722343,1
13.877841,8.001949,0
11.594432,11.800622,0
10.632414,11.098874,0
11.274713,8.167615,0
10.753665,7.941071,0
13.605889,6.5642495,0
7.2937775,13.167594,2
12.306414,4.629363,9
12.072956,5.3979726,9
7.632097,6.259931,1
10.492605,6.701327,1
-10.582555,-0.4289895,5
9.838922,14.50204,2
11.709315,6.7765074,0
0.9073136,9.783448,8
8.6591,3.7839317,1
4.6280675,15.393526,5
18.690128,5.5132403,7
6.245176,15.773775,2
6.577524,-2.1603622,3
9.306272,7.8306713,1
11.019585,5.4313,1
5.7153163,15.909614,2
13.421666,9.58192,0
1.9579082,10.859923,5
7.468793,8.907869,8
6.900677,16.136963,2
6.7343116,11.822804,2
13.653906,13.79151,0
11.696851,13.408595,2
19.336727,3.639955,7
4.1400304,0.33711907,6
7.3373594,12.928939,2
16.058651,10.591613,0
-10.459478,-0.5652689,5
2.868849,15.247658,5
5.575645,6.986459,8
1.2648445,11.636026,5
14.469239,8.773799,0
-10.628299,-0.13419789,5
2.365472,13.796322,5
13.287767,7.4246755,0
9.209834,7.9342365,0
11.623432,14.055704,2
12.642076,9.013566,0
15.261487,6.8175545,0
16.626177,10.801714,0
12.187495,8.761931,0
15.066616,1.0499713,9
12.872381,12.833981,0
8.136234,1.3734372,1
8.410056,15.560863,2
5.930693,11.312667,8
13.682973,14.74163,2
4.111265,8.625968,8
6.488475,2.9074123,1
11.435348,10.6032,0
9.987147,6.878979,0
8.007047,11.990342,2
0.17583238,12.728879,5
11.345504,9.879688,0
7.3521576,9.893739,8
10.355458,4.7059684,1
8.944303,-3.4730306,3
10.621764,1.6765072,1
19.131754,4.6579185,7
9.021255,12.293679,2
18.393967,5.1552477,7
-10.440039,-0.1740772,5
8.237106,4.860571,1
-10.319425,-0.59133565,5
12.892345,2.3696685,9
2.8137596,12.157287,5
10.792435,8.528812,0
5.163561,2.6308503,1
14.798653,1.9128174,9
15.223637,1.2908608,9
13.34614,1.220054,9
4.868087,3.0134547,6
8.995562,10.443279,2
5.427629,11.541785,8
5.3635273,12.281144,2
11.1052685,5.1578007,1
8.803479,4.201582,1
15.616981,5.7120056,9
12.264678,9.685429,0
5.4034967,10.531752,8
2.404491,4.5959463,8
14.623622,11.523058,0
2.5104446,11.36242,8
15.220517,5.312952,9
6.6960864,9.263663,8
15.106406,11.732394,0
7.3483963,-4.5153522,3
1.5620528,9.351167,8
15.641987,4.2180033,9
10.534176,12.539175,2
0.58273673,11.853759,5
4.213361,9.402598,8
-10.773942,-1.371742,5
11.605833,7.872695,0
5.7513237,9.949067,8
13.020397,4.1661735,9
8.15008,7.159728,1
7.7429013,1.5937487,1
11.761818,15.446831,2
4.49036,13.041241,2
6.685092,14.352948,2
17.051281,1.1369091,7
9.865327,-1.6908336,4
10.408518,13.441901,2
5.9384317,1.9649204,1
6.8029056,12.906606,2
13.40292,-0.87343824,4
12.492966,-1.2739234,4
5.264845,7.730894,8
8.581154,-1.3197949,4
5.673086,9.3717,8
10.323604,11.008761,2
8.416483,0.65538627,1
-10.744178,-0.79678845,5
17.858042,7.5143766,0
2.8202443,12.981102,5
13.53452,12.737901,0
11.88888,11.985558,0
-10.478769,-0.6852286,5
4.4867187,11.279449,8
-10.792194,-0.80853766,5
9.5692,11.361395,2
4.0198307,8.041947,8
0.5309738,13.53038,5
7.53815,0.5777939,1
5.8018703,8.685918,8
12.763894,5.9682903,0
0.46551493,12.978034,5
0.040687863,9.331875,8
9.660335,10.043366,0
6.207095,4.0318418,1
3.5499797,7.104144,8
12.287664,9.632106,0
6.953701,16.345537,2
8.832582,16.428185,2
12.240528,7.4226165,0
6.6665235,0.9080312,1
10.135186,14.2104645,2
10.504164,3.2954135,1
14.333851,2.0218914,9
-10.2308035,-1.0298036,5
6.5052676,15.840385,2
6.578493,0.1990809,6
11.152638,8.046827,0
2.6990516,13.53593,5
9.013984,2.8027084,1
7.861505,8.803168,8
10.99266,4.1313853,1
6.5622525,12.375048,2
-11.009281,-0.6921617,5
8.386823,12.780642,2
13.032492,4.734291,9
9.687403,-2.0446134,4
15.534191,7.905487,0
14.066347,4.271432,9
3.8857534,12.46647,8
13.942514,9.337141,0
18.176006,6.5043144,7
10.277627,15.643849,2
8.3343,3.1551576,1
11.0062065,-1.694283,4
17.720661,3.1810822,7
2.6517582,10.085548,8
15.957039,11.831692,0
10.588762,12.69639,2
3.6639235,9.987993,8
8.576003,8.103063,8
14.982783,0.625075,9
2.2557259,10.944812,8
4.417154,11.799211,8
9.828422,13.169953,2
0.83480465,12.5029955,5
2.387891,7.425161,8
6.50091,16.294992,2
5.37762,10.2061,8
12.014351,12.891216,0
11.904168,1.563995,9
14.349858,11.483147,0
12.553716,13.35163,0
8.939179,8.7361355,0
8.82712,2.9041195,1
19.264906,3.0066144,7
9.421705,7.1043305,1
8.620455,-0.28360954,4
7.2980094,2.4343693,1
7.918788,13.317013,2
4.1333194,10.372642,8
4.3395066,13.065347,2
10.274997,1.7434342,1
7.9027734,6.066898,1
8.405732,-2.51086,3
8.267062,9.263677,8
11.436685,10.846383,0
15.56368,11.098768,0
13.939586,1.4292052,9
4.189675,7.0846753,8
2.4542868,7.7700515,8
8.602273,11.154283,2
10.255824,7.7956433,0
-0.059575554,9.570136,5
3.7888677,1.2508624,6
3.148844,12.808233,5
6.947417,-1.4355497,6
5.5207973,0.63641554,6
16.3737,9.787401,0
8.849911,13.44193,2
11.798692,13.287909,2
11.455479,7.0575213,0
4.0152497,13.641357,5
5.4101167,2.2876437,1
7.9450927,13.276953,2
9.419629,7.68685,0
13.313925,11.706103,0
15.965219,11.013906,0
14.987492,3.8037164,9
7.500127,4.1074824,1
5.8419437,4.2220006,1
7.7011166,7.0089,1
15.191339,0.34206557,9
8.534446,13.759983,2
7.485347,1.2091535,1
14.520629,14.012301,0
7.705965,1.8612903,1
7.7841377,-2.6566725,3
16.749592,10.194847,0
5.89366,6.121439,8
12.2684765,7.4518576,0
12.017928,1.7889524,9
-10.789189,-1.2686723,5
14.39903,7.277287,0
7.559903,11.29759,2
1.5800489,12.953071,5
6.5533032,8.871873,8
2.7736933,13.254963,5
3.714982,2.5366201,6
0.6369111,7.509074,6
15.670813,10.639761,0
0.6543719,12.191781,5
10.394701,14.267247,2
1.9500647,11.431225,5
14.880199,9.839252,0
-10.4554205,-1.4957571,5
16.040874,11.714963,0
1.8864256,13.347238,5
14.760878,4.723737,9
5.4680753,11.879025,2
11.832047,11.863859,0
7.9314637,10.81892,2
2.096324,9.324078,8
8.696088,5.651281,1
4.115512,14.534631,5
9.21232,10.615292,2
9.233073,2.5541315,1
7.3367496,8.579752,8
12.212593,13.726071,2
15.069832,11.3239,0
12.782905,1.1655898,9
5.788278,2.753962,1
7.6170893,-2.0436585,3
13.410909,-1.6790127,4
8.542659,5.375269,1
11.554272,-2.2799785,4
4.4619017,13.892063,2
7.2120943,4.089611,1
7.049192,2.283964,1
11.723611,12.226082,0
13.736055,11.428369,0
10.437313,2.6056697,1
9.174137,10.002255,2
8.253712,3.6628993,1
6.0856504,0.9579174,1
6.618632,8.372795,8
12.957128,-0.5892378,4
5.1877317,0.98194623,6
0.8634026,12.620798,5
13.303994,10.108141,0
15.569491,4.723211,9
3.231812,13.526071,5
6.6070986,9.220588,8
6.9411306,-2.0790818,6
10.188965,10.463312,0
17.102713,6.821876,0
2.1403635,14.235802,5
8.338835,11.035576,2
4.753733,5.2738295,1
10.485717,4.804758,1
5.8255014,11.688789,2
8.724541,0.37925795,1
3.929377,4.6433315,1
8.383531,7.237173,8
10.056188,0.051523186,4
6.7030005,16.28199,2
14.536238,14.19013,0
13.679817,12.804254,2
15.785574,4.5781755,9
8.615397,16.550959,2
9.943037,7.059759,1
5.229656,16.28861,5
14.73672,9.557182,0
8.179,11.509708,2
14.277748,6.985107,0
18.589285,5.0320063,0
13.647987,10.189566,0
9.285918,8.278669,8
2.318543,11.260857,5
1.015154,12.920256,5
7.9178767,0.19741431,1
13.304182,12.556421,0
14.299816,4.9731894,9
7.0392795,2.6497605,1
8.136301,11.16789,2
4.478957,10.023607,8
14.935343,14.079122,0
11.879857,6.943297,0
15.8907585,5.259588,9
10.253765,1.6918743,1
9.326322,7.8069286,1
-10.281566,-0.6710278,5
11.468426,-3.0410733,4
12.500179,8.920365,0
11.038695,12.013272,0
2.0984738,13.177567,5
7.0384693,6.7137475,8
11.221364,1.6523913,9
6.2956944,9.056539,8
1.9539367,12.363671,5
5.2312026,6.6188126,8
12.342396,7.2339077,0
13.874753,4.864629,9
12.133703,13.443338,2
4.568175,3.149348,1
9.345836,-0.44164693,4
7.111676,9.065729,8
8.475741,5.839067,1
18.545885,4.5374413,7
3.290719,13.183849,5
15.4471035,12.2772875,0
5.4149303,-0.6912117,6
2.2240222,6.538656,8
2.537466,14.652852,5
9.782266,-1.332912,4
4.864783,7.5356183,8
1.5140637,13.622418,5
18.579523,5.91475,7
1.6134624,11.925295,5
11.574893,2.4190319,9
4.485218,15.81686,5
6.5854034,1.4899002,1
14.192934,9.215255,0
11.313649,11.947868,0
6.122239,12.610653,2
7.338598,-4.4552655,3
15.43313,8.993216,0
14.658654,12.567481,2
7.53164,10.52502,8
10.848668,-3.1523118,3
10.894284,0.18427923,4
10.660321,4.312873,1
4.118425,5.3968987,8
7.4090877,6.802373,8
16.869257,1.039586,7
-10.148818,-1.2952859,5
13.874971,5.2974644,9
6.497213,0.15054806,6
8.793056,1.391767,1
15.169442,3.945835,9
15.030805,6.93099,0
9.240527,11.285226,2
3.2461753,14.818454,5
7.1276054,13.838235,2
7.9891753,7.772465,8
10.434214,1.6053727,1
10.128909,1.0576942,1
10.627116,10.042417,0
6.3814783,12.26066,2
7.1510305,3.5292299,1
10.499874,5.5333977,1
7.198716,-2.4753,3
4.8455353,16.079584,5
13.638503,10.993485,0
1.2103071,8.815525,8
16.73907,5.682313,9
9.080664,13.999179,2
6.837823,16.437273,2
3.4067528,11.694748,5
15.893869,6.5022454,9
12.948572,1.7485034,9
8.900091,7.4425,1
6.8383207,6.7603574,8
6.333026,4.4116826,1
8.6484585,7.4413233,1
7.2217436,5.9594927,1
5.435429,3.7194333,1
8.731844,8.263239,8
1.1732588,7.1288714,8
17.016333,4.4495006,9
16.40922,4.968202,9
5.403179,5.1496196,1
2.5669742,12.878533,5
17.08586,1.2819359,7
9.654437,-0.42371416,4
-10.262351,-1.2768599,5
-9.658218,-1.0295838,5
8.987784,5.0919714,1
8.334357,3.9141917,1
7.038414,-3.9889567,3
15.307478,10.259453,0
1.16837,6.7413235,8
11.886281,5.3496904,9
14.9724655,3.3984773,9
8.645431,16.354733,2
9.538593,-2.107314,4
15.169088,7.239669,0
12.130667,4.8251066,9
11.688562,0.4707632,4
1.7513942,11.792027,5
8.547347,-3.733247,3
0.26935932,11.619924,5
8.16563,4.9918704,1
8.197232,9.455327,8
6.3556275,4.1318965,1
5.108216,-0.096132874,6
0.809651,10.104604,5
5.1260676,0.43478966,6
10.456768,-2.9632964,3
8.377484,11.686373,2
5.4865255,8.185182,8
2.033564,12.023879,5
6.5454435,12.26405,2
3.6292722,13.043325,5
-10.744048,-1.2684658,5
8.002279,6.9445214,1
19.432999,4.958129,7
14.198375,8.323604,0
1.7287835,8.059324,8
5.592223,12.418515,2
10.143119,8.800799,9
-10.47118,-0.5934346,5
13.707151,4.974647,9
19.054543,6.0763,7
6.948243,-2.2152345,3
8.119141,16.071148,2
10.865629,0.5050781,4
5.9515176,8.807993,8
9.428071,6.8598137,1
9.174233,8.953003,0
10.006949,14.18132,2
3.4303117,12.324761,5
17.052095,9.825688,0
12.927105,4.4393954,9
10.77727,10.557262,0
2.98276,10.270382,8
8.61523,7.9911485,8
12.068527,0.5071588,4
9.453654,4.571729,1
4.5002,-0.36164284,6
8.730123,8.919363,8
-9.836601,-1.2696022,5
3.727969,6.4419436,8
10.7307825,8.830582,0
13.423066,3.384205,9
10.737827,8.327459,0
8.558481,3.2820423,1
8.735504,0.66918707,1
6.7789207,11.396611,2
6.0104556,13.388604,2
6.218209,3.1513352,1
10.74503,-0.75399256,4
14.062551,7.8593235,0
3.9588828,5.03003,8
18.554651,3.9836667,7
11.2797575,1.945071,9
11.895862,11.438404,0
6.082791,7.635553,8
9.236394,-0.2976123,4
15.988254,7.885357,0
4.5178685,13.511277,2
11.047791,10.193395,0
12.199692,5.113114,9
15.916797,2.8565059,9
1.2232383,12.698501,5
5.611553,1.5867676,1
-10.782181,-0.90362936,5
12.631653,-2.1069613,4
12.026543,-3.5159597,3
3.460453,12.866619,8
18.942314,3.9034789,7
6.851052,15.819151,2
11.389958,8.616242,0
4.066738,14.325224,5
17.62078,8.288786,0
10.021989,12.0088415,2
7.2312527,13.955366,2
9.406674,14.335493,2
19.374216,3.9201772,7
12.442969,-0.7512427,4
2.600793,5.211823,8
5.767847,4.7012506,1
16.021353,12.882455,0
11.281108,13.693434,2
11.73772,8.65123,0
6.3029313,16.228065,2
15.205102,7.8462358,0
7.9560137,2.3129601,1
16.678629,4.5550327,9
8.35372,13.3640585,2
13.302489,9.5907755,0
18.645475,1.6855237,7
10.8084545,1.8234837,1
9.821363,0.5347028,1
9.900669,12.110946,2
16.431154,10.115195,0
7.7093334,9.668852,8
17.14298,2.5430155,7
16.635078,10.973566,0
7.215489,-1.0160134,6
1.881807,13.626065,5
5.693096,5.5540867,1
7.3511605,11.458513,2
8.082136,11.360212,2
8.17894,12.671415,2
15.13736,9.289084,0
9.732302,9.121,0
4.698328,4.353089,1
2.0621479,12.693962,5
10.090898,9.792036,0
6.398362,1.8094043,1
15.261723,9.31406,0
6.3448815,3.9016907,1
17.748253,1.8331817,7
5.6793094,4.311623,1
10.619189,3.438481,1
7.1920795,3.1619418,1
3.1873982,8.028981,8
12.988757,15.653484,2
1.1688566,9.185215,8
4.962678,10.708015,8
10.684486,-2.3301384,4
18.319807,2.2122266,7
5.1950946,12.988629,2
11.325425,10.84832,0
7.312884,13.320909,2
14.468868,10.90464,0
7.1439557,10.697335,8
12.359196,8.841841,0
8.521403,1.8316984,1
5.227208,9.399457,8
6.4363656,-0.7935873,6
2.7292778,12.32953,5
14.615219,1.6271051,9
1.4734932,13.40086,5
-10.339249,-1.5377637,5
-10.381243,-1.240753,5
5.6157956,16.364967,2
15.269148,10.025234,0
13.281171,2.512298,9
6.755319,4.344973,1
7.089409,10.697485,8
0.49275666,12.036521,5
2.952105,5.0408163,8
6.6403832,2.3455985,6
5.539422,-1.1445379,6
-10.69723,-0.15930441,5
19.258541,4.5013614,7
12.096994,-1.518369,4
3.4552193,10.203135,8
5.321115,0.065210104,6
4.157019,0.39229643,6
4.177372,11.496905,8
9.393836,4.0743136,1
12.038484,-2.327558,4
10.751633,0.7245772,4
5.363059,9.3342905,8
14.252182,4.588961,9
5.392658,5.0703287,8
13.865352,11.022953,0
3.0464396,12.947347,5
3.903521,13.629674,2
9.334113,5.079542,1
13.01495,11.350396,0
15.575539,1.172115,9
6.321505,10.604684,8
12.031669,12.567683,0
4.3332796,7.0441337,8
2.751164,11.926783,5
9.077278,-2.2276883,3
16.74849,6.2228575,9
15.789329,6.7010436,9
11.494929,10.68618,0
8.76162,11.409974,2
15.440495,11.852232,0
8.839289,8.62049,8
16.682465,10.852466,0
13.160717,4.3405075,9
1.7450669,14.6359,5
17.224207,1.4917674,7
10.675085,4.138376,1
8.681632,4.277674,1
10.104897,10.516062,0
5.423523,8.514306,8
13.49531,2.141912,9
17.676096,6.431595,9
2.1479423,13.701826,5
12.952966,6.8772435,0
15.004597,14.143213,0
4.0509076,9.94329,8
6.076379,10.478592,8
10.787999,2.7808266,1
11.210881,2.0430946,1
-10.97981,-0.5846156,5
8.091377,14.154086,2
16.319454,12.002413,0
14.218055,2.5562055,9
5.882993,11.819067,2
4.0753098,15.201366,5
8.043044,9.12274,8
4.406784,12.777594,2
5.430221,11.623465,8
16.874779,11.71844,0
9.551715,4.7580004,1
9.459028,10.725465,2
13.131358,2.5989969,9
13.529718,11.374106,0
3.634132,1.6153536,6
17.844965,2.6091044,7
2.139348,11.32922,5
7.1213512,15.210778,2
7.6072674,9.329302,8
10.72685,7.849993,0
13.779264,4.3755145,9
2.9774933,8.6437235,8
9.183133,14.909791,2
10.605299,8.237884,0
15.443123,5.488176,9
6.947476,2.5653343,1
10.107722,12.881541,2
15.497895,8.069757,0
16.699581,10.438906,0
10.012673,13.182758,2
12.53444,7.249422,0
14.194919,13.6248,2
12.4666195,1.9156026,9
11.985888,7.0409746,0
4.625572,5.77491,8
14.154035,3.7081745,9
10.156826,-3.2799504,3
15.99178,10.239743,0
11.131031,7.538374,0
13.441492,6.182862,0
8.334152,12.326471,2
9.660892,16.276789,2
7.386387,9.959399,8
12.362311,-1.3334492,4
2.9676287,5.8676815,8
3.1333828,7.773808,8
13.12657,8.929723,0
6.1403832,8.625949,8
15.80158,11.408467,0
13.871413,6.6316814,0
13.474427,14.114162,2
12.368252,11.162167,0
4.5243235,6.4214625,8
9.607783,1.8974869,1
10.865631,0.4352248,4
3.5252,3.249191,1
6.675075,14.703525,2
14.07228,4.700237,9
8.998227,5.3633275,1
5.1885066,2.563372,1
16.957136,11.546228,0
15.384552,9.889005,0
4.516135,3.3444276,8
10.202649,16.032387,2
6.0521274,6.5428743,8
6.551046,3.247814,1
8.643687,9.963676,8
3.079335,13.712494,5
11.418642,13.917667,2
6.3921876,12.770712,2
1.1055652,6.1245337,6
13.380488,10.046214,0
2.5494514,4.266031,8
7.500078,5.166796,1
12.52429,10.378552,0
12.875679,11.4323015,0
-10.994505,-0.3227752,5
10.993906,2.3410869,9
3.1341026,8.812196,8
15.887304,8.891963,0
13.324116,14.338352,2
4.2362475,14.469971,5
2.7970366,3.8998892,8
6.420666,8.522819,8
5.224805,-1.0527505,6
12.003546,13.540865,2
12.484013,2.0120313,9
14.611415,4.097202,9
11.707805,15.311746,2
14.34126,7.77925,0
6.095549,7.6447306,8
3.4106627,11.527323,5
3.5287309,9.083373,8
15.613663,12.445108,0
4.680737,13.129893,2
3.1928046,13.771579,5
4.921897,3.3128417,1
15.670238,2.784833,9
7.259572,11.400345,2
11.606481,13.198589,2
-11.134123,-1.5216014,5
14.419791,2.1481314,9
4.7547245,5.6048784,8
14.436973,14.176113,2
4.290689,11.49896,8
4.595367,-0.5037737,6
-10.206802,-0.83878356,5
6.7331347,12.779225,2
6.2139616,7.955838,8
9.914516,9.636898,0
2.695407,14.14447,5
7.235778,14.201975,2
2.872502,14.228156,5
14.724736,2.5598438,9
13.827104,10.3500805,0
14.971398,8.853975,0
4.2120833,2.5197802,1
8.181696,4.2312593,1
13.826603,7.198022,0
13.998182,9.995617,0
3.0910852,15.160963,5
14.333934,11.710361,0
14.448498,2.4218469,9
4.4535165,11.780676,5
4.130314,10.713391,8
16.094645,6.6975684,9
10.191833,-1.6650704,4
16.418621,2.529493,9
13.625599,6.177417,0
12.937535,8.899022,0
4.8797297,1.8329743,6
12.226003,8.329261,0
2.7543645,4.2142324,8
-9.695402,-0.57876235,5
3.9953191,10.350444,8
11.5150385,2.0032473,9
0.9379192,13.092148,5
14.92471,5.141106,9
5.41421,-0.73642015,6
9.842158,-3.757891,3
5.927958,14.686448,2
11.991767,4.8220325,9
13.657847,-0.90780175,4
10.435639,0.94044465,1
9.4639845,5.076983,1
14.574703,-0.8683587,4
2.5907123,12.240839,5
12.799178,-1.7514197,4
15.723146,5.058726,9
5.040014,0.715483,6
14.894517,5.285397,9
6.9210067,14.898371,2
7.0858,10.930484,8
11.341503,10.421633,0
2.300858,12.547217,5
5.4802656,4.71909,1
16.704018,5.293106,9
7.215605,12.461224,2
8.5848675,10.8407955,2
7.326805,3.7936819,1
16.93105,9.241632,0
17.283272,7.2409234,0
3.7437966,9.675418,8
5.478875,8.189988,8
13.838549,13.511651,2
11.947426,0.29479617,4
-10.400166,-1.5368823,5
11.359853,-3.2758048,3
4.571244,13.575596,2
12.6866045,15.259917,2
3.6111062,6.192018,8
-10.579058,-1.0245901,5
1.7763321,13.371903,5
7.930646,6.7823663,1
7.9376073,6.640869,1
1.4131777,8.064002,8
5.2625775,2.912573,6
8.174025,0.25562352,1
9.203677,6.0396605,1
7.357594,9.492062,8
6.4239445,6.072263,1
13.944277,13.708847,2
8.649192,-1.0445231,4
7.292881,11.861217,2
6.8431983,8.701125,8
10.082191,13.493677,2
12.054182,10.691057,0
6.3846793,17.088655,2
12.942604,5.2644196,9
9.455219,0.49921152,1
4.0158954,6.140757,8
5.152767,9.891888,8
11.715998,8.312682,0
12.976854,5.2042904,9
14.017126,12.297935,0
2.6338832,13.729376,5
15.916348,12.49654,0
13.393491,2.114843,9
9.058385,16.424545,2
13.909454,9.597663,0
9.213424,13.070862,2
15.232783,0.33779797,4
15.517338,11.91746,0
2.0817204,13.954977,5
12.996705,7.3244953,0
15.911422,10.681049,0
16.203035,7.0493636,0
10.36448,10.803697,0
16.804111,7.2686834,0
14.889219,6.9211125,0
8.794064,11.653691,2
6.292068,6.533413,8
10.926913,8.638723,0
4.727776,9.263053,8
3.1002653,4.834293,8
4.711911,2.3564894,6
9.222855,3.2800071,1
14.376873,7.148101,0
4.8988943,13.222557,2
15.369969,2.9644454,9
2.3668602,8.960008,8
15.736271,10.381108,0
10.213256,6.015474,1
1.810635,8.758912,8
8.060239,9.615516,8
10.631218,7.485031,0
9.8652,-2.774532,3
-9.764305,-1.2560132,5
9.859505,5.22274,1
1.3963792,9.74405,8
9.7800255,4.798301,1
14.120801,8.916588,0
5.998403,10.27974,8
8.793984,9.755731,8
8.410139,6.3773866,1
3.1692133,15.114058,5
12.791649,4.4427056,9
11.951743,4.808395,1
13.1456175,9.4414625,0
12.157304,11.534201,0
17.40869,9.027059,0
8.572063,7.592013,1
10.789495,-1.8881081,4
13.471038,4.452899,9
5.761868,12.003107,2
3.077531,8.661176,8
6.75076,1.9207892,1
7.125229,10.467602,8
12.750966,5.699607,9
2.6082156,13.769626,5
5.129725,14.416791,2
3.472249,8.387443,8
15.862023,12.587313,0
4.5365624,-0.16162017,6
-10.346827,-0.44859773,5
-10.094463,-0.7299172,5
10.671967,2.9801195,1
19.338205,3.3067255,7
13.401686,11.397803,0
3.0290494,2.0725207,6
3.6998816,4.254167,1
3.4436061,7.7429276,8
12.750144,-0.43638954,4
12.358556,2.887846,9
7.2096143,11.94059,2
5.6396723,8.2012205,8
2.9479182,8.785653,8
11.90612,11.971112,0
14.21503,7.8964143,0
11.978517,7.109643,0
8.4951315,1.4756778,1
11.886498,-0.42628878,4
10.974831,-1.7506558,4
3.2644491,10.475194,8
12.902785,14.798198,2
5.710269,0.37713793,6
4.6537676,4.692494,1
13.1300125,3.2744586,9
15.202252,11.206251,0
8.485048,4.1738043,1
8.204672,3.057854,1
12.686031,6.365254,0
6.4956055,2.2211573,1
16.409029,10.237827,0
11.083526,3.7588716,1
5.008497,13.007228,2
7.6983075,14.930627,2
12.4015465,0.6799064,4
6.6796308,16.24862,2
18.88297,3.7256973,7
4.776498,11.855546,8
6.961919,8.323986,8
17.130743,7.057338,9
4.472057,9.534553,8
15.384801,11.145913,0
11.708157,14.9059305,2
11.825367,7.0008535,0
10.8914585,-2.275965,4
2.8685236,15.107694,5
1.3759048,7.3295846,8
13.849064,-0.83028233,4
11.963106,1.4770883,9
11.065074,10.806049,0
12.481686,4.6844826,9
10.196305,-0.40056875,4
10.473995,12.795275,2
11.494255,14.22351,2
14.99501,1.0667797,9
13.816669,3.2709506,9
4.2693725,5.8220053,8
5.303075,8.534842,8
3.137814,10.204391,8
13.868095,5.1650124,9
11.190873,8.854502,0
8.035419,6.75874,1
11.511094,3.7219296,9
7.7619004,12.492465,2
19.142015,2.962325,7
6.612827,0.3465397,6
9.94548,13.366396,2
9.23132,12.901493,2
3.4949121,13.745577,5
8.98121,10.546381,2
6.872171,7.1011596,8
14.651519,7.203267,0
7.5346403,5.8781505,1
9.805439,11.596034,2
-9.777811,-0.90868217,5
6.3387494,14.754727,2
11.175281,3.7495153,1
6.0130067,0.5690505,6
8.639473,7.2620482,1
12.694074,-1.4684459,4
13.653366,5.7147975,9
7.751903,6.4091253,1
3.4322817,11.311185,8
8.36146,-0.1570245,1
15.18476,9.539603,0
10.8379545,5.57937,1
17.104195,11.202047,0
5.6384845,4.7717023,1
4.6109962,4.608829,1
5.839223,14.582399,2
1.2886248,14.319829,5
11.755093,12.976514,2
18.795774,6.3898797,7
15.480506,9.7599535,0
-10.066508,-0.2619693,5
5.718355,15.50053,2
11.494862,5.949083,1
6.6531296,12.333762,2
9.534243,14.961949,2
7.800602,0.4727629,1
6.498604,-0.01806851,6
-0.118449315,11.386476,5
6.7747216,8.842646,8
13.208806,4.4585204,9
10.584911,13.594929,2
4.698721,2.7923937,1
8.173188,3.91619,1
5.399771,10.068156,8
17.082905,1.1770886,7
7.326647,7.6153374,8
3.5831704,4.4771595,1
13.662011,7.4077373,0
7.2974353,13.929591,2
7.5301023,7.0582294,8
12.185016,10.699669,0
-10.08625,-0.7384782,5
5.2898126,11.115254,8
3.8994486,9.7246,8
4.4414225,13.828411,5
10.692177,10.585099,0
15.219994,4.2577815,9
6.990707,15.978917,2
6.6093445,4.5799994,1
14.085087,10.254753,0
2.0575926,11.896221,5
8.637675,7.342629,1
14.144329,8.196032,0
0.47232646,7.9297185,6
8.616488,10.976462,2
3.6468587,6.8866625,8
3.6689773,11.378438,8
7.0696516,-0.18538886,6
2.9075816,11.220776,5
2.9864478,10.332991,8
4.602131,6.8405294,8
0.2730857,11.159444,5
10.732051,13.773439,2
10.017796,8.4221,0
3.780014,1.5281862,6
17.237057,9.210648,0
10.71481,-1.7857355,4
13.480387,3.3597507,9
12.01444,3.065072,9
9.790106,10.121492,2
13.041967,7.2425385,0
10.8096285,-1.9630781,4
1.5073261,9.718717,8
5.0664387,1.1264201,6
12.828465,12.073382,0
16.677052,9.522193,0
6.9762006,16.263353,2
11.534345,10.577088,0
2.7907462,9.008677,8
10.885123,8.703996,0
14.721608,2.7101572,9
15.799959,3.7622042,9
7.4282246,7.8749337,8
8.807729,4.117138,1
7.299248,8.9010315,8
11.493551,9.002734,0
7.4202886,2.7663014,1
12.776491,6.6027007,0
11.733142,0.7581885,9
2.8583686,3.887576,8
5.23251,10.020999,8
7.966618,3.6226428,1
6.528359,8.400516,8
10.740535,8.132889,0
10.330366,1.8770102,1
7.328504,5.015323,1
17.170725,6.2995386,9
15.165131,13.8637295,0
9.6379795,-0.68013626,4
16.042717,10.239719,0
5.709402,8.573961,8
9.346216,5.765514,1
8.605013,-1.1305645,4
10.2114525,4.020949,1
4.318088,10.811838,8
17.295267,2.0570755,7
4.3359885,16.01169,5
6.3492312,15.763371,2
12.024611,-3.5270834,3
10.388665,12.63944,2
8.349872,8.136225,8
13.552215,12.470461,0
12.954158,-0.7738966,4
12.091672,1.1635604,9
9.993008,11.685209,2
0.98080444,13.65259,5
2.684909,12.6868515,5
10.646119,5.116089,1
15.019115,7.6782017,0
4.241976,12.52331,8
16.01574,9.397086,0
11.170918,14.047784,2
11.255356,5.6006446,1
16.325819,7.253255,0
13.806635,14.448072,0
4.593577,12.572944,2
11.632095,6.803681,0
4.063523,5.8023415,8
5.4041247,5.9543085,8
6.945769,2.2763488,1
4.333402,6.5622144,8
3.6206384,4.264688,8
8.896725,13.369064,2
7.7617903,12.04732,2
14.989822,-0.7544545,4
13.809542,5.4645863,9
13.938692,14.073278,0
5.5591025,13.442966,2
7.5314703,5.064089,1
17.058882,9.373764,0
12.008395,2.0289538,9
12.218085,8.99339,0
2.4635394,4.187065,8
12.066625,1.8072484,9
11.174191,-2.9601736,4
8.296286,11.396364,2
6.049716,7.5742183,8
1.4048008,7.083352,8
4.5620403,13.466294,2
6.7074604,7.6079545,8
13.200414,4.2644143,9
10.149969,6.728928,1
10.8104925,10.089716,0
15.455423,5.995411,0
4.5980067,9.337372,8
6.8953037,16.16844,2
14.899313,0.33545312,4
4.1855955,2.8855722,1
4.5935965,10.338334,8
3.1683886,13.878962,5
8.584499,5.607825,1
6.5123305,3.0108218,1
8.337266,14.776896,2
7.009783,9.7310295,8
15.28784,11.4854555,0
-10.058776,-0.88300514,5
2.8512294,13.61527,5
9.965846,14.407164,2
3.006303,5.120664,8
12.596387,4.953949,9
1.7402258,14.657986,5
3.072128,8.157533,8
10.743112,2.284647,1
7.221259,10.8353405,8
12.880323,8.99556,0
11.998122,15.810044,2
14.123362,8.4136,0
4.495519,12.445671,2
1.3041583,6.5172195,8
11.335907,4.292733,1
16.198833,11.828922,0
16.753775,11.884129,0
10.19973,5.099036,1
9.931682,6.486761,1
4.6086626,15.0380125,2
14.855532,10.410532,0
9.412161,5.958446,1
7.1104774,8.356858,8
9.935864,5.6733603,1
5.5175753,9.517894,8
9.19399,14.844532,2
9.976698,3.0168784,1
6.0821486,9.468857,8
4.3451467,12.647383,2
13.476441,14.615114,2
4.633653,15.214344,5
17.360598,7.1550493,9
-9.686321,-0.6604875,5
6.5315166,3.6617222,1
6.259461,8.561235,8
18.912895,5.7864065,7
13.573195,3.3461783,9
6.4585733,13.317604,2
6.294615,2.11013,1
6.3625083,14.073011,2
6.10731,-1.6191379,6
10.402612,2.8549242,1
9.111416,12.709783,2
3.4694986,13.72603,5
5.133602,8.958179,8
12.409892,1.4214423,9
16.258703,12.83365,2
10.232894,2.208419,1
10.564151,1.1663908,1
9.792026,9.917568,0
17.042686,7.1338434,9
7.971392,0.23040827,1
6.7081428,-2.0750833,6
8.2326975,15.068097,2
14.240102,1.8091817,9
-9.675438,-1.1729839,5
6.222472,3.0799518,1
4.9361596,5.6204863,8
14.252491,4.123474,9
13.353579,1.2022766,9
8.490338,14.953061,2
1.2884238,11.721609,5
7.97932,13.408524,2
17.094503,9.419781,0
11.328212,-0.5328217,4
15.463956,7.699614,0
13.235419,13.441054,0
12.091214,8.801774,0
14.965157,3.4611804,9
9.902765,1.3101667,1
15.405238,9.981557,0
10.468826,0.7735832,1
10.1828785,11.607953,2
7.5033984,0.6276991,1
16.843996,4.75653,9
11.081502,-0.84498984,4
4.088789,12.718086,8
15.346492,11.4649315,0
6.854086,-1.3678256,6
10.00056,0.6587899,1
10.547538,-0.70125306,4
5.0794525,7.520042,8
12.776122,1.9312991,9
11.229206,10.996352,0
6.6737003,16.687536,2
-9.824743,-1.291478,5
17.018475,4.7304697,9
8.907526,3.4223776,1
9.813551,3.1510048,1
6.310246,15.868161,2
6.1456614,6.3492923,8
12.674789,4.3534594,9
2.114769,9.902088,8
9.230615,4.335475,1
-0.008686807,11.229259,5
13.184319,7.6161427,0
3.685091,4.8734164,8
8.05331,14.739659,2
9.837129,2.471032,1
8.225254,13.215618,2
5.573507,6.0825515,8
4.169673,6.806075,8
9.507315,-2.5480292,3
-11.367454,-0.87081766,5
6.4007516,2.6435907,1
3.371743,10.683743,8
8.298878,8.930414,8
3.7752202,4.0999956,1
10.334591,15.432799,2
7.227123,4.5071254,1
8.858196,12.845179,2
4.72505,4.7269106,1
11.714209,15.015174,2
4.5475035,12.306071,2
9.73797,6.2082443,1
11.469788,0.28130594,4
11.18481,12.003164,0
3.6473734,7.9633927,8
12.051716,2.9417152,9
11.633614,14.858118,2
5.0906854,0.7402098,6
4.0673037,11.5654545,8
15.006744,8.781775,0
0.035661086,10.07127,8
5.8828535,9.258374,8
5.9806533,8.784825,8
10.020008,7.7755866,0
10.118575,14.609932,2
-10.343207,-1.1726049,5
4.792118,16.072067,5
13.034313,0.4330504,4
4.9970374,11.828619,8
12.061313,6.303293,0
18.290154,5.1940737,7
1.0912882,12.524533,5
3.332011,9.810205,8
5.390005,0.3978742,6
13.701055,10.625534,0
13.944558,-0.64314306,4
4.669752,7.2177334,8
7.5828433,2.1996782,1
0.6022547,11.454366,5
13.3793125,3.3822322,9
9.097896,8.099863,8
6.1699305,2.1340735,1
0.28118032,12.460254,5
10.914159,9.482132,0
13.972916,10.73087,0
6.8201733,-1.4440925,6
5.254604,16.289286,5
9.576868,5.0112643,1
6.649209,-0.93905926,6
15.2079,11.478105,0
7.0599093,8.538551,8
6.7962,13.718661,2
13.357231,9.41153,0
14.490889,6.051823,9
5.4275923,6.8481092,8
6.608028,7.054949,8
10.816732,10.763782,0
8.552936,4.9786406,1
5.198804,0.42610797,6
9.155184,4.2965164,1
2.730047,13.621895,5
13.812852,0.99394286,9
5.4815145,9.38007,8
15.3345585,12.325345,0
5.351118,12.33345,2
12.108242,13.034975,0
8.138202,10.244624,2
10.236073,15.875666,2
18.116156,6.5811334,7
11.619717,15.007018,2
11.594474,12.165581,0
0.29474917,9.031451,5
12.652426,9.193895,0
10.98569,10.687534,0
13.050472,5.488714,9
13.444673,14.543439,2
8.682889,7.440866,1
1.7693231,10.629662,5
15.477099,13.259787,2
17.97803,5.2984824,7
5.6338625,7.897424,8
7.50311,4.064212,1
6.9203906,12.483505,2
9.965328,10.474964,0
13.598598,14.050774,0
-10.098553,-0.62259007,5
9.9055,14.203048,2
6.9059844,-1.090073,6
9.691592,11.141309,2
11.460442,8.032735,0
12.893182,-1.3475953,4
3.061396,3.0029154,6
0.48172456,13.192706,5
5.467406,13.669088,2
19.044516,4.898071,7
10.3737955,0.7358944,1
8.82711,6.6053586,1
4.0313487,10.605524,8
10.467202,1.5299923,1
4.1117043,7.761333,8
0.509449,13.702818,5
16.912289,9.99286,0
11.954136,9.042585,0
4.993973,14.2224,2
8.639006,5.8405337,1
14.563345,6.879674,0
7.269071,11.355072,2
4.8671193,13.318326,8
11.3863535,10.315906,0
9.708282,6.051466,1
9.776583,1.5491015,1
4.493367,10.480534,8
13.699961,4.7524858,9
4.7348742,1.4252659,6
6.440257,10.694132,8
6.4512014,8.295913,8
5.3984194,7.7014823,8
13.471976,9.30957,0
14.346285,4.3468437,9
6.102621,12.617547,2
-0.0337414,9.096272,6
4.5885777,13.346593,2
4.5751405,2.6233268,1
0.79131913,9.549248,5
7.773874,10.864686,2
10.324937,1.417079,1
7.616653,13.280672,2
5.17425,12.978341,2
16.923658,10.469831,0
9.426966,8.997548,0
15.805445,3.0614896,9
8.629116,12.242526,2
9.741424,0.27623183,4
8.988377,2.1988251,1
11.513056,6.1323113,1
11.496299,0.97907346,4
-11.118882,-1.5061134,5
4.494502,14.494745,5
12.219046,11.407001,0
15.192407,4.656914,9
8.685268,7.7956424,1
6.6220384,11.593472,2
11.198162,11.597794,0
4.050309,8.111191,8
9.8913765,12.3599205,2
7.5928636,3.4849203,1
13.598583,9.039117,0
10.391577,7.4229865,0
5.8107195,5.966636,1
14.7251005,8.021584,0
14.14796,5.851264,9
-9.962372,-0.9921072,5
7.283343,13.149244,2
17.711521,7.144034,0
0.99707276,9.291508,8
-10.709376,-1.1691263,5
9.342482,12.7322855,2
12.479801,12.347883,0
2.8986712,15.032272,5
15.872706,13.186597,0
5.433206,10.111153,8
6.5626225,15.424175,2
13.503367,13.499165,2
6.54821,13.54317,2
4.4785504,15.973069,5
10.651158,7.5416613,0
9.691703,6.670368,1
18.44484,5.264963,7
6.3546314,11.314523,8
-10.86096,-1.2346957,5
11.593416,6.082246,0
11.474781,12.076836,2
12.422847,13.046923,0
16.831846,1.1078901,7
8.82309,4.8939896,1
9.171661,5.0624146,1
-10.850442,-0.6370709,5
7.785083,3.703222,1
3.6567028,2.4409235,6
5.228412,0.8900987,6
9.155128,8.032535,8
12.218956,3.1368566,9
6.4492736,15.462627,2
7.168627,12.937652,2
15.169727,3.9361634,9
14.9282675,5.177349,9
12.880006,9.839311,0
12.234981,5.7675233,0
11.994035,13.915199,2
14.010761,1.8898712,9
4.3743377,2.1613784,6
14.873357,8.930589,0
1.4290931,12.319787,5
4.785972,2.7677028,6
-10.268009,-0.5122587,5
13.414352,4.2144403,9
19.090233,6.3022804,7
4.1377625,5.3246436,8
5.3337307,12.670473,2
8.04416,9.217078,8
8.649203,5.477906,1
17.127743,3.0304475,7
14.179078,13.266801,0
2.9843102,9.700309,8
15.254741,10.114384,0
18.152973,2.8155718,7
14.894747,4.9361806,9
16.072071,3.2605956,9
14.262442,8.88485,0
3.484913,15.50005,5
13.024326,2.1827784,9
9.294245,13.210459,2
10.422261,4.89287,1
17.652048,4.6080294,7
11.768916,4.216126,1
12.023827,9.909272,0
6.846732,14.297012,2
7.590204,14.286874,2
1.1154978,9.565724,5
12.557563,-1.3379129,4
1.6600962,13.559107,5
9.853694,6.362023,1
5.1647463,4.9167204,1
8.138808,13.330959,2
1.4395423,8.881034,8
15.34482,2.6061423,9
21.453941,9.55911,8
1.4406466,12.196785,5
8.020997,4.146706,1
15.397619,13.011409,0
4.257441,10.584856,8
9.79888,-1.4398432,4
10.025407,-4.0232215,3
10.790311,11.640918,0
13.110215,7.6321387,0
7.8788543,16.11701,2
10.761639,11.00313,0
5.8289895,15.7525,2
11.010997,7.6296797,0
5.066829,13.973436,2
2.3954897,14.25112,5
5.8143625,1.6691318,1
-10.802159,-0.42701915,5
-0.040893465,11.39393,5
12.345519,-2.1029928,3
8.119199,12.92172,2
6.12484,10.620542,8
8.001626,8.257769,8
12.774174,2.3270345,9
14.430097,9.8223915,0
16.295555,7.354322,0
-10.148425,-1.5476989,5
8.447354,12.563639,2
5.89556,2.0115478,6
7.225753,12.797914,2
4.375768,12.65476,8
15.029484,1.4153427,9
10.249032,-2.8776877,3
9.733955,0.954625,1
6.7900796,15.4411,2
11.860718,8.508448,0
13.254721,4.8307314,9
9.064282,14.089195,2
8.623266,8.474776,8
11.9670925,8.512768,0
11.204288,7.07142,0
4.3416963,6.9265704,8
3.5071757,3.5559416,1
10.55328,-2.9382377,3
5.884725,15.084422,2
6.9107275,-1.1013256,6
14.73729,11.562298,0
9.228452,-3.5772502,3
2.8838995,4.2908216,8
12.558014,13.1373625,0
5.062103,2.659736,6
10.284029,9.04807,0
4.0954475,4.5428567,8
11.834272,8.641979,0
5.7859907,9.43062,8
5.408109,9.809162,8
7.943787,3.4416225,1
13.084743,15.095162,2
2.9097102,9.720543,8
8.128639,9.119154,8
1.2852638,6.821344,8
3.7455125,2.6480985,6
3.7459145,1.6909995,6
17.70693,6.005609,7
7.0406013,6.071653,1
13.111396,8.406363,0
11.9052515,12.562704,0
14.3804455,13.017997,0
16.362814,1.7932633,7
7.5124006,14.364757,2
9.404108,2.1419091,1
15.826401,13.4002075,2
14.598806,0.8689179,4
13.41478,2.5818903,9
16.532759,1.6151395,7
11.675204,2.1156418,9
8.815334,-2.3389416,3
12.5342245,5.2484574,9
7.3764415,8.39379,8
10.188294,8.1166115,0
14.783477,11.506184,0
1.8116208,12.2212,5
13.541648,-1.03977,4
15.252454,6.2393603,9
11.660222,9.000906,0
14.282172,7.6557384,0
10.102219,-0.6696983,4
10.390251,7.6866097,0
15.203641,11.171946,0
4.2080135,11.682761,5
14.859616,6.329634,9
15.210352,0.41967034,4
5.8294115,15.269031,2
2.8816822,3.5965323,6
9.92327,11.62091,2
7.840871,-0.3997375,6
5.4551067,15.803009,2
9.405784,9.683991,0
10.540166,6.341589,1
15.218834,14.124533,2
13.419699,0.7647791,9
12.65904,5.0040298,9
9.076887,0.7983775,1
13.594337,5.931198,9
13.776376,14.81237,2
10.645066,5.915512,1
10.93559,8.343645,0
12.495078,8.642569,0
11.803472,-2.6664596,4
6.071211,5.1636686,1
14.599563,11.774433,0
16.179161,8.557403,0
0.89134294,13.915242,5
19.315186,3.3075411,7
14.752009,7.2989006,0
6.8678427,8.437913,8
9.095959,4.778145,1
2.7274857,13.875453,5
9.356403,9.088457,8
13.04906,3.0248988,9
12.473004,13.544819,2
10.967591,4.654596,1
-11.054294,-0.5238454,5
6.7573714,16.942179,2
12.506731,11.370893,0
17.239277,10.719035,0
4.4352274,16.029089,5
6.875774,4.266193,1
12.7666645,5.713221,9
14.188319,10.197771,0
13.835592,10.553737,0
5.3801684,8.503388,8
8.232278,10.510907,2
15.53114,8.733916,0
13.657225,4.7878337,9
11.208105,-3.1236217,4
13.082207,8.952195,0
15.678924,5.3126984,9
8.756065,9.36187,8
9.04879,0.8546786,1
9.78515,9.834864,0
7.5184245,16.829105,2
6.995065,1.2993047,1
10.567539,10.180493,0
18.604294,5.6304646,7
15.81205,5.552703,9
10.332589,11.873641,2
0.44637287,13.662185,5
10.213013,10.4619255,0
4.6457615,6.99237,8
11.581833,1.9434183,9
-10.614181,-1.6385309,5
14.760517,8.467605,0
10.089543,15.422223,2
9.394168,-3.4581869,3
4.4545302,3.1440012,1
5.254773,10.00251,8
-10.303926,-1.1494222,5
3.5893154,13.397042,5
11.701909,12.475982,2
8.000529,-1.8966664,3
15.836901,1.146375,9
11.641589,0.5644039,4
7.0550017,15.88924,2
8.285321,10.092567,8
12.833628,5.620273,9
5.655314,2.927207,1
4.1597614,4.5549464,8
7.34821,9.937928,8
12.029751,12.32564,0
7.8398843,15.196171,2
6.1929665,14.340849,2
7.6979237,8.784481,8
8.268985,5.8920155,1
4.112495,2.8641703,1
11.392869,-1.6819409,4
9.9672785,-2.8961215,3
4.276326,15.511833,5
10.549076,10.763714,0
3.9011762,10.850031,8
8.341914,10.316834,2
4.351216,9.409218,8
5.195706,10.384233,8
9.866548,5.820189,1
10.621502,-3.290247,3
3.3339264,11.396576,8
9.890567,1.606418,1
2.6689975,8.449963,8
4.785303,12.863906,2
8.308289,9.91611,8
14.334047,6.6630836,0
11.606289,14.790989,2
11.854346,11.711327,0
-10.297723,-1.1870345,5
12.389177,-1.8415426,4
15.228788,5.5677934,9
12.375756,-2.1688843,3
13.12949,3.32173,9
6.061658,7.052234,8
7.0190554,1.2916851,1
8.151669,10.787106,2
15.864005,9.025773,0
7.3565416,14.901865,2
4.8932185,5.360342,8
12.775041,14.1286335,2
14.5255995,4.515353,9
16.348598,7.1847816,0
6.819479,11.470337,8
10.848996,7.152336,0
9.744283,13.31885,2
12.041186,8.562646,0
19.163424,4.1824117,7
11.523731,12.298806,0
7.222263,16.53612,2
5.4218,11.075398,8
7.8819165,7.7355604,8
5.490992,12.021842,8
2.3231173,7.0431023,8
15.4779825,4.1834097,9
5.343123,-1.2793924,6
2.023128,6.4558463,8
5.8793764,-2.6518724,6
8.702303,12.356345,2
6.287757,-1.7200902,6
11.7491,1.4145703,9
14.263255,4.983631,9
2.8411136,8.826224,8
7.2863235,-4.6069694,3
15.532189,1.2763796,9
7.8826447,1.1767913,1
12.054999,-3.5173829,3
13.55165,7.9848185,0
11.696774,7.7024536,0
13.610854,11.252404,0
6.308776,-1.7054687,6
10.896805,10.690988,0
9.024039,-0.7430638,4
6.0083795,15.824911,2
10.214037,13.465804,2
7.9147525,1.7559363,1
17.048271,1.816309,7
5.939908,0.119577385,6
13.006614,3.3209698,9
2.8522255,13.049711,5
13.840373,8.996775,0
4.3177395,15.460171,5
6.1447525,-1.039365,6
6.766091,9.623227,8
9.488261,12.061607,2
11.364148,10.74364,0
17.809889,1.6776302,7
15.20297,5.252505,9
13.244616,12.199535,0
9.501921,-0.70069647,4
3.4130356,10.287669,8
9.0319605,-2.3065,3
3.7428412,8.154355,8
3.4362648,1.56885,6
15.9035845,7.694017,0
14.124027,3.1218116,9
7.5489297,4.432294,1
8.570894,5.2446995,1
0.14022848,8.315267,6
3.3897004,12.909782,5
8.1825285,11.115256,2
10.156368,7.2987556,1
18.741243,6.128053,7
6.727303,-0.68772596,6
8.638481,5.7053227,1
6.4570994,-0.07347785,6
1.071473,6.24107,6
4.952672,2.6164134,6
7.4440765,8.486305,8
7.2283497,11.143643,2
7.5601335,5.2539053,1
13.950886,2.4998639,9
8.07721,6.952438,1
3.8056343,14.325576,5
8.09931,4.6800127,1
12.061953,15.6086035,2
2.5206378,11.707462,8
21.422644,9.523973,8
15.336792,11.233778,0
4.9199233,6.564537,8
13.539995,1.5218239,9
-0.01298198,11.0464945,5
16.240105,1.2897412,7
6.263609,10.469199,8
13.430822,-1.0398327,4
12.172674,1.8232867,9
4.8979387,4.257568,1
6.599739,6.147674,1
7.509853,-4.004128,3
9.289049,13.426769,2
11.263649,10.581458,0
3.7160184,7.419893,8
11.782093,0.66700995,4
13.410235,12.986969,0
4.731967,9.08417,8
15.710511,9.773529,0
7.729016,-2.9010563,3
9.578138,8.33265,0
4.284383,14.377889,5
7.725683,6.910172,1
0.8393033,9.768781,5
6.2785077,15.298345,2
12.386875,11.008906,0
12.472954,11.413605,0
6.787086,14.859944,2
4.3932986,0.22674362,6
16.824562,5.118896,9
9.060479,16.380285,2
5.768901,11.861759,2
15.561311,0.7877347,9
8.676932,7.467229,1
3.4963815,4.294214,1
-10.233778,-1.5233026,5
12.134602,6.4427443,0
12.464467,9.12206,0
16.894663,10.061763,0
8.223097,8.331036,8
0.35262144,11.593798,5
15.463865,9.466823,0
11.007796,2.8821368,1
9.318742,4.998996,1
14.160404,5.698213,9
6.3719373,11.028559,8
11.509024,10.41836,0
-10.596419,-0.4298887,5
14.137998,6.120608,9
9.88808,4.0962663,1
8.443634,6.945221,1
10.129233,4.9023757,1
8.725947,13.744579,2
12.208411,15.212751,2
12.032584,9.732592,0
5.488891,-1.2402945,6
14.679462,6.213686,9
18.411077,2.1129687,7
4.8915215,0.49283054,6
6.5675535,4.946331,1
16.00641,10.852933,0
15.562095,9.879036,0
7.9814816,8.575013,8
5.243005,15.167555,2
12.70052,1.1473022,9
13.927413,2.2920685,9
9.639521,4.5992,1
7.474545,4.9865756,1
3.3214667,2.423964,6
11.529689,9.8362,0
6.175212,11.7771635,2
4.866037,-0.84077954,6
8.009935,14.032958,2
7.1096373,-4.1046515,3
14.988536,2.7040956,9
11.420411,11.888564,0
4.973069,-1.1327592,6
12.214211,13.370625,0
12.448492,-1.8350004,4
0.59033424,12.341305,5
6.160824,10.381233,8
17.821299,0.8204109,7
11.050518,4.773676,1
14.866687,7.491876,0
3.507514,5.561044,8
5.5821004,8.437788,8
9.362651,7.2997704,1
10.796081,8.274749,0
10.635167,9.053902,0
7.731586,10.812983,2
2.7779279,6.503256,8
14.108414,8.557873,0
17.513182,6.7818246,0
6.7877564,10.217992,8
11.680996,13.697494,2
17.094648,9.121678,0
14.196142,5.295199,9
16.454939,1.5932661,7
10.397304,10.207981,0
11.264618,10.968504,0
11.653468,8.657193,0
16.809938,4.693963,9
18.839647,5.77204,7
17.516294,8.08025,0
12.140382,7.24284,0
11.06122,13.081819,2
7.5073657,12.974313,2
15.753887,11.376007,0
8.649321,15.79039,2
11.322427,-2.9697154,4
5.917006,14.670844,2
14.436206,10.991512,0
11.104339,11.32542,0
11.620569,9.21082,0
13.727045,1.6588336,9
9.352242,9.202276,0
8.470117,10.562809,2
9.722645,2.9605684,1
4.0623164,2.4131072,6
8.570521,3.0965877,1
3.6663127,8.229242,8
6.5134363,9.6232,8
10.136253,13.369103,2
7.1821556,12.407114,2
10.14367,13.105922,2
6.045367,0.41851005,6
14.630114,2.4937317,9
5.285296,1.3335918,6
4.523019,4.850455,1
12.107807,-3.0204432,3
17.870626,4.09404,7
7.0698237,11.852827,2
3.904059,0.9720758,6
7.1089945,10.388684,8
9.536302,-2.5140944,3
5.653132,14.645214,5
4.837137,13.236269,2
8.697333,14.938883,2
14.331468,4.6962576,9
13.514962,8.707369,0
5.3308644,11.981507,8
4.6984944,13.877615,2
13.822078,4.7985864,9
10.443464,14.994446,2
3.0040572,11.329724,8
15.856098,9.816095,0
6.5094814,5.8468246,1
9.982278,3.5591786,1
11.790813,12.940567,0
11.728625,15.008287,2
10.667407,4.6520844,1
4.5288296,13.134644,2
5.1575675,11.941944,8
7.2640686,11.928226,2
13.53839,6.5894833,0
12.077472,-3.521002,3
2.9499457,2.964005,6
14.487209,4.2993345,9
7.2968693,3.2384245,1
1.3159914,8.7318125,8
11.545171,-2.8738594,4
4.869173,0.024298187,6
14.35449,11.725546,0
13.891955,8.919271,0
10.535303,7.6718407,0
12.944085,9.936074,0
1.1594635,11.619751,5
-10.59949,-0.48808247,5
10.602831,10.581429,0
14.940904,2.2475939,9
5.0897026,16.337582,5
9.883872,-4.0717616,3
8.340445,-2.887191,3
7.7172356,16.305964,2
9.852488,14.489558,2
5.4467373,5.5759954,1
12.516528,-1.4949261,4
7.754778,13.513849,2
9.147845,5.65612,1
9.15346,2.641228,1
5.537274,16.676838,5
9.074802,13.019703,2
9.084914,6.1498394,1
3.954081,0.7553534,6
5.4613256,9.660296,8
5.950729,13.990751,2
0.9101094,9.505755,5
13.486299,11.780956,0
14.520492,2.3812137,9
8.7310295,7.4614024,1
0.08698823,10.761719,5
5.2991056,2.8432322,1
10.916552,7.5178013,0
13.314422,14.814161,2
15.417473,10.771384,0
8.259946,5.046559,1
15.230499,12.024616,0
4.259616,4.789162,8
10.311247,-3.0733912,3
18.878359,3.9674313,7
10.234636,1.7561437,1
8.22113,3.2931616,1
6.7962937,8.674638,8
11.045384,11.0767565,0
5.6753683,15.990396,2
11.9515705,-0.20910478,4
1.3289641,6.759436,8
9.459363,6.849333,1
8.889252,7.5956116,1
15.156332,5.62228,9
14.401038,6.572184,0
11.207595,7.591533,0
7.313737,0.8633265,1
8.439575,7.66729,8
7.116097,11.105282,8
8.432619,8.851511,8
8.515279,11.700742,2
4.6389027,11.805621,2
18.503206,5.1309495,7
13.063338,12.656417,0
10.422021,8.279204,0
8.330847,6.7437725,1
9.099804,2.4466853,1
17.482523,7.038499,0
-10.369234,-0.3077383,5
3.2453704,12.238476,5
-9.735302,-0.9722881,5
12.566337,11.195891,0
9.209357,5.4845405,1
11.556111,12.714604,0
-0.054074485,9.170766,6
2.2085843,8.81853,8
12.640643,7.823631,0
0.9377254,8.052266,8
9.299881,3.2401576,1
1.0972259,8.964754,8
14.159455,7.741923,0
2.0383215,11.584937,5
14.743995,8.112424,0
4.4626617,4.4314895,1
9.8091345,2.1997395,1
9.601421,2.5491207,1
14.4087515,-1.0196944,4
9.052151,5.9696956,1
0.22441171,12.7741375,5
3.4508631,6.8380795,8
12.599772,-1.0391599,4
11.023699,11.054253,0
6.095309,0.25242347,6
9.983896,12.103715,2
11.10597,5.8806915,1
14.776951,9.249978,0
8.88515,11.060634,2
7.4383335,-2.945717,3
12.915176,4.284593,9
12.278326,10.526453,0
9.383663,14.399371,2
17.573118,1.9061527,7
11.567151,3.3621542,9
5.938583,6.520254,8
17.078382,1.3296579,7
6.778859,-1.3625027,6
15.868663,6.1488924,9
8.9068775,2.6190147,1
7.144924,6.34768,1
12.585034,9.263166,0
4.981145,13.721431,2
7.7561097,6.807521,1
15.640593,10.913235,0
-10.285345,-1.037832,5
5.9447126,-1.5681332,6
6.1670947,17.014328,2
17.276245,8.805236,0
11.608821,11.52443,0
2.4423523,4.8259354,8
6.876552,11.173935,8
18.410006,5.9124765,7
14.756333,6.293648,9
17.080242,6.76788,0
3.138997,12.050929,5
6.557979,6.5364995,8
15.77291,6.9959197,9
16.865742,8.49388,0
10.303101,7.065624,1
13.604446,13.663939,0
3.8838658,12.809268,5
5.054396,10.27023,8
10.821285,9.703563,0
7.953122,-0.08050888,1
8.529471,15.454372,2
8.144964,8.108639,8
0.94888884,13.381028,5
16.688719,8.955007,0
12.85855,-1.2319989,4
15.360269,8.135392,0
14.144128,3.7036536,9
15.563999,10.013962,0
9.576196,-3.6470973,3
5.871288,7.051503,8
6.8331923,16.60982,2
16.744427,5.59643,9
8.181315,12.924181,2
4.5848045,11.280648,8
14.069678,10.567586,0
4.539522,10.956678,8
9.526914,4.9542875,1
9.660033,4.3625817,1
7.8853097,13.329411,2
5.843796,15.215197,2
16.754622,11.749332,0
15.443354,4.655726,9
16.816036,11.7132635,0
7.0757875,9.875138,8
7.8156695,11.42835,2
16.86849,3.8379316,9
2.9312818,10.126709,8
14.433585,7.4212885,0
7.6172566,4.185928,1
8.151269,9.682522,8
11.220786,-2.0452216,4
11.940619,13.061986,0
5.884079,14.805542,2
7.7856803,11.6627,2
4.847934,5.902551,8
15.285831,8.935564,0
3.4881332,1.4688674,6
9.29997,4.7092214,1
11.3665695,2.0911925,9
4.7584085,10.778424,8
2.8400161,4.314693,8
8.138603,2.5449054,1
14.970134,14.192971,2
16.616262,8.633516,0
10.940314,11.948238,0
12.510395,10.232276,0
0.15449657,9.941848,5
18.47512,1.2366962,7
11.672636,6.1311,0
21.399769,9.6186905,8
7.133481,10.713022,8
-11.155943,-0.66036063,5
8.531873,11.73532,2
4.3813725,11.086798,8
10.321267,6.392628,1
-10.531682,-0.24146631,5
6.95903,0.078312136,6
3.0750923,5.9880705,8
10.993491,13.034821,2
2.63196,13.58161,5
16.02682,8.640313,0
1.739162,10.582741,8
14.567444,7.038873,0
21.370293,9.6005535,8
7.5435953,8.459711,8
13.544013,10.141269,0
8.893615,6.2632513,1
16.67581,5.190999,9
7.542954,-2.167463,3
9.5908785,14.576009,2
10.81182,12.023385,2
6.8686557,14.399531,2
7.072552,2.5303416,1
16.914537,1.2390692,7
14.159903,7.2570086,0
7.1962404,9.29816,8
6.1098943,5.286561,1
8.280001,5.65094,1
8.401817,6.5098386,1
14.709919,4.6089096,9
6.04378,12.494677,2
17.075827,5.9840603,9
16.809204,10.686303,0
8.818031,14.944092,2
10.683138,6.2814236,0
3.614348,10.023092,8
12.867882,15.66184,2
16.590054,6.091292,9
8.199466,-0.91680735,4
7.859588,1.9584066,1
13.449739,6.6315374,0
2.6693335,13.440866,5
-10.235384,-1.5894358,5
5.207809,6.6981816,8
10.890876,12.082171,0
11.72535,4.2207246,1
3.0545678,4.4579506,8
12.2554655,6.5543203,0
7.995275,5.401904,1
6.9917665,7.1340384,8
16.541538,2.6079655,9
11.328656,14.113393,2
1.3320022,12.446254,5
6.9392786,4.765682,1
13.909307,-1.0250487,4
5.839765,4.191288,1
5.4627337,12.882814,2
9.237329,11.646698,2
7.4353843,11.7394705,2
14.292422,3.36977,9
15.640115,2.7033477,9
12.806491,13.733076,0
15.333901,1.2144339,9
14.109479,12.088424,0
9.809149,13.801839,2
7.312866,10.785787,8
9.526116,11.368168,2
7.9120727,6.835171,1
4.8884835,15.978114,5
14.729657,12.969347,0
17.084656,11.032607,0
1.613975,10.57125,5
9.412176,14.841234,2
5.215468,9.308354,8
14.678225,12.606288,0
11.116146,12.578411,2
8.450198,6.3719363,1
6.0089703,16.070208,2
10.755213,8.8083935,0
4.437025,9.4172735,8
5.020824,2.99122,8
10.467343,12.607804,2
5.9007483,1.9444146,1
4.266045,12.990967,2
6.2004514,7.785325,8
14.821517,1.5046974,9
18.97558,4.280203,7
6.1905656,6.823812,8
2.6174788,14.909506,5
5.386869,12.968895,2
18.49332,4.4828362,7
9.4680195,-1.4368232,4
-10.91782,-0.96546775,5
10.3533125,5.0576844,1
10.184095,15.828772,2
10.181832,13.510535,2
3.45706,8.525306,8
6.120716,16.218002,2
3.4193997,4.086388,1
4.1832657,5.9108367,8
11.245334,5.8044567,1
13.370171,3.742709,9
5.311374,2.20176,1
7.4329805,12.697882,2
-11.2180195,-0.5619169,5
12.416491,11.102317,0
14.240757,4.715646,9
12.8203335,6.842721,0
21.44322,9.53042,8
6.064804,6.3454437,8
4.322472,14.042014,2
5.763838,15.144879,2
1.9982435,12.657636,5
0.61922175,11.530577,5
8.969781,3.2932024,1
10.027322,-1.3686767,4
13.3107,14.064074,2
13.673548,10.281297,0
6.509056,3.1876597,1
8.3307495,9.288367,8
14.652868,7.128449,0
9.170693,13.797541,2
0.081278406,9.014417,8
10.768561,5.6092315,1
3.7540262,11.185413,8
7.305022,7.109975,8
18.45755,1.1394982,7
9.033672,-0.4121392,4
2.849292,5.509523,8
8.932688,3.3850017,1
6.7007685,6.305235,8
9.484067,10.018401,0
13.147997,11.490369,0
11.372269,11.737772,2
-10.141509,-0.9326988,5
12.535449,4.6264567,9
7.9276295,3.3935204,1
8.24567,16.446157,2
7.5102844,3.2239254,1
10.513807,8.674554,0
6.263679,5.339345,1
-10.401563,-0.11750144,5
14.286966,3.5750198,9
-10.23554,-1.2741634,5
13.323284,15.370347,2
12.200386,1.6910198,9
15.220175,7.42295,0
-9.835264,-0.4227005,5
7.4856443,4.8059216,1
7.3869624,-2.7133362,3
9.398828,-2.1011744,3
6.580028,10.775864,8
8.38275,3.970243,1
16.9786,3.8670828,7
0.72939616,9.879529,5
3.609192,8.867959,8
8.171403,10.124592,8
12.763653,4.344826,9
4.3283086,11.648363,8
1.8673263,8.508995,8
17.318264,9.501474,0
14.549399,2.5097926,9
12.036902,4.608042,9
15.101329,13.713555,0
9.165113,2.1005113,1
11.266615,15.085014,2
8.123505,-3.4069712,3
4.2995095,7.2694087,8
0.5718275,7.3675303,6
8.7599535,6.5147815,1
6.0662913,13.03592,2
16.109768,9.738177,0
4.647033,4.3912272,1
10.540082,10.125641,0
14.082853,8.1676,0
3.6509123,2.6152258,6
12.908797,5.504401,9
11.445813,15.226229,2
9.683568,9.202314,0
4.3495226,4.5442615,8
8.868126,14.3115635,2
3.6153433,9.397623,8
15.921714,5.938775,9
11.489391,10.496151,0
1.4232172,13.336156,5
12.788251,10.023154,0
9.21902,-0.16216764,4
5.334318,9.744665,8
13.25856,8.641609,0
6.0646067,6.0000343,1
21.353529,9.570487,8
7.7236776,1.9341928,1
5.195139,10.9809885,8
7.2688303,8.143833,8
7.6799917,2.3523118,1
8.4761715,5.7130904,1
9.694447,-4.203112,3
12.814383,4.082309,9
7.094989,11.989977,2
7.120836,0.86912835,1
18.443735,4.8882523,7
11.138028,15.507624,2
13.69783,1.5654119,9
11.856301,10.766044,0
18.67543,5.3690457,7
2.5868003,9.955681,8
12.885754,0.5066589,4
-9.867483,-0.3581753,5
-10.467435,-0.48103172,5
9.982319,13.138865,2
9.922866,-4.03179,3
4.080824,14.900146,5
16.316322,11.149106,0
16.954195,2.257821,7
9.171643,13.551884,2
13.716825,9.977358,0
19.304012,4.698968,7
10.130626,4.6511984,1
12.5736065,3.9778066,9
9.727286,12.600919,2
1.40642,12.587245,5
14.177136,10.439834,0
1.6178282,11.420539,5
7.342167,12.68341,2
7.418824,6.906897,8
13.687846,0.9421205,9
3.283048,11.357567,8
2.7329733,3.282574,6
10.934466,7.9327407,0
9.2072315,5.563541,1
12.845725,-0.44107693,4
0.45059863,13.853498,5
12.040661,3.5093963,9
9.157777,11.445147,2
18.314392,4.315268,7
7.946724,2.0169396,1
15.085306,10.8951235,0
8.012698,7.3821526,8
4.3402386,2.5435112,1
4.556335,3.4326487,1
2.9064734,6.0395036,8
0.87313986,6.729362,6
14.67546,7.858624,0
4.562932,0.9756768,6
15.037453,1.4083378,9
5.8744836,14.237328,2
6.6267457,8.744257,8
16.960833,4.446427,9
5.5211487,0.64685667,6
8.139693,11.129364,2
9.110539,8.091204,0
15.012131,7.3564935,0
7.158236,-1.7033732,6
10.880946,7.7063317,0
9.402056,10.84626,2
4.5630617,7.5927076,8
18.747677,3.666943,7
2.603754,11.300714,8
15.85472,5.7261105,9
1.1346203,8.710634,8
11.187866,1.3099557,9
13.282242,0.6008781,9
6.420642,11.838008,2
10.704964,8.085902,0
14.131658,6.4701395,0
6.425443,12.993554,2
5.281735,11.16614,8
8.0228405,0.3834338,1
4.890159,13.461333,2
7.439863,2.1582425,1
10.575115,7.0486236,1
5.732663,6.6942124,8
10.313938,9.187196,0
17.01927,4.591456,7
0.41970792,11.761328,5
9.11976,4.154108,1
3.7404664,4.235968,1
7.8312774,0.32831997,1
10.06359,6.59802,1
12.140884,9.911513,0
10.60917,1.4431714,1
3.8696914,4.5251756,1
0.77867454,11.562933,5
11.813462,1.6288635,9
5.721284,14.995073,2
10.52559,2.8505359,1
10.309136,12.248338,2
2.8783734,4.554378,8
1.380449,9.636215,8
12.86882,7.209249,0
2.2432108,7.896957,8
10.014414,-3.9827044,3
5.785679,-2.1894329,6
11.97766,4.4982543,9
11.193668,-2.7106514,4
9.1792555,11.7208605,2
0.95869935,8.555035,8
3.911122,12.522556,8
7.6273947,13.236096,2
4.955147,10.236274,8
6.4229097,13.955178,2
12.943755,4.349242,9
-10.825662,-1.0662299,5
19.010448,5.372285,7
-9.9799595,-1.4112496,5
-10.978872,-1.0309561,5
12.764733,5.3024497,9
11.46544,9.114727,0
3.890271,11.359436,8
15.608133,2.8571277,9
8.352062,-2.3639827,3
17.025621,1.5507594,7
5.6729417,11.944475,8
13.304204,-0.04547523,4
12.51918,12.149071,0
10.491034,12.827029,2
8.612691,-0.41896498,4
14.8654375,12.686101,2
5.7848134,-1.911109,6
10.486811,7.916619,0
12.379146,4.1003785,9
13.111741,7.6138406,0
11.951936,0.6759705,9
14.300444,-0.77123547,4
13.092464,0.23300195,4
13.289713,-0.9442916,4
14.286888,3.623447,9
11.643162,3.9002535,9
9.541649,0.43721044,4
11.717485,0.758235,4
8.746516,10.918126,2
3.412105,8.293464,8
9.104259,8.15359,8
10.715583,16.105572,2
-11.006237,-1.1443616,5
7.3346977,-2.8385415,3
12.498051,3.8775537,9
9.574469,-0.6340772,4
2.5434566,8.956037,8
6.3509607,6.1731014,8
0.030469975,10.249462,5
4.5394845,7.2533083,8
10.761172,5.08676,1
5.5621123,12.962968,2
4.5064034,9.683269,8
11.96591,4.401336,9
12.469436,12.442436,0
5.0669193,2.266216,6
7.1696577,8.257755,8
11.160375,10.756035,0
10.528704,-2.2165895,4
15.678533,4.252087,9
13.526909,9.619599,0
9.639732,8.249451,0
7.239005,8.499047,8
10.674036,10.093709,0
8.28118,15.719807,2
0.9320393,12.847415,5
5.671229,3.0361574,1
9.16783,13.748526,2
5.980587,15.373344,2
3.1322505,4.5590835,8
2.812529,12.92329,5
12.182187,1.438105,9
18.701603,3.481164,7
2.727686,6.124062,8
8.203323,3.4504383,1
9.074427,6.5621333,1
-9.889871,-0.14497012,5
7.0762873,14.007249,2
5.700812,9.0934305,8
-10.311673,-1.1084006,5
5.860349,6.557664,8
6.84567,15.717595,2
8.335456,2.4610488,1
7.8528433,3.2873313,1
10.467938,-3.6306694,3
13.465466,6.7324104,0
10.944135,3.0457752,1
5.7513165,2.5962598,6
4.4718575,3.5337458,8
5.6796737,0.2292754,6
6.331108,8.08505,8
12.713314,9.87272,0
-10.058989,-0.1260682,5
6.6955266,0.8161749,6
3.9212265,2.9500525,1
10.655476,10.923363,0
15.691566,5.5367827,9
11.109763,0.32498536,4
9.753659,-1.0023113,4
11.541524,4.782833,9
13.280989,11.500844,0
6.5062523,13.6547,2
8.663031,6.968606,1
15.824123,1.524122,9
9.603901,-3.1951935,3
11.1761875,10.702966,0
1.692244,7.495179,8
5.3205423,-1.391692,6
6.419537,0.9986002,1
12.425968,-1.8925984,4
2.222977,13.582931,5
4.3936863,4.227992,1
6.0990796,8.742132,8
16.486286,4.665368,9
-10.567294,-0.7995226,5
9.032063,5.834133,1
0.95624787,6.8821244,6
8.136707,15.929994,2
15.041503,-0.58377373,4
15.180542,2.4158096,9
5.5710707,9.852879,8
12.778731,7.9164944,0
8.686107,-4.0127807,3
5.7736697,15.947398,2
6.519145,15.258489,2
3.750337,12.434946,8
2.2123532,6.8041024,8
8.618694,1.0062779,1
14.453189,9.432474,0
3.6813567,9.549457,8
1.3365977,10.657668,8
3.0791714,13.392031,5
12.387075,9.555904,0
2.869998,10.830423,8
4.693799,13.743696,2
10.5655365,12.557921,2
8.437093,8.746048,8
11.725321,12.98953,2
7.1184654,10.403822,8
-10.0395565,-1.2815355,5
4.8451858,2.9448695,1
6.1626706,16.864536,2
5.2790895,6.2625184,8
10.513847,14.420187,2
12.109412,14.162515,2
1.0486656,14.083149,5
8.280019,-3.4264393,3
13.510171,9.200176,0
7.2303925,-4.380952,3
15.591954,7.2555237,0
9.5646515,4.0686684,1
12.391787,2.7015476,9
9.513623,7.5266857,1
16.643303,12.023044,0
4.667473,5.5852776,8
10.220457,8.038444,0
4.0448003,10.44819,8
-10.205622,-0.18966319,5
8.87985,-3.5848432,3
14.969629,9.230199,0
4.165482,3.8389125,1
8.016644,10.956674,2
4.3892426,7.713561,8
14.453739,2.9179044,9
3.125589,11.457023,8
18.456018,4.873145,7
6.887872,15.307041,2
1.4866049,11.078686,5
16.939974,3.321571,7
6.449789,0.3366423,6
-10.389483,-1.128915,5
8.118448,11.895383,2
15.356281,11.289951,0
8.940243,4.4822917,1
2.8482199,7.8339057,8
6.708705,13.212965,2
15.518489,12.17575,0
8.042002,13.203593,2
17.170282,10.802677,0
12.174257,10.771518,0
10.505143,5.617369,1
5.339657,15.070808,2
11.328559,14.023145,2
14.858135,1.5823736,9
7.592374,3.2198014,1
13.061582,13.17638,0
10.182509,7.477981,0
7.5163627,3.465394,1
7.9295573,6.7926817,1
9.068448,8.164507,0
10.979599,4.2424607,1
16.765463,9.493277,0
3.4844017,10.808378,8
14.991102,12.613048,0
2.693583,13.183376,5
10.055301,15.1977215,2
9.460666,-4.218958,3
7.0315776,4.506923,1
7.9706373,10.960962,2
4.5722795,13.420497,5
8.048243,12.825968,2
16.417671,6.734093,9
10.530952,13.161785,2
11.33412,-0.22889605,4
13.287159,9.398994,0
2.4715698,9.157419,8
12.278236,1.8293617,9
0.09153976,11.15961,5
8.838165,-1.4086281,4
12.544259,2.8833125,9
8.781728,4.2709007,1
12.68691,13.222208,0
10.46317,14.291478,2
7.3055615,8.648085,8
13.428423,12.631103,0
14.044853,6.7031493,0
17.546328,0.89939183,7
7.543916,13.584147,2
8.90632,12.607873,2
8.846557,3.913567,1
13.158602,4.3128834,9
4.324297,11.034354,8
12.744838,13.93418,2
5.440398,8.151355,8
11.545275,6.6732154,0
14.455268,7.6919017,0
14.981675,6.3379965,9
2.2921038,14.631992,5
6.919544,6.895795,8
7.7099037,12.70948,2
8.0240755,-2.9588814,3
4.5658917,8.396006,8
13.649926,5.5018134,9
11.484195,11.343017,0
11.421641,-2.7891753,4
14.877113,9.888635,0
11.7083235,-0.07534753,4
12.418735,9.829196,0
8.410243,5.1998367,1
4.4686785,9.947489,8
8.494936,4.43634,1
11.143605,9.883511,0
6.6451645,5.9753575,1
15.079271,1.1142457,9
8.1627245,4.8652105,1
10.569268,8.223527,0
4.3700457,13.52821,5
9.308314,-0.02644037,4
4.61444,9.215129,8
8.351974,1.3408841,1
17.993773,3.7373254,7
13.139788,13.365124,0
10.029655,-3.9544764,3
-10.206792,-0.27808547,5
4.348301,8.684379,8
10.817288,8.274134,0
10.103999,8.748472,0
6.299365,5.513166,1
-10.113592,-0.7550911,5
8.68063,7.054731,1
9.694716,13.44846,2
13.432399,11.735685,0
15.54252,9.936696,0
6.975959,2.4686053,1
11.18505,2.8991003,1
19.485727,4.641625,7
10.103602,14.2122345,2
8.832351,10.677709,2
9.493199,0.88302857,1
14.372751,12.616908,0
9.501168,8.843878,0
5.742177,6.291805,8
7.7575436,10.062452,8
2.3289716,6.6841583,8
8.980996,4.2930756,1
8.884209,4.8727283,1
8.665501,1.702216,1
16.975716,0.95431036,7
0.8740122,7.5618625,8
14.514263,7.778653,0
13.411946,5.063606,9
9.6898575,7.7234316,0
3.8993707,13.889074,5
4.9416137,13.789409,2
1.5661058,13.229811,5
14.481695,11.074236,0
14.254962,10.783993,0
8.692219,-2.105871,3
8.508609,4.120627,1
5.1924415,9.892456,8
11.57325,14.76212,2
5.5437493,13.967825,2
5.6067953,7.355068,8
21.334436,9.657283,8
16.436148,7.71975,0
6.6123195,7.677554,8
6.702255,14.154367,2
8.013976,14.9913435,2
4.7228665,13.241099,2
11.165579,3.2734964,1
13.75962,8.60564,0
4.024903,2.6582513,1
13.912811,2.546676,9
7.805694,1.474185,1
11.472847,10.8301,0
14.258903,7.165223,0
3.9828403,10.3001585,8
3.6837585,9.69178,8
7.6086206,-1.9165949,3
17.769188,2.9590116,7
4.8568974,8.8382,8
13.590987,10.10042,0
11.475017,15.268597,2
11.862789,14.812337,2
12.739802,12.517901,0
3.7370276,13.215686,5
8.479359,13.829488,2
11.36959,2.960158,9
4.367627,11.764277,8
18.73863,3.6160073,7
9.263273,-1.6683699,4
15.883311,12.288614,0
6.682967,7.2095704,8
14.129749,11.482233,0
9.652669,6.7120867,1
8.359897,10.206616,2
9.153979,0.36569893,1
11.975829,12.751203,0
4.5506,9.689577,8
-10.834822,-0.52439845,5
4.949949,2.733176,1
3.260563,10.274118,8
10.625584,13.105489,2
12.282026,8.453756,0
5.0784063,9.940752,8
-9.693004,-0.68481,5
14.851285,12.842842,0
9.205005,10.856019,2
14.042373,14.325612,2
14.394433,4.787634,9
15.892903,2.9638782,9
12.683412,7.0815687,0
11.974129,14.889651,2
2.714147,6.6976485,8
14.974549,0.950453,9
4.887337,9.090096,8
1.7312595,13.418012,5
5.252152,8.28234,8
13.477941,14.912007,2
16.828035,6.466794,9
9.901182,7.3851576,1
5.5269127,10.127508,8
7.991142,9.065872,8
7.365141,14.737368,2
9.046234,11.57316,2
11.825663,13.130232,2
5.6510296,12.096073,8
2.4941547,12.289636,5
5.7634625,10.666942,8
6.191146,2.0864,1
8.656678,8.187601,8
16.861832,4.9198976,9
9.484731,3.8698764,1
8.408135,8.474073,8
12.131388,9.890064,0
5.2047925,3.2345011,6
2.4900832,12.476872,5
9.936729,11.560032,2
6.8561926,6.011549,1
3.9252865,6.0533996,8
4.274508,13.107154,2
11.579876,11.634203,0
13.689797,4.9669013,9
14.557511,-0.9258968,4
-10.668561,-0.85336995,5
11.784607,9.916136,0
1.640739,12.407057,5
-10.347548,-1.2513025,5
10.348897,1.5327567,1
11.4527445,8.543068,0
13.4966955,14.428071,2
16.999525,2.099406,7
-11.021603,-0.8249133,5
13.111681,3.0787802,9
-10.008657,-0.57030815,5
15.532002,13.65504,0
8.373715,10.268273,2
17.356297,2.2003646,7
8.210263,14.829679,2
12.750501,8.633268,0
10.335642,12.916157,2
5.2810063,10.947863,8
14.357004,6.6999135,0
15.81042,13.316108,0
2.5539978,9.387235,8
7.3343244,15.479712,2
11.036676,6.611209,0
8.009191,-2.9302852,3
5.7910247,0.7919171,6
15.985269,5.6122956,9
8.331796,11.002321,2
12.080424,-3.489851,3
10.102824,12.756052,2
10.311719,6.485481,1
9.707999,-2.4594908,3
11.1192465,4.43818,1
6.0211644,11.666016,2
6.5255265,9.192457,8
13.528192,11.992117,0
10.647353,9.430784,0
6.043274,2.6801724,1
1.3651413,5.6155233,6
9.04439,5.0786185,1
13.445773,6.9300203,0
5.1310873,1.2677344,6
14.642935,4.7876053,9
9.027073,9.437218,0
10.913161,-0.44255587,4
11.753995,12.608467,0
8.8384075,-1.0970232,4
15.075483,2.665534,9
10.751227,14.244764,2
3.9423883,14.291928,5
14.757708,0.7355394,9
5.996603,11.606704,2
2.876688,10.371493,8
7.7442837,2.7929316,1
5.753626,0.87910175,6
9.093107,3.0636525,1
6.5624375,13.934095,2
8.028945,6.4824014,1
7.4806046,8.614908,8
3.6989532,8.183812,8
2.7911358,14.515924,5
1.4690742,11.114383,5
2.8156738,5.4030123,8
6.3858376,7.9624863,8
14.784437,4.499181,9
5.618441,3.8278437,1
6.790047,10.023594,8
8.969989,9.426487,0
7.0457377,11.687378,2
5.6612124,16.065445,2
9.260986,9.047527,0
10.625078,9.691731,0
11.513763,0.8634155,4
11.039402,10.694838,0
5.736658,7.9096107,8
10.534834,-1.009171,4
11.717079,8.5756235,0
13.312975,3.20668,9
10.856726,-2.4880624,4
2.7058074,4.3926916,8
4.5534897,0.28405032,6
15.08454,9.716234,0
10.1939125,12.086649,2
6.1113954,15.235819,2
11.982879,-0.98128,4
16.211739,6.1596546,9
12.466249,-0.18137759,4
12.80671,7.588232,0
12.306624,10.00885,0
3.1062794,4.87113,8
8.170329,14.982512,2
2.6924987,4.6656804,8
3.99795,11.185573,8
10.555189,2.6173396,1
10.268521,8.841663,0
13.368454,10.539672,0
13.057989,6.938258,0
17.539043,3.2157946,7
17.745275,3.395097,7
18.135382,2.250981,7
11.438212,-1.4105623,4
12.511587,9.453282,0
14.805615,1.972549,9
14.977633,12.261527,0
12.096723,12.636774,0
11.055301,-0.90385854,4
0.72668993,11.959036,5
4.360578,9.659745,8
9.397933,3.1370316,1
10.969823,3.7933877,1
3.6427386,3.7833178,1
16.673716,1.0240532,7
4.8574834,11.7287245,8
5.7232237,8.704299,8
12.845072,5.9766164,9
7.923616,3.5620008,1
9.06147,13.8635645,2
4.751161,13.440163,2
8.888458,10.674403,2
5.484918,5.9586,1
5.590989,4.560541,1
11.722127,2.539692,9
13.679993,11.473078,0
3.793507,2.0627255,6
-10.744779,0.019244995,5
13.463765,11.033239,0
4.80881,6.9712844,8
4.352522,7.5017715,8
1.1353755,11.217239,5
8.881177,-1.6929638,4
21.3588,9.4838,8
18.45755,3.1678627,7
2.2873292,8.729121,8
7.3089356,9.87084,8
4.0167193,10.986789,8
9.13661,2.3538666,1
9.526877,14.406295,2
7.0557265,7.2224736,8
3.5354102,2.2268305,6
13.750169,2.4491818,9
12.43926,3.9122286,9
5.39562,3.0065815,1
2.6476696,10.535418,8
16.604012,5.886903,9
4.8623266,5.178478,1
4.7422156,-0.020260504,6
9.893582,6.9203453,1
13.604434,14.795329,2
3.8349943,13.781917,5
16.834621,7.650699,0
13.892495,14.818212,2
8.383435,15.127797,2
6.01785,1.0152613,6
11.211432,-0.73590857,4
3.6281457,14.599665,5
13.32971,14.826782,2
9.786156,-3.190044,3
6.883059,2.20141,1
10.636561,9.294168,0
19.06734,4.1397142,7
7.8511567,1.1737719,1
7.133327,1.1478097,1
8.411395,15.254088,2
12.552117,8.29962,0
10.9413395,5.871024,1
4.023721,4.42212,1
8.65642,6.2153893,1
16.669546,0.97545874,7
10.835904,14.421496,2
14.321979,10.614835,0
17.8784,7.1475697,0
8.878855,3.2946436,1
11.911559,9.7080765,0
13.3456955,6.24874,9
7.7056217,5.002596,1
3.1250975,2.082765,6
4.263804,14.058088,5
7.864567,-2.4575295,3
10.318043,13.073481,2
5.1647463,13.151062,2
2.698669,7.1924343,8
13.112161,7.5074944,0
6.4611826,-0.8814753,6
3.9805925,14.798119,5
15.468425,13.377767,0
10.492295,7.881033,0
3.9754992,11.902419,8
11.079671,12.218447,2
17.107025,6.836848,9
14.1973295,11.623504,0
7.029802,-1.620019,6
7.055524,12.989674,2
4.296993,11.322851,8
4.115252,3.4554968,6
3.9869084,3.636245,1
7.510632,0.92494094,1
1.5905151,14.651418,5
7.1283035,5.350287,1
0.7964235,11.856896,5
6.967092,11.53578,2
9.379448,9.98751,0
7.369991,5.9086623,1
15.101882,9.364706,0
6.9897776,16.795948,2
12.756067,4.2870064,9
14.17991,3.016087,9
-9.709866,-1.3452406,5
10.827377,-2.6122751,4
2.2149818,7.3335633,8
10.772158,6.479679,1
8.216594,10.928255,2
9.04428,3.7900615,1
16.593065,4.046666,9
1.5197607,10.871287,5
3.0303018,15.109633,5
12.238116,2.6722193,9
11.385023,11.215324,0
13.977891,1.0649635,9
-10.9749155,-1.1091045,5
9.094361,1.1756253,1
10.527925,0.076086335,4
10.118584,6.94092,0
3.6322632,6.9471993,8
4.674175,16.12314,5
13.770778,8.114902,0
12.548607,15.524046,2
4.1022167,5.46426,8
8.742983,6.0405555,1
5.1426277,10.363377,8
14.240311,9.335799,0
16.767336,4.7856383,9
4.8195295,11.084374,8
9.8771105,4.0601187,1
9.045702,12.468798,2
17.650894,5.8046894,7
8.939491,15.107327,2
11.059047,13.962701,2
3.5868917,11.9881935,5
14.4901,7.3363123,0
9.426788,1.2693096,1
3.504592,11.530717,8
16.290567,8.77426,0
9.818079,3.7722263,1
8.642665,3.1953938,1
11.280464,14.105558,2
0.99914247,14.258376,5
5.1133037,8.958716,8
3.8903532,5.3919377,8
16.84516,11.389085,0
4.3402333,9.529169,8
14.471559,8.096336,0
1.8194759,13.822236,5
5.7821774,11.890815,8
18.080898,1.2979909,7
5.4455395,0.7455467,6
7.63878,4.8435063,1
13.165117,4.3434763,9
5.260346,0.27382934,6
7.815118,3.032772,1
-10.358113,-0.19892052,5
13.467977,13.815702,0
14.440484,-0.97488254,4
15.488445,4.8974247,9
7.7513695,11.819008,2
5.7785854,-2.012178,6
7.900222,14.5015745,2
18.037481,1.4624743,7
4.3336034,9.40041,8
11.339819,2.3354216,9
3.5121832,3.8531413,1
12.865171,-0.39039072,4
15.357072,10.268506,0
7.2489004,8.87968,8
19.6238,4.0909233,7
-0.08763961,9.78529,5
7.4530377,-0.19475304,6
-10.507875,-0.70484966,5
15.244877,14.040595,2
15.61942,1.6942476,9
7.1631117,5.824974,1
4.1844316,8.058531,8
4.506959,7.5584354,8
11.436939,12.676138,2
7.564037,13.640377,2
5.0658445,9.695538,8
0.84323967,13.274352,5
6.2840667,12.650964,2
6.8010373,3.0530014,1
12.151495,6.923203,0
18.401129,5.7685447,7
12.766167,9.469248,0
6.415004,-1.276664,6
6.561869,-0.7333126,6
7.2110825,-0.28440732,6
15.790922,5.775505,9
13.500109,13.508497,0
11.651653,13.005478,2
13.922892,13.76982,0
1.0360525,12.820788,5
10.513146,2.0655608,1
15.722345,11.411658,0
4.5174246,16.065535,5
5.297805,3.453926,1
13.3372345,10.551524,0
13.009563,9.551183,0
14.694209,-0.2091834,4
10.967936,7.5956836,0
8.744263,-1.2024555,4
7.0873256,13.75151,2
5.8739657,12.404821,2
4.5342717,10.300604,8
13.124752,13.188799,0
10.418699,-3.0653322,3
18.936031,6.1505466,7
15.131708,13.469957,0
5.1817255,10.961187,8
11.387117,6.0994935,1
4.568612,16.00236,5
6.387887,5.1215854,1
7.9977837,12.697449,2
5.434518,5.0956364,1
6.7942724,5.6508846,1
8.597089,8.261078,8
9.612074,7.435379,1
4.1115766,6.55254,8
9.030006,14.327125,2
6.8930635,6.9906535,8
4.2077136,7.7027946,8
13.677077,9.184247,0
2.548085,14.350089,5
2.8855348,9.17745,8
15.178645,8.325625,0
8.13132,3.3052661,1
15.231013,9.370676,0
12.169943,8.924939,0
3.939204,5.4682894,8
1.7002121,12.978623,5
2.066574,14.939346,5
3.314469,6.0147724,8
3.7290034,11.158067,8
9.592969,7.353425,1
10.945524,6.349862,1
3.1312492,8.319897,8
4.5834427,0.66203505,6
5.417557,8.425253,8
11.47669,13.187382,2
16.918093,6.3312488,9
10.346218,12.7000885,2
6.9677076,16.527382,2
3.8659203,11.747332,8
5.6953874,14.659759,2
16.332754,11.5660715,0
6.015245,-0.8414219,6
4.953658,8.933862,8
4.8110166,7.6692605,8
15.725134,6.7471924,0
0.005272571,11.310507,5
13.75429,-0.7328657,4
4.7259874,7.922398,8
9.366496,4.517704,1
9.659449,6.349678,1
11.273109,10.78077,0
7.2578397,10.937143,8
13.473067,7.1501236,0
7.7895794,9.382133,8
1.9663817,14.121275,5
9.445704,11.037257,2
7.8867507,3.1420417,1
15.562209,8.688626,0
13.767993,11.730189,0
4.855312,13.770486,2
3.806974,14.316189,5
2.9054387,11.854928,5
12.483654,-1.6879935,4
14.868644,13.691944,0
16.387243,3.400984,9
3.3838851,13.956295,5
6.724036,3.9004529,1
12.307102,11.138823,0
-11.190487,-0.7453972,5
11.945505,11.6215725,0
6.2401814,15.446876,2
12.318215,11.633328,0
3.81672,9.955035,8
7.5077906,-0.1972264,6
14.732242,12.290249,0
5.44372,9.793346,8
3.9999218,9.606877,8
5.952251,0.33184755,6
6.645817,7.845898,8
17.581774,6.151539,9
2.9574103,6.864575,8
9.091359,3.0300572,1
12.160248,13.899041,2
4.8349123,6.2583375,8
12.164142,6.494573,0
9.837949,12.91472,2
3.6957777,7.201118,8
16.951561,9.65161,0
7.875621,9.787752,8
11.654495,6.699853,0
10.074483,11.989437,2
3.0552318,15.121408,5
1.8571631,12.631933,5
2.7424667,5.2367673,8
8.052268,4.7345777,1
12.632226,0.0016037701,4
7.120278,14.227387,2
16.825577,4.202435,9
16.54101,1.3493912,7
11.9393635,3.6388664,9
10.35405,4.9085226,1
3.7311327,1.9412725,6
11.657802,3.425136,9
5.9733195,14.122233,2
9.2735815,11.739807,2
9.337527,-1.9433918,4
5.9057345,-1.9032348,6
12.873206,-1.4982965,4
10.159769,7.511458,0
12.009372,0.9161675,9
10.536367,4.9574375,1
5.6428614,12.507726,2
4.774194,6.670736,8
5.3550854,10.7217245,8
6.041006,2.3165817,1
7.8977914,10.313727,2
3.4385002,10.842685,8
9.864639,-3.862617,3
11.449929,3.1997883,1
3.6083655,8.598691,8
11.695945,13.595287,2
8.285711,9.226848,8
12.112831,7.207557,0
11.946331,2.5734868,9
7.5196724,13.795748,2
9.29622,4.5904093,1
9.315806,-2.6168299,3
17.62179,2.3478072,7
0.98794764,11.394607,5
4.12763,5.4234953,8
-10.690202,-0.2931839,5
7.4052577,9.477838,8
5.256365,3.7666535,1
11.880677,0.90232897,9
10.891941,9.48292,0
9.693038,8.052727,0
15.3454275,11.374298,0
15.704668,9.9352455,0
3.061947,4.7120585,8
-9.712915,-1.2637916,5
9.048652,-0.32272413,4
14.550417,1.5699055,9
4.5799036,4.503725,1
3.5683932,14.901317,5
11.110055,8.452014,0
10.298094,4.364329,1
5.697886,8.527426,8
10.292465,10.41757,0
10.436882,10.27663,0
9.090687,13.693282,2
15.027888,13.604964,0
-9.895317,-1.0435128,5
4.7069135,8.167009,8
11.180257,0.9033007,9
11.382699,9.534023,0
6.9745946,10.908696,8
11.482982,13.13207,2
7.312261,16.529419,2
9.467548,-1.9323069,4
3.6076794,6.793736,8
11.9022,6.9974766,0
12.882068,6.240529,0
9.925874,2.37299,1
10.00784,12.58302,2
17.209679,4.6115613,7
7.274718,1.7242279,1
7.524674,-2.6296115,3
3.994783,7.101344,8
6.944707,10.34595,8
7.075095,9.990597,8
3.492962,13.1989975,5
6.171445,13.411046,2
10.401104,14.42019,2
10.547497,11.966036,2
7.875027,-3.3551605,3
7.278147,10.300417,8
10.445581,12.864702,2
21.200521,9.525169,8
6.1390944,0.25067306,6
9.092575,6.8566947,1
6.853614,11.338167,2
4.5749936,15.119259,2
6.0954285,5.546917,1
8.272209,14.495797,2
9.058736,9.127034,0
13.2198105,2.4052532,9
14.604218,8.154719,0
12.634798,8.554512,0
4.5051713,12.20003,8
5.217909,10.061795,8
12.503359,8.54535,0
4.8646855,5.5986795,8
-10.9739685,-0.21853116,5
6.5377197,15.055118,2
4.7634096,13.050408,2
7.514506,13.702207,2
3.5041075,10.027806,8
11.734248,10.417638,0
10.017521,12.164225,2
6.7082534,4.925519,1
12.980917,0.071305275,4
13.037974,2.3382652,9
-10.518064,-0.601094,5
1.9075087,12.0643835,5
17.947979,6.3390923,7
9.791389,9.87698,0
1.8563696,8.479363,8
7.4540367,3.2989333,1
16.753843,3.3424902,7
14.535935,12.436955,0
8.824455,6.056061,1
6.90759,2.1914277,1
4.280551,1.956947,6
3.564011,14.185659,5
6.264264,4.3342223,1
8.887035,-4.0159993,3
13.742877,8.461476,0
11.236141,1.7479874,9
8.972662,3.4111986,1
8.577348,-2.6596649,3
15.674476,13.331518,0
14.6974535,7.910774,0
15.394365,7.6606417,0
16.180788,1.9570514,9
17.047947,2.255462,7
11.782387,15.71291,2
8.157239,1.3129853,1
17.68657,6.5630217,9
12.29491,11.201249,0
8.169727,14.7354145,2
5.0303016,9.434054,8
10.619593,-1.7637851,4
6.922296,9.132797,8
1.8855265,10.3414755,8
4.698935,9.102658,8
15.434202,9.345935,0
12.142532,5.424154,0
13.018108,12.91301,0
5.4880013,5.274323,1
11.242101,6.136823,1
17.763361,7.1960034,0
9.983937,5.404145,1
7.975755,1.7781595,1
4.056667,7.7240596,8
1.2217349,6.976339,8
14.914004,4.140197,9
6.371463,4.105475,1
8.216749,11.970032,2
11.38099,2.2478576,9
11.091711,2.9021282,9
14.122578,4.776103,9
6.0935516,16.586634,2
21.474792,9.493899,8
7.5676975,5.7225313,1
13.72085,10.52387,0
10.510309,5.3414545,1
8.2649555,15.785052,2
14.9712105,1.4710132,9
18.466875,5.7632785,7
9.837902,3.5769536,1
21.500826,9.546988,8
12.8443775,-0.10837031,4
12.085493,11.094686,0
16.657347,1.425704,7
8.85452,12.216201,2
11.335974,-1.0592972,4
14.190223,4.7192273,9
5.2804337,6.8068504,8
16.680218,1.7165177,7
14.784995,12.186648,0
-11.122245,-1.4530373,5
4.8327975,8.348196,8
6.3778143,15.914484,2
4.364654,8.596087,8
15.88782,12.9373,0
11.87163,5.1469827,9
7.9430785,13.423625,2
3.953668,14.229374,5
7.496091,5.7369356,1
6.4778943,-1.8120911,6
9.351228,10.979674,2
8.760634,10.604592,2
2.4882493,11.126938,8
15.46111,5.1839924,9
4.6864767,5.867459,8
9.610202,9.738741,0
8.814702,1.5855107,1
4.137592,15.093528,5
-10.874762,-0.145941,5
4.8212547,9.107819,8
11.269937,3.0681813,1
9.78293,-2.3345006,4
17.646832,7.8383884,0
5.96568,5.2232943,1
9.612845,14.723734,2
15.56975,11.626854,0
9.757585,3.6753418,1
15.476497,7.792088,0
7.8425484,13.7278385,2
-10.007948,-0.551565,5
1.9249115,11.49653,5
1.2641699,8.793514,8
4.722384,3.3062432,1
10.680023,-2.1252148,4
2.2636862,9.93816,8
6.8273544,9.786092,8
10.625528,5.3140388,1
13.023024,6.74165,0
12.587691,7.0728745,0
9.098261,-1.0099045,4
6.263578,3.8803177,1
15.572368,7.2550154,0
6.3813367,2.0577438,1
14.602444,2.229623,9
1.2290906,6.991386,8
14.733445,12.928192,0
11.534817,0.66197246,4
0.7634871,14.143396,5
15.978642,11.176856,0
13.613249,-1.040589,4
7.5964203,-2.7765424,3
3.3948643,9.1446295,8
12.212646,8.706252,0
8.155326,2.0114193,1
7.4830775,7.288508,8
13.358293,6.545911,0
9.137954,4.720572,1
5.5268474,-1.7557919,6
-10.056128,-0.8381875,5
10.319098,10.441711,0
12.075541,10.104135,0
7.7275953,16.728512,2
7.8000627,16.565952,2
8.8745365,-0.8415867,4
5.6197667,5.4030194,1
13.414326,13.613472,0
16.912086,10.3156395,0
7.1451216,12.348941,2
10.377251,14.315859,2
4.085167,4.8106256,1
11.599461,2.1320055,9
7.316108,15.840874,2
8.017137,2.0613117,1
14.928116,0.8876325,9
9.396857,9.157211,8
7.3188167,16.201172,2
4.421993,7.950975,8
19.141665,4.549061,7
11.896577,11.826964,0
16.175549,12.42662,0
13.407822,3.5995598,9
6.4740825,7.6761518,8
14.526571,6.7958794,0
13.74083,6.1688566,9
11.1853285,9.644669,0
6.886034,9.692963,8
12.763879,6.8374934,0
5.033638,-0.013438534,6
17.472445,6.79903,9
7.828416,14.883082,2
17.32646,3.8570418,7
15.83859,1.2611743,9
4.763308,10.836103,8
14.449502,7.7663445,0
11.619259,7.9104896,0
6.769085,14.100461,2
10.1094055,2.9646423,1
3.8973236,14.152814,5
16.688477,10.183345,0
5.2588177,3.1410704,8
10.531777,8.984195,0
6.903382,16.208292,2
6.486898,12.456971,2
7.5331135,14.526361,2
14.143292,6.144871,9
5.2368565,6.0581684,8
9.441017,15.099438,2
12.569435,9.759221,0
8.105009,6.451552,1
8.684014,2.1144657,1
9.89845,8.000351,0
6.214207,3.415166,1
17.00878,9.840899,0
10.662939,6.434577,1
9.086084,4.7794304,1
3.0015855,7.6932197,8
5.768057,13.136328,2
10.705189,6.0614643,1
8.312179,1.9259919,1
19.358727,4.213562,7
7.847175,12.132164,2
-0.045016073,11.183317,5
3.1479185,12.7871475,5
14.698883,6.3626876,9
3.3729575,14.267501,5
7.814642,8.953809,8
17.21632,0.850739,7
14.31993,14.385545,2
12.494829,7.11071,0
14.162958,4.1437864,9
2.128244,11.014857,5
4.6231523,12.541604,2
12.222603,12.930043,0
11.48954,5.9001393,0
5.9194264,8.632185,8
10.147987,3.9713724,1
12.105115,10.114179,0
16.613028,4.9124446,9
7.2623715,14.1627865,2
16.104933,3.3211608,9
3.6788185,4.7646265,8
8.298217,15.045278,2
7.1343794,7.940621,8
13.797221,1.3753963,9
8.108925,3.8270364,1
17.583618,0.8640918,7
7.6061344,5.2867374,1
10.387612,11.37609,0
18.398598,5.255368,0
9.395314,8.867116,8
14.646063,1.4703261,9
9.075429,13.380609,2
14.065475,14.54193,2
12.130146,10.37758,0
14.3780985,12.693104,0
7.750737,13.06323,2
6.043626,3.0595734,1
11.9033,5.155781,1
8.832451,-3.0486786,3
17.204548,2.7185898,7
3.8869412,9.527016,8
8.888196,-4.201597,3
19.390148,4.028085,7
9.164733,7.0987444,1
10.964732,-3.2132413,3
-9.762606,-1.3611333,5
6.8239837,3.6311183,1
5.385415,5.810146,8
10.857906,-2.639883,4
11.754393,12.353646,2
5.900595,5.1280046,1
-0.049507413,11.097701,5
10.462172,5.1813827,1
10.762486,12.297736,2
2.2911067,9.736408,5
-10.612524,0.069827,5
7.3554454,-4.5443625,3
7.3815284,-0.5137219,6
6.3960457,15.52382,2
6.2115183,4.288584,1
10.0728,10.201947,0
11.792429,2.7074273,9
11.776312,11.630957,0
12.601655,1.3771241,9
9.413829,6.413468,1
8.931336,10.170899,2
11.160294,11.5382395,0
13.926252,1.3378184,9
1.1221962,9.041232,8
11.771104,13.618687,2
3.210257,4.249229,8
12.610053,13.533079,2
-10.108471,-1.5657456,5
15.223131,4.715168,9
-10.156144,-0.25662914,5
11.262286,0.8573606,9
9.128539,7.377394,1
5.967174,11.59716,8
10.629658,-0.01440854,4
18.481436,4.7790437,7
6.956223,2.2208452,1
7.647937,6.0573,1
9.318228,12.558892,2
17.806593,3.255986,7
10.020576,7.1920424,1
0.15803322,10.820379,5
4.6274796,13.450334,2
11.747292,-1.5907991,4
5.6035895,6.748149,8
14.33277,-0.9023269,4
3.5699153,11.348472,8
9.853715,7.338562,1
7.2086782,5.7018867,1
16.046017,2.9251325,9
4.0245867,4.0867515,1
6.2154255,1.0045491,1
9.453555,11.290858,2
16.090303,5.209046,9
8.941722,0.2993614,1
16.08716,10.529446,0
9.087515,16.51306,2
12.0970335,2.1577218,9
5.93918,6.283686,8
-10.08681,-0.54994065,5
11.256547,1.9234325,9
0.8304798,13.371209,5
8.888359,13.899445,2
-10.490891,-1.2250981,5
13.640041,1.913556,9
13.101852,8.533252,0
11.538382,1.5570987,9
2.9763503,13.57241,5
18.273527,1.0239023,7
2.9915597,7.268124,8
9.641586,1.0901377,1
13.63871,6.304922,0
3.831539,12.272471,8
8.026342,12.356693,2
21.293478,9.529439,8
15.958885,9.175311,0
12.746161,15.449109,2
18.062887,6.153677,7
4.212631,11.281401,8
6.646932,-1.8837134,6
1.2711432,12.953078,5
12.11202,7.060702,0
4.406844,6.805009,8
-9.805245,-1.3084235,5
8.378322,12.351405,2
12.288991,6.3946967,0
14.151063,14.619693,2
8.273834,6.460144,1
7.3547335,2.6520143,1
4.094963,13.438483,5
4.8737974,-0.51601875,6
8.422559,-1.4844484,4
9.950548,8.175858,0
11.507578,5.3374615,1
10.137815,5.1909957,1
4.1822934,13.363579,2
12.087989,2.6848652,9
7.0811176,7.418043,8
9.258672,14.889074,2
5.361615,14.724116,5
5.8578124,6.1572404,8
4.635478,3.2248402,1
9.30188,5.9557166,1
-10.666835,-1.0552727,5
4.899109,-0.6887704,6
5.652463,3.198669,8
13.36082,10.339329,0
7.258592,2.0778728,1
5.0440645,6.924253,8
16.80565,6.453582,9
5.431728,5.9393034,8
4.481949,6.224692,8
6.869226,1.4794319,1
3.7966897,7.3697686,8
11.286966,8.3420105,0
8.261792,16.27563,2
14.145391,14.364484,2
14.155996,5.338608,9
14.308015,3.9841704,9
18.202072,2.246761,7
3.4137406,2.6603544,6
11.754012,3.4049592,9
6.9950237,8.175579,8
11.012619,9.378571,0
9.028042,1.0355197,1
9.606491,10.508826,0
8.263535,10.35571,2
5.2673907,7.9395194,8
0.91228896,7.9835234,8
7.9116225,12.734154,2
5.077477,1.8851241,6
8.000033,14.236409,2
12.306831,-0.20441984,4
8.59292,10.139745,8
2.7672791,14.935932,5
10.564155,14.761306,2
-9.764513,-0.5677635,5
-10.122423,-0.40874714,5
15.041761,14.065466,2
1.7213734,10.713864,5
-10.587378,-1.3998529,5
5.5138793,6.209612,8
11.437265,9.185873,0
6.0509424,13.37772,2
10.541093,1.8560091,1
14.444731,7.390818,0
11.788329,14.059079,2
16.672382,4.644603,9
7.9908004,5.4020543,1
18.540047,5.369353,7
14.928285,12.830167,0
16.11086,12.915084,0
8.705095,9.214773,2
7.2183766,8.50118,8
14.19815,-1.0709486,4
-9.426664,-1.3211919,5
2.7377508,14.099227,5
12.478977,-1.3064775,4
14.071129,8.758496,0
3.8490956,1.4984148,6
18.78397,3.9515138,7
12.379426,4.986285,9
12.9536915,10.097625,0
8.286578,2.0265784,1
-10.267743,-1.549976,5
9.366767,-0.38131365,4
10.491647,14.645953,2
10.663231,12.289202,2
13.6909895,4.2858186,9
13.739513,10.015806,0
14.632478,-0.64237875,4
0.6550655,13.286996,5
9.763235,15.499901,2
14.47928,-0.12763672,4
-10.751648,-0.16362576,5
6.7096605,2.191279,1
13.058468,11.921148,0
7.1042204,2.6652005,1
3.6955802,9.517985,8
14.447484,12.690992,0
4.672104,7.315076,8
19.160322,4.478394,7
5.4606447,10.067306,8
9.38238,13.442555,2
10.821032,-2.8054237,4
11.582259,12.165833,0
6.8136873,5.969202,1
4.5719795,9.465356,8
14.245672,7.1875434,0
5.4019957,6.085812,8
3.8981187,10.223201,8
11.607916,5.99383,1
2.43653,6.143879,8
0.028371649,9.302458,5
8.255738,9.262087,8
1.4262317,5.438442,6
9.980034,6.765447,0
5.1666174,10.186333,8
14.096995,6.0629983,9
7.862042,5.9627867,1
15.168684,3.4019163,9
11.199831,2.844516,1
12.075653,12.430526,0
7.3291564,11.130843,2
10.9816885,4.9892783,1
2.5119243,7.009774,8
14.319933,3.887124,9
5.634046,-1.8763396,6
5.037759,1.6570886,6
9.800056,8.228055,0
15.504051,9.795967,0
7.70055,10.093204,8
-10.915585,-0.25758952,5
14.775627,3.154934,9
0.12594141,9.272379,8
16.380743,5.1777515,9
3.8721042,11.322621,8
0.82876134,12.115464,5
9.157341,12.547673,2
7.756515,10.270973,8
11.922632,2.5478127,9
7.172859,13.541871,2
13.964044,6.7401915,0
12.034063,13.323386,2
14.728468,9.293929,0
16.066538,6.5723276,9
8.087643,9.267562,8
7.0719705,5.7172556,1
15.905508,13.15434,0
4.9569764,10.245209,8
14.483431,4.640698,9
17.968716,6.3807817,7
10.340321,1.9592181,1
6.094294,1.728735,1
12.077645,11.837386,0
5.3967147,9.216301,8
-10.984256,-0.4777811,5
9.438957,-1.0577822,4
12.950332,2.1927414,9
6.6682925,9.478799,8
11.644851,1.930381,9
5.6700726,15.269815,2
13.454188,7.4366693,0
8.87706,9.80486,8
13.648869,11.065443,0
17.011078,9.412184,0
14.323477,8.731213,0
7.772028,6.4467754,1
6.4962673,3.2834234,1
12.764541,13.431005,0
19.319544,3.7203429,7
-0.037697464,8.491235,6
2.15247,11.264456,5
18.943478,2.4260676,7
7.1658735,1.6557851,1
13.532283,7.898113,0
1.1118972,6.8245506,6
2.5182242,13.615055,5
19.04161,3.8129666,7
3.4666374,11.4586735,8
13.672017,13.399937,0
10.199467,12.662273,2
14.736581,2.3826735,9
4.8362346,2.7281432,6
9.238526,-0.43953383,4
12.437351,5.462591,9
12.744151,7.0151906,0
4.176678,8.602284,8
11.077942,5.6159124,1
4.213665,7.04643,8
0.18860304,11.006002,5
6.161219,-2.1656537,3
18.374325,2.3404968,7
10.38811,12.235498,2
0.04770297,9.919279,8
9.038823,3.8360317,1
17.370106,1.5645422,7
3.5328128,6.6623316,8
17.378212,2.7360554,7
6.283591,1.3682169,1
10.763426,0.5361839,4
17.117834,6.4781146,9
10.043997,0.5134919,4
12.1538315,0.09859413,4
11.80723,9.407161,0
18.34832,1.987243,7
10.060929,14.178534,2
3.7496796,12.834201,5
5.7643337,2.945913,1
8.032313,7.345983,8
2.6473482,8.128315,8
10.305908,10.694905,0
12.333359,0.6109992,9
4.8647494,16.073029,5
12.206623,11.849934,0
7.35781,-1.5543885,6
5.1675096,14.396706,2
8.209852,10.984564,8
12.063214,-2.2078373,4
16.051088,7.1933584,0
7.4857683,10.46799,8
4.230368,9.616938,8
2.133415,13.51307,5
15.982621,5.805373,9
7.175089,1.8901811,6
10.1084585,6.357326,1
11.946402,4.9609714,9
13.501619,11.531699,0
7.2254105,-2.0911696,6
5.077678,-0.46766654,6
14.763172,9.432657,0
2.4149375,5.69103,8
7.0456634,2.8924248,1
12.016545,10.779462,0
-10.498242,-0.74012697,5
6.4398804,10.546418,8
13.9066105,14.829394,2
3.3321853,8.295252,8
15.41761,9.969145,0
10.941043,1.4374657,1
7.9293203,5.1155033,1
1.4354507,7.975639,8
8.872432,7.1561103,1
8.6714735,2.4296167,1
6.181844,9.107868,8
9.878253,0.51841414,1
16.160656,5.4838066,9
-10.151044,-1.3560945,5
1.3076152,11.386445,5
7.726796,9.553892,8
11.031615,4.322204,1
3.9456673,11.928421,8
-11.14991,-1.4591289,5
9.44615,11.08746,2
6.999319,-0.38104174,6
12.906747,5.368249,9
5.6899004,0.958808,6
7.3195195,8.054266,8
6.624251,11.66871,2
14.342058,4.5931315,9
4.7432537,2.5199132,1
-10.559109,-0.20733058,5
14.957897,2.4340491,9
7.4380755,6.3997874,1
9.462245,9.789616,8
9.165258,-3.6453562,3
14.442091,0.40799642,4
6.492079,0.13439396,6
13.712819,12.064238,0
5.3765554,5.3116913,8
7.90357,14.781406,2
8.524954,7.039148,1
9.403735,9.377173,0
0.26734555,8.680048,6
18.286764,1.3111045,7
9.093602,1.215663,1
8.436945,14.569043,2
12.987327,12.254616,0
9.582563,-2.950459,3
5.428627,0.5909869,6
10.614806,7.616663,0
8.40747,12.470997,2
11.414674,1.3674495,9
9.793751,15.019992,2
17.281584,9.379022,0
16.329035,7.9999313,0
4.276303,12.63503,2
12.132381,0.8441772,9
14.075519,10.041735,0
21.451694,9.573266,8
2.6636806,11.367117,8
7.711221,0.18005255,6
10.56745,7.3337693,0
13.426119,5.967233,9
6.751969,0.89020985,1
3.2326767,1.741081,6
6.5606003,4.27267,1
3.9186692,0.910861,6
12.121909,9.674835,0
9.813011,-1.0768889,4
10.704363,1.9123646,1
6.942869,14.734184,2
10.690688,9.345229,0
9.04531,14.987216,2
16.380688,12.301684,0
5.2523475,10.716751,8
13.460962,2.6276898,9
14.972863,2.6745214,9
7.517664,9.700093,8
15.1361065,14.103446,2
9.437398,4.6792665,1
7.2882853,5.131676,1
13.900232,13.33391,0
4.0581255,2.8717725,1
18.340921,1.2370212,7
13.542435,12.682388,0
11.951484,4.935881,9
14.824075,10.310259,0
10.198142,4.820878,1
18.226688,6.301404,7
10.001883,14.213743,2
8.159407,1.5651336,1
12.765137,10.640878,0
10.7164,9.32641,0
16.785223,4.678737,9
11.382667,10.709528,0
14.546901,14.61024,2
11.319452,5.4519773,1
12.586985,0.5091711,4
14.263747,4.833628,9
8.974582,-0.098684624,4
7.7129784,3.8113785,1
14.245458,12.293739,0
8.527073,10.593913,2
11.185716,5.684148,1
4.9939485,9.660851,8
13.207647,2.038556,9
4.7744145,15.562347,5
15.069714,1.3980917,9
2.6884365,14.613,5
16.390713,6.751246,9
11.819013,15.360906,2
6.828374,-1.1254467,6
15.203532,0.39132628,9
13.460922,13.668741,0
7.9330473,4.314923,1
12.293261,-1.6309308,4
13.404193,-1.2496028,4
10.710426,5.695893,1
14.467073,4.642315,9
-10.845483,-0.10647671,5
11.092074,0.70136815,4
6.398694,1.1212398,1
18.609547,3.3193533,7
16.514277,6.9450173,0
8.890429,6.415501,1
-0.023806654,12.438401,5
9.626098,6.459725,1
1.7039634,10.741622,5
5.1617856,14.391316,2
13.268783,11.020296,0
3.3053858,13.329304,5
8.755311,-4.1581707,3
3.3601224,8.088235,8
6.966443,5.466962,1
5.967844,12.247319,2
13.847284,9.777917,0
13.185209,-0.42851982,4
14.334782,11.44269,0
6.2763076,15.818364,2
13.713371,5.1963506,9
9.000381,-1.7192492,4
9.771633,5.8366337,1
7.6628847,7.15383,1
15.8708725,2.8183715,9
6.088686,15.483578,2
7.3026733,10.371411,8
1.7803621,13.709018,5
11.463276,2.8741689,9
14.903805,8.504627,0
3.8666444,9.251737,8
3.5903103,13.032962,5
15.987277,10.158116,0
14.497336,1.7235188,9
8.304636,15.004915,2
9.277529,0.99606574,1
8.465152,13.185987,2
2.441057,7.368675,8
14.879953,12.954481,0
10.926972,1.8608629,1
1.8435783,6.393531,8
17.385057,0.8180785,7
7.4516597,13.9841585,2
7.3517475,0.32871774,1
6.084134,8.269593,8
7.605877,5.4393926,1
13.234021,13.556045,0
9.55898,12.686676,2
16.937782,3.9734254,7
17.014374,2.0063512,7
11.311716,9.52974,0
15.949565,5.8124046,9
5.1862516,5.4923162,8
11.308193,-1.7368056,4
10.365817,12.026375,2
4.1988935,14.741788,5
17.974468,4.196645,7
17.419706,3.0165048,7
17.847647,6.297383,7
9.316355,11.181151,2
13.160837,8.877277,0
-10.376193,-0.43652067,5
16.316175,8.518533,0
16.210588,6.0849605,9
6.221088,11.934502,2
6.6639676,3.3371465,1
-10.338113,-0.34645852,5
11.587441,7.407594,0
2.5515268,13.103982,5
9.325561,14.429741,2
3.289688,14.1068535,5
2.4303484,14.165081,5
7.8675685,13.37458,2
6.824311,10.18633,8
4.7025304,4.483688,1
8.201045,8.32725,8
2.004038,8.524436,8
4.7144356,14.664705,5
-10.474138,0.061920132,5
10.029375,8.24092,0
10.257511,1.848545,1
14.715954,6.538529,0
13.969771,-1.3437129,4
6.2160506,6.395415,8
8.7674465,16.387499,2
7.7731776,-3.1219578,3
17.355526,2.7767584,7
4.7350764,4.953293,1
4.1062303,2.202306,6
14.400181,13.752315,2
2.5273511,4.2145677,8
9.529945,-2.1850767,4
7.4094934,9.204309,8
9.506974,4.341826,1
2.3285713,13.772922,5
3.069781,4.424549,8
11.073753,9.567648,0
12.982612,4.0572286,9
9.779008,9.9202795,0
18.346264,4.7460914,7
11.599386,-1.0956976,4
7.6794343,8.839773,8
11.733166,14.305548,2
6.6732154,13.984731,2
7.9664464,8.800488,8
4.2346916,11.547531,8
-10.933715,-1.0376968,5
5.8618455,6.6348405,8
14.206107,-1.2151718,4
12.484495,5.1598163,9
-10.827046,-1.3260049,5
11.613212,10.341956,0
3.0571313,10.461346,8
7.342113,-2.7572608,3
5.3192906,11.813457,8
12.222995,8.458407,0
4.095401,5.953784,8
12.067207,4.8428197,9
11.856868,2.8733482,9
14.537285,-1.0018935,4
8.149266,12.000011,2
3.2809546,6.552131,8
6.848587,0.76779836,1
19.349333,4.8248315,7
9.093583,5.425693,1
13.116285,-0.16494808,4
4.9992256,12.459781,2
8.808678,3.157907,1
13.426019,14.838408,2
7.601907,14.320476,2
17.924274,5.6808424,7
15.818878,11.016383,0
4.5926275,12.08173,2
10.850572,9.087156,0
11.014423,-2.884518,4
14.683935,6.8405743,0
3.7452247,13.265683,5
15.343221,3.6904407,9
16.49724,5.5808096,9
9.340941,13.967095,2
15.260627,12.831791,0
15.368957,8.242585,0
3.4148273,7.9629526,8
5.0535,10.283226,8
5.808592,6.0800157,8
5.2632484,3.9764528,1
3.1395664,8.879045,8
10.970877,8.844299,0
10.470641,-0.58002794,4
6.14825,7.0127435,8
12.244225,12.176124,0
15.209258,10.149832,0
8.647064,8.528766,8
10.355555,6.6683106,1
6.52823,13.8324175,2
0.4891602,13.807517,5
8.940765,-4.097013,3
10.68009,6.5996614,1
13.341678,6.331913,9
7.320396,14.597367,2
3.47381,10.054919,8
14.840352,2.6043108,9
9.2030525,2.1049967,1
4.6355505,13.429646,2
14.632359,0.39016214,4
15.203522,5.225963,9
4.9328227,-0.14150263,6
7.9098063,9.267872,8
-10.166001,-0.7173123,5
9.440619,14.67833,2
5.9540987,5.595362,1
3.603164,8.480264,8
1.2181649,11.112156,5
7.656822,1.8837007,1
13.498494,13.843717,2
3.5098665,13.2623005,5
-10.160059,-0.7649921,5
3.6229272,13.563028,5
6.407667,9.717343,8
12.1366205,-0.015728474,4
15.99445,-0.04671445,7
10.157684,-2.8616505,3
9.677212,11.472997,0
10.401573,15.03771,2
4.3526206,-0.24780245,6
13.640543,14.2180605,2
1.7450137,9.194302,8
8.5422535,6.698398,1
3.3600578,7.459888,8
0.7887899,13.272405,5
-10.730192,-1.3332503,5
12.185903,8.385781,0
6.510357,1.1731485,1
14.970127,11.475293,0
12.643024,12.576144,0
6.453206,15.776465,2
16.954374,11.297067,0
12.88558,13.688557,2
12.79495,6.4984965,0
6.8091226,0.39297953,6
6.902851,-0.6334087,6
5.4501534,5.534452,1
9.717223,4.8336973,1
9.677864,11.605614,2
10.897899,8.040326,0
4.107855,7.550348,8
17.881193,6.502022,7
8.593558,13.128485,2
18.557652,5.2080407,7
7.158737,14.664636,2
9.93446,-1.5680096,4
11.243341,-0.8456675,4
14.341521,6.454192,0
12.309273,15.43277,2
4.44766,12.86085,2
4.845965,3.0640311,1
14.811598,6.510844,9
9.243613,11.354352,2
9.222125,12.483728,2
11.45905,3.1964908,1
1.189162,7.0619154,8
13.031815,2.6730397,9
12.448107,13.463505,0
15.978479,12.609394,0
13.4517765,9.204864,0
9.424399,6.885073,1
2.553155,10.745557,8
4.8295197,7.9811354,8
12.82614,3.7812703,9
11.006349,11.0616,0
-10.507267,-1.5712632,5
8.706467,6.402601,1
16.376041,10.648426,0
-10.676713,-1.1534204,5
6.8955812,11.274699,2
10.706659,-2.230359,4
15.3505,3.6937504,9
5.134789,3.4319491,1
10.444061,5.985398,1
8.132681,5.248256,1
4.358863,3.1626494,1
15.781165,11.473139,0
10.1445875,-3.1478832,3
14.863524,4.566382,9
6.6405725,-0.30329403,6
13.968096,7.878416,0
13.053684,15.271834,2
-9.749412,-0.39135513,5
10.941698,14.013767,2
5.8226213,2.65211,1
16.047739,9.815392,0
16.179502,0.11764351,7
18.996485,3.9150198,7
10.29211,-1.8155303,4
5.045113,1.2339913,6
13.25284,11.899965,0
15.752407,1.502547,9
12.900778,1.2207481,9
11.664806,-0.69839627,4
6.808325,3.2206469,1
2.613737,9.2179365,8
6.4985404,12.987426,2
6.0535083,-1.272603,6
8.490467,9.590865,8
10.745103,-2.9063134,4
-10.648706,-0.56879026,5
13.876822,1.9303699,9
2.275146,10.035336,8
18.027872,1.0985633,7
4.3260446,4.432589,1
2.129572,6.9454927,8
4.3173766,2.007003,6
7.327465,5.2086034,1
5.466578,8.849306,8
13.26177,2.8162134,9
8.631333,16.531067,2
12.262641,-1.9139507,4
3.910655,6.4850006,8
8.873777,2.7187123,1
15.944987,6.3275375,9
9.566052,8.620346,0
4.8583813,9.972387,8
12.848697,6.6975226,0
11.504198,9.350262,0
16.203451,12.562252,0
11.757322,-1.9743931,4
15.387051,11.549162,0
8.617424,11.230461,2
15.857929,8.91306,0
9.932298,9.425945,0
0.08727307,11.478796,5
13.27583,-1.8398416,4
7.349668,10.1479225,8
3.6174893,1.3317497,6
16.124155,8.519152,0
7.4698358,-1.8297777,6
8.784063,7.8261857,1
5.136459,3.0061753,1
12.655668,4.22453,9
7.1560497,5.9887996,1
15.415918,1.3878376,9
8.545567,14.164225,2
2.838392,3.2022226,6
16.802137,2.6630719,7
3.8525357,11.921313,8
0.18154024,11.166032,5
5.0398936,-0.9926102,6
5.0345483,3.3190691,8
4.589584,-0.55301815,6
0.36695918,7.811949,6
3.3302104,14.477891,5
11.022028,1.6028821,1
7.833293,10.934425,2
4.217204,2.991179,1
3.7423391,8.799507,8
13.141756,12.534105,0
17.831127,1.7983867,7
13.025098,-0.006332814,4
6.018707,4.9509273,1
12.45309,13.403684,0
5.5381045,8.025588,8
5.4256063,11.77873,2
14.226594,8.999242,0
2.5159483,4.100087,8
11.404118,-1.1823937,4
7.460879,7.2817345,8
9.63347,9.473217,0
-10.43184,-0.31583107,5
21.4483,9.634974,8
5.107047,8.423335,8
7.576734,8.351173,8
6.4282765,13.5651655,2
6.210323,4.7605915,1
2.0748844,13.705536,5
16.521116,4.247593,9
14.315818,2.4362743,9
13.512714,-1.1138039,4
7.053777,7.2809844,8
1.7397571,9.937358,8
9.160414,10.295506,2
-10.002678,-1.4263973,5
4.758723,6.9295278,8
5.392586,0.8138556,6
12.4221945,-0.2220853,4
16.602121,5.07556,9
1.3371713,11.676188,5
3.737423,3.3698435,1
12.811281,12.294676,0
6.396712,-0.9194405,6
0.16935179,8.973737,8
2.5769176,11.837178,5
12.09907,1.5324746,9
5.6645947,0.895175,6
4.8464446,5.125348,1
-10.602639,-1.0445039,5
9.664351,3.8449202,1
6.0470037,1.4685606,1
8.679765,7.1329737,1
17.260237,10.316713,0
-10.254555,-0.25404888,5
11.338575,11.950736,0
6.175188,7.1278396,8
7.115114,6.2317724,1
3.9457736,15.700811,5
10.539238,3.9970737,1
6.774624,8.21356,8
11.59161,4.4071064,9
-10.517923,-1.2625324,5
7.776626,2.4967456,1
4.34709,8.664147,8
13.816838,4.999699,9
12.905164,12.915635,0
11.624796,0.44126394,4
1.4568938,11.515099,5
9.798723,2.6520538,1
9.1249275,11.321375,2
2.9593983,5.342197,8
18.27124,6.0624433,7
6.0927,8.86109,8
10.961963,8.232053,0
8.285597,2.0232368,1
11.738836,7.247677,0
11.421499,1.8441315,9
10.677556,12.186435,2
5.1844754,6.0039616,8
10.2147045,6.5773087,0
14.137917,2.4874296,9
-9.76001,-1.1577559,5
17.726723,7.7180753,0
6.0132933,8.481905,8
1.4119979,11.911388,5
7.3083906,10.647001,2
11.34853,13.6491585,2
18.323378,4.3679457,7
9.941514,7.9586015,0
4.2102175,4.291664,1
10.307158,10.538957,0
14.305392,7.0625086,0
14.271875,3.7314775,9
12.361677,4.0678887,9
6.669623,14.979321,2
11.955939,9.059606,0
6.835058,5.522811,1
7.872676,6.2404504,1
10.743727,9.449735,0
11.6125,6.4924235,0
7.011416,6.1536555,1
5.088842,12.946723,2
11.616741,5.7701983,1
7.7097034,6.713866,1
8.281273,9.385118,8
8.861213,-4.1175585,3
13.829207,1.9328877,9
12.0941,12.632249,0
8.941563,9.043193,8
9.200095,12.895125,2
3.7703557,5.594503,8
-0.017846182,9.958134,8
17.649317,6.812464,9
14.17378,7.901082,0
5.05951,-1.0171686,6
2.4415379,10.66778,8
8.604233,-0.94557935,4
13.240358,12.496488,0
2.080064,13.335942,5
1.6472447,9.441497,8
3.0417335,12.153002,5
2.6620858,10.315571,8
11.916073,0.32284254,4
10.0747795,11.548034,2
7.917898,10.341039,8
10.699998,0.75412315,4
7.579605,9.012352,8
1.1761147,9.746414,8
15.858556,5.852012,9
7.1999083,12.610056,2
2.34655,9.038456,8
3.3428082,15.356815,5
5.0013304,5.335622,8
5.617275,8.232411,8
11.201326,5.486678,1
6.725303,14.7642355,2
10.519519,5.4838605,1
14.086698,10.18556,0
12.830368,14.743852,2
11.079711,-2.343376,4
4.533049,6.6585317,8
3.4135118,13.439089,5
21.443054,9.465512,8
8.878577,10.767814,2
4.4581575,-0.22749926,6
3.6219842,15.327559,5
15.970193,6.76067,0
13.602094,11.277505,0
3.825075,6.493762,8
6.9873366,-1.980326,6
9.524559,10.503297,2
12.22827,15.652447,2
-10.156434,-0.7979472,5
11.961366,0.92628944,9
11.261888,8.885799,0
3.8505118,1.5794891,6
7.9751163,4.2740064,1
7.745103,4.479303,1
12.331966,6.915265,0
9.812143,-0.56444806,4
7.4976807,12.973037,2
12.0263195,10.734115,0
6.919726,1.4785635,1
7.0330405,15.973613,2
6.7108793,-2.0625463,6
5.215692,7.316338,8
6.1532183,10.552674,8
17.92791,5.203767,7
12.416381,2.2005918,9
4.3508773,4.96278,8
0.10575749,8.594587,6
9.991564,3.1729138,1
11.321561,10.680725,0
7.5792522,7.3158712,8
7.0324764,3.8857458,1
16.95793,1.3980906,7
14.023825,6.6737123,0
9.479482,11.417025,2
4.938875,7.669094,8
5.5966587,9.240107,8
12.102882,14.03455,2
15.773379,7.428527,0
18.745075,4.8993134,7
1.6680537,13.627214,5
9.874575,-0.93121254,4
7.312705,7.8459187,8
14.853275,7.0746484,0
12.821425,9.1295185,0
5.9217086,8.352008,8
1.3919718,10.453715,8
6.496217,7.41467,8
12.102459,8.12293,0
4.925176,14.462067,2
6.144565,12.7494135,2
9.132955,8.1013565,1
7.040499,14.129038,2
13.469033,8.806773,0
10.928523,3.8183033,1
4.280561,0.49660337,6
11.940829,-2.886856,4
10.21649,4.7207365,1
13.963047,12.529648,0
5.850107,2.6703558,1
8.187299,11.782225,2
10.274243,3.708337,1
4.7222056,5.466823,8
9.378792,5.767978,1
8.229142,4.634904,1
16.833508,9.695693,0
8.325457,10.671693,2
5.164484,2.7900395,1
14.777184,10.963323,0
13.845961,2.4445758,9
11.105692,6.638885,1
1.51321,10.537852,8
3.8286788,14.614615,5
4.6232696,8.559281,8
13.741805,11.591138,0
10.721657,-2.263086,4
10.149264,7.3902917,1
9.478652,8.493757,0
10.407932,4.309301,1
6.9097657,6.183491,1
3.1125417,15.023049,5
15.339572,2.5243397,9
7.4014707,-4.5411534,3
9.634353,3.2729096,1
7.680166,9.547568,8
-10.481494,-0.24286579,5
8.65334,14.499229,2
14.90931,0.29338682,4
6.971293,5.6938643,1
9.323497,13.40966,2
9.945205,10.535155,0
5.4048467,6.14947,8
11.209961,8.0398655,0
0.43533146,8.184919,6
12.448335,11.858452,0
5.8609223,-0.92734057,6
2.8262687,14.604162,5
6.0743923,2.694088,1
1.8824875,12.586377,5
8.208124,15.270897,2
8.112163,9.490798,8
5.9381547,13.238426,2
2.8915741,13.727967,5
7.311832,4.3029346,1
4.636658,3.0661757,1
6.1184263,15.539744,2
3.616775,15.619671,5
14.6144905,5.9086533,9
4.744778,13.534184,2
3.711212,2.0049908,6
9.334933,11.464096,2
14.325635,4.301851,9
9.738085,12.533861,2
10.751294,-0.6489774,4
7.6747317,12.873578,2
6.943524,7.995816,8
7.285182,5.442559,1
17.170229,6.8982906,0
7.0571284,3.6171417,1
18.332937,6.1760416,0
3.2795084,9.352506,8
3.9941442,13.084655,5
17.742098,8.371957,0
8.555872,9.714411,8
9.298498,0.20227046,1
4.0847325,13.647246,5
13.684739,12.400874,0
9.258982,9.554598,0
10.329615,7.086279,1
-9.927077,-0.72673404,5
14.46067,11.644313,0
-10.539714,-0.2867082,5
5.1991963,4.9981513,1
0.6525445,9.638405,8
13.92224,10.672657,0
2.5991693,10.117801,8
6.536803,8.328397,8
16.0403,8.982714,0
7.7188916,0.10839446,1
12.939698,0.70434237,4
6.704859,6.790236,8
5.7168145,5.381231,1
16.97241,2.6860747,7
3.0148172,4.703057,8
14.4242325,7.721562,0
3.9109585,3.3095827,1
9.385218,2.7165835,1
12.222736,-2.5484693,3
12.606735,8.295025,0
11.7616005,13.956092,2
8.844487,4.871445,1
9.4288225,10.510247,2
5.608886,12.916978,2
8.230859,7.144269,1
11.196131,5.700075,1
-10.876043,-0.8877665,5
14.226088,10.059917,0
7.091276,7.281891,8
8.918345,7.613533,1
7.645452,-1.6768622,6
15.479545,9.381601,0
11.00741,14.038245,2
8.430593,7.988178,8
1.831113,8.552925,8
9.579765,11.08777,2
16.626904,7.412829,0
8.83365,2.9575953,1
11.072243,8.4478245,0
9.020313,0.925198,1
9.491666,13.811673,2
11.173432,14.099466,2
8.538948,10.360027,2
5.828238,2.9614244,1
10.727345,6.5149674,1
7.633887,4.6219635,1
10.135747,3.0217955,1
9.597255,-1.6708621,4
11.198752,14.358811,2
10.913058,-0.11946486,4
11.823498,-0.58080417,4
11.866941,3.3503208,9
-10.451735,-1.4604274,5
7.1553674,10.21445,8
1.0676624,8.22114,8
16.719828,3.5463831,9
9.4604,2.5990705,1
4.626735,11.09233,8
8.998204,8.401193,8
14.652729,7.524975,0
0.60942936,7.183937,6
9.568854,13.28186,2
2.1961417,12.360126,5
5.047477,13.86803,2
5.925311,4.4595184,1
7.1621456,15.832435,2
18.42221,5.077702,7
13.456559,14.584153,2
5.4607673,8.11782,8
10.706521,14.983753,2
12.053683,6.6897855,0
3.7403202,7.939418,8
5.11091,6.1394534,8
6.7675023,5.830989,1
17.572672,6.193489,9
13.44033,13.360764,0
6.4764705,-0.77169394,6
17.783241,4.3594584,7
11.585816,8.688333,0
5.4134526,1.3224745,6
13.715567,8.005504,0
4.5779185,10.1379385,8
15.000677,3.2981355,9
16.496956,10.466964,0
7.968818,-3.4185174,3
6.445212,1.6146587,1
21.491745,9.562128,8
10.048475,1.132694,1
0.63168883,12.603913,5
17.2471,2.324912,7
3.5849679,2.8771138,6
0.5122256,12.359525,5
10.682392,7.620948,0
10.433152,3.840709,1
8.316093,10.999504,2
14.535952,8.80095,0
7.1922126,12.592023,2
5.6489854,9.841336,8
13.90476,12.386966,0
4.619204,2.7097754,1
6.567306,5.308339,1
10.670003,6.1265464,1
4.202956,5.1167893,8
15.031485,14.233305,2
5.2620807,9.4289055,8
7.5220294,1.4713833,1
9.781967,-4.0206523,3
8.314641,16.46382,2
6.723421,10.497875,8
3.4013104,4.5630007,8
5.3458924,14.434329,2
7.473233,5.333623,1
-9.935394,-0.92968804,5
13.7237425,6.0992002,9
12.259011,14.034661,2
5.31817,14.726935,2
12.824582,0.21860322,4
12.071395,5.407425,9
8.855548,2.104791,1
-9.8421335,-1.3274966,5
8.096918,13.3777275,2
5.1213646,3.034983,8
14.335119,4.306497,9
14.269979,2.3003793,9
9.314786,4.8501315,1
16.103315,3.2537887,9
7.5263147,1.6069973,1
9.538365,-1.1626973,4
13.444039,7.62232,0
8.767582,13.20113,2
3.4146042,12.649179,5
8.416173,15.926773,2
14.471993,13.865208,0
9.213784,10.347608,2
16.48789,9.443877,0
7.9807415,9.828252,8
-10.486144,-0.6629625,5
5.6929045,5.7601247,1
7.74912,13.517735,2
10.301662,14.770897,2
9.230919,5.9771175,1
16.39966,10.212132,0
8.747311,8.656627,8
13.837358,2.0671573,9
16.134687,8.045956,0
11.837954,5.4879737,1
12.0450535,14.02243,2
2.492415,9.356415,8
9.7456045,10.537737,2
11.337728,-2.9424217,4
10.993541,5.674503,1
6.770765,4.2984943,1
2.6559281,4.677853,8
8.429599,6.17916,1
11.24605,8.700327,0
9.152589,4.8661237,1
11.957745,0.5997068,4
14.416402,10.02702,0
13.613326,11.878587,0
11.196987,5.533337,1
6.628479,1.3673278,1
10.736643,7.401336,1
4.1482115,4.396346,8
18.93417,2.4159653,7
7.9457264,15.27223,2
12.23615,8.864667,0
-9.785209,-0.9928845,5
6.2030125,4.1475954,1
2.4771063,7.9212976,8
17.098076,9.59867,0
10.260021,11.959815,2
4.1579366,10.144941,8
6.267998,5.2012296,1
8.706565,8.889567,8
9.162535,3.2968235,1
11.214644,-3.3736675,3
11.022005,6.934683,0
3.6730285,3.5632384,1
7.452218,11.9310055,2
14.176738,12.820571,0
14.575469,-0.8046715,4
6.0897145,11.013568,8
11.207516,8.3422985,0
11.808132,11.990068,0
5.3281546,7.548277,8
8.632825,15.227639,2
3.858984,0.61577326,6
6.675554,6.3326697,1
12.819691,-2.0648417,4
8.590647,1.5905255,1
5.2736816,4.535463,1
13.104248,11.097367,0
10.533956,9.404913,0
13.393203,0.77837926,4
1.7685034,7.176621,8
8.371066,-3.0468557,3
8.647964,-2.3151495,3
12.787243,5.4047217,9
18.136934,4.540205,7
8.366383,-2.6335292,3
14.262806,6.6743765,0
2.0416756,8.913673,8
3.9944735,2.7377062,1
3.2615695,10.679352,8
3.8152115,15.3029,5
0.86856425,13.459069,5
6.1952453,9.160772,8
13.713958,6.167957,0
-10.320414,-0.79224026,5
8.995146,-1.5574375,4
-9.946587,-1.0388526,5
1.9614252,11.514178,5
-9.981758,-0.14456172,5
3.055316,13.073058,5
10.834448,4.7896614,1
14.789897,5.152776,9
1.539302,10.500381,8
6.653849,14.163952,2
4.3774133,8.303909,8
14.515313,10.573059,0
5.759926,6.424816,8
6.03192,15.235756,2
4.28829,3.0191696,1
9.358575,8.961159,0
14.735096,12.583219,2
10.991789,3.022987,1
11.594598,7.0688953,0
-10.3927965,-0.2909082,5
12.533687,10.421054,0
16.075405,7.226268,0
6.0509205,10.394418,8
14.522769,1.9147327,9
5.5700097,13.71304,2
16.193588,0.8061705,9
15.822398,4.4117093,9
1.1580944,8.857658,8
13.282414,-1.089086,4
12.012297,14.126684,2
12.746457,5.28806,9
16.191525,2.2603552,9
13.692756,10.126202,0
5.6657863,0.9365176,6
5.0052996,12.623798,2
7.926498,16.382128,2
12.0834675,-0.2877053,4
1.3647819,9.780708,5
11.7976465,4.7470455,1
6.338594,6.3497295,8
7.0094633,4.859405,1
11.381176,15.223334,2
7.0748076,7.066766,8
8.582397,5.968156,1
9.423076,12.627111,2
6.7623487,-1.2692416,6
16.705378,10.658433,0
12.0304365,-0.013057814,4
10.764926,0.17499144,4
14.826989,3.0916796,9
17.482304,3.5341372,7
-10.98941,-0.6848235,5
18.21248,2.0136192,7
19.354849,4.8556356,7
12.247346,5.3509197,9
9.90763,1.3457811,1
3.813334,7.134269,8
5.5624795,15.004282,5
8.919633,12.479512,2
14.385579,6.5949106,0
15.663007,13.501299,0
11.74921,13.766168,2
2.27875,11.272432,5
12.738494,6.1796303,0
11.150145,7.7907996,0
6.979413,5.954498,1
1.0367267,8.118888,8
5.544049,-1.9726378,6
19.127916,4.651995,7
11.011013,4.140168,9
12.496913,10.728108,0
4.6219172,10.529893,8
1.8024603,10.481839,5
16.776606,6.0236435,9
3.1326697,14.973806,5
7.552717,16.80909,2
4.657316,15.988592,5
-9.567848,-0.29237574,5
9.893771,4.2002077,1
13.598403,14.62803,2
1.6696208,6.493727,8
6.024181,5.3964524,1
10.525799,4.9717784,1
-10.288143,-1.1267284,5
3.592651,14.6252365,5
8.771078,12.013274,2
11.240872,3.9550152,1
21.442633,9.587071,8
12.892451,10.922397,0
14.678348,9.873457,0
-9.896624,-0.99403787,5
14.786555,13.304499,0
1.2597363,12.470074,5
11.809204,-0.32871053,4
6.7492814,-0.62150717,6
3.0326674,8.28691,8
12.2176285,1.7447947,9
7.920434,8.10182,8
0.63549954,13.135108,5
7.105622,13.819557,2
11.717053,6.528703,0
5.941588,5.233577,1
2.370379,9.289578,8
7.981983,16.46125,2
-10.556929,-1.5220132,5
1.0819217,6.8589153,8
14.880018,5.27351,9
5.007038,0.47792163,6
4.2158465,1.09957,6
11.327276,2.217233,9
15.122254,11.783799,0
17.434025,2.6773942,7
2.4527342,11.631883,5
16.823168,5.634784,9
-10.858304,-0.39968446,5
8.675571,12.527359,2
1.6123377,10.875949,8
4.4019985,2.170815,6
8.639629,9.319354,8
5.4802184,3.2502947,1
18.611217,3.051202,7
14.574166,4.5463123,9
13.710387,13.239715,0
5.9742,10.853616,8
17.37521,2.0950131,7
4.6058764,2.4042847,1
13.701786,10.314222,0
1.4265188,12.2766485,5
5.3329406,14.300542,2
4.05987,10.852337,8
12.355164,11.851176,0
10.520084,9.118197,0
12.450043,1.8219492,9
14.9840555,14.207519,2
7.847111,1.0383205,1
-10.470984,0.03280849,5
10.49722,-0.7555663,4
4.824488,5.520657,8
11.9056835,4.6090083,1
7.8171425,-2.6014767,3
13.041477,0.10251494,4
6.682933,14.772719,2
14.242779,-1.1731946,4
9.913185,9.348084,0
10.96997,7.50043,0
10.894822,11.193012,0
15.091867,1.3666549,9
12.282862,12.023826,0
7.3269396,6.313479,1
12.319193,0.045235734,4
18.27355,4.798747,7
14.424097,1.1115685,9
0.8231463,11.337347,5
15.170094,-0.592543,4
9.495026,2.8378727,1
15.135637,12.327866,0
17.184946,7.640095,0
10.654014,10.975626,0
1.3144517,9.045461,8
2.140057,6.386028,8
9.754411,12.09537,2
11.859659,10.462294,0
10.337712,9.514367,0
15.459931,9.343865,0
8.069345,15.051853,2
14.199038,5.34576,9
3.8477244,11.695181,8
15.293411,12.030831,0
6.408609,17.086914,2
13.865789,11.7090645,0
6.7664866,9.391416,8
12.971537,9.192453,0
3.769181,1.1610452,6
9.722783,8.839643,0
12.021709,15.520191,2
15.757686,9.90167,0
14.274833,2.1282659,9
9.839045,15.1945305,2
4.1655006,6.7184243,8
4.4041395,14.383412,5
19.295404,5.2270765,7
9.377243,-1.7834704,4
7.9482203,10.165741,8
9.563159,8.516217,0
10.817003,7.651149,0
4.98432,5.9130287,8
13.31081,7.7011123,0
5.993719,0.9370542,6
7.652089,12.90738,2
9.448428,4.3031416,1
9.5257225,10.687895,2
13.487493,5.4101295,9
3.1551056,11.038877,8
0.18171595,13.137168,5
-9.921146,-0.89323366,5
12.185545,-2.7794685,4
10.672959,4.662985,1
6.6752887,11.0475645,2
14.402845,12.380347,0
-10.787456,-0.119637035,5
2.8227062,12.803745,5
2.6598747,11.810164,8
6.690247,1.1461316,1
3.5227854,15.537362,5
16.985481,5.7304506,9
10.6435995,3.6551502,1
7.2977176,-2.018958,3
2.7919054,11.97005,8
8.810201,7.039915,1
8.995799,8.473424,0
6.796907,6.8020787,8
12.450666,3.9273655,9
6.3200426,5.326395,1
11.987906,3.3298006,9
10.535022,13.009898,2
12.532215,1.5518402,9
7.9112754,-1.7814732,6
11.090309,5.7421875,1
5.7549586,11.838201,2
7.4289007,8.479828,8
12.713108,7.304093,0
5.673764,13.983326,2
12.437265,9.245687,0
10.816772,-0.69909793,4
15.518877,1.2255461,9
16.021418,7.170861,0
3.3714333,11.902962,8
7.3357387,4.8447323,1
17.325747,7.4144726,0
16.955313,8.475369,0
10.637968,12.90678,2
9.724201,-1.7598777,4
-9.800894,-0.6720872,5
9.900168,4.509834,1
16.294352,6.338101,9
5.856787,8.646697,8
9.985457,3.8097107,1
13.486998,10.223498,0
8.71901,4.633016,1
17.41238,6.479748,9
7.5717235,4.931847,1
17.406311,8.0263405,0
6.275466,0.84913373,6
11.252757,-3.0950418,4
17.894558,1.9194915,7
0.97936577,11.341931,5
0.8667449,10.363928,5
7.915315,9.907078,8
11.979504,0.79719687,9
12.02662,-1.0536485,4
-0.054123573,8.763943,6
5.31357,9.333611,8
15.13906,5.0541825,9
1.496447,11.766548,5
6.094566,6.3762436,8
5.037382,12.866321,2
3.5997605,13.35697,5
7.742075,-0.037006207,1
2.4480839,4.116411,8
10.279538,7.3316154,0
16.100636,12.738235,2
2.8660417,10.178355,8
9.335117,13.848333,2
4.487725,11.738033,8
5.0608582,6.107808,8
4.7675014,15.889171,5
12.846554,12.459499,0
5.107515,3.3521688,8
11.298738,8.65006,0
7.8025627,10.759702,2
7.4087086,8.44626,8
14.018954,11.122858,0
5.480687,15.673777,2
8.623807,0.45106778,1
12.40427,2.8319085,9
0.07617456,9.998315,8
2.5331802,13.0587635,5
2.768487,8.596111,8
16.639803,5.1572857,0
8.956581,4.4562516,1
9.109881,0.6732906,1
4.8898687,15.091592,2
14.946313,8.814733,0
21.403652,9.630426,8
6.1516,5.5801854,1
13.162482,4.8518977,9
14.366428,6.12724,9
9.50187,13.715924,2
8.617933,10.092984,2
14.383641,10.102243,0
-9.696716,-0.33875093,5
8.244764,5.7764745,1
9.95736,15.94559,2
10.470476,2.3894303,1
4.8952703,14.063471,2
6.05952,16.28343,2
5.5353274,11.315511,8
11.799411,9.230385,0
8.282827,7.100541,1
-0.0688523,11.913204,5
7.438752,-2.1034849,3
9.71674,9.166221,0
5.0261493,-1.0428325,6
3.6568651,8.712781,8
-9.981974,-1.0098013,5
14.996594,12.5004225,0
2.104623,8.652465,8
8.394876,-3.335396,3
6.886807,15.099609,2
9.655793,13.060443,2
7.790326,14.462625,2
4.439535,5.5243235,8
12.551497,-1.8484907,4
6.7654824,1.7043346,1
10.124589,4.6306896,1
9.82505,5.934534,1
14.901725,4.994825,9
10.023433,-2.6687036,3
4.4511485,10.278566,8
6.434408,9.499992,8
1.284079,13.099161,5
10.519761,1.7358769,1
16.366667,7.7702723,0
10.195487,14.329472,2
-9.801587,-0.4436258,5
11.825782,-0.6359124,4
-11.328277,-0.68126357,5
5.971404,2.5865216,1
9.655356,6.028739,1
9.752936,7.489673,1
15.004843,9.122062,0
15.610572,11.064841,0
4.3160605,-0.1666322,6
11.073335,3.334436,1
5.156549,9.790299,8
7.424328,15.73678,2
16.281622,6.5828857,9
19.142855,5.8469853,7
13.299011,7.3200607,0
11.161558,10.148706,0
12.924537,6.764757,0
9.055964,6.515542,1
13.586803,4.6369243,9
6.568337,3.0325263,1
1.5785855,10.132397,5
7.068469,14.357279,2
7.9073367,-1.9930004,3
7.692149,-2.4627244,3
7.9450016,11.742917,2
6.5035896,15.204769,2
-9.945408,-0.8147232,5
8.784759,-3.499162,3
4.9710064,5.1976843,1
12.468307,9.930237,0
8.272516,2.9787834,1
12.369617,15.462666,2
-10.747903,-0.051590335,5
1.8488262,11.429205,5
9.174602,13.517394,2
6.355207,16.04876,2
11.176868,7.584996,0
9.094118,3.2735307,1
10.288943,4.7451963,1
16.387339,2.6456373,9
13.6833,1.1543417,9
2.8026543,6.9267955,8
13.406215,-0.79014623,4
8.537634,10.013037,2
1.5650849,13.370792,5
3.7407598,14.389169,5
12.248428,12.515102,0
4.2914147,8.633482,8
17.03902,3.4632072,7
14.056806,14.52646,2
7.308731,13.40365,2
8.656156,15.172811,2
5.785512,11.108547,8
8.441322,6.8831763,1
4.5803857,14.323186,2
15.24737,12.702536,0
6.067777,6.54591,8
8.353847,9.5476055,8
9.096552,6.304795,1
21.445877,9.581113,8
5.8549495,5.9745007,8
-11.021151,-0.2622758,5
8.611187,2.6666055,1
11.885914,10.447522,0
18.542814,5.7514415,7
7.771362,-0.61997104,4
9.03327,8.464339,0
5.7732525,6.698247,8
8.164921,12.034974,2
8.118102,16.719961,2
8.852312,1.224932,1
15.456786,4.1438465,9
13.193439,1.0922362,9
7.496337,14.320241,2
12.118198,11.665061,0
16.66818,10.651509,0
13.8490095,10.515482,0
1.9511803,10.062711,8
9.657737,3.8158343,1
15.346282,11.896112,0
8.150768,6.836844,1
7.967417,10.294157,8
6.428387,1.6078998,1
9.609109,-0.87815285,4
5.152723,11.626024,8
7.7431927,7.5918846,8
4.022084,11.5783205,8
8.108312,6.0085864,1
8.427566,15.737948,2
1.7421042,10.153183,8
10.669221,4.007414,1
3.1010191,10.654933,8
7.583505,8.584426,8
13.425252,7.689116,0
12.214798,8.577667,0
14.279475,6.9798265,0
14.016421,15.090837,2
5.3279843,15.185992,2
13.642584,7.9224644,0
6.364271,13.0642805,2
13.470673,1.0287402,9
17.04379,5.681641,9
18.459854,3.5321572,7
9.986828,10.694684,2
7.3211994,13.486838,2
10.285101,10.084899,0
10.654321,6.5868506,1
7.499489,7.3646846,8
16.94217,9.610576,0
6.4425173,8.007812,8
5.1567626,1.4879792,6
4.473828,7.812857,8
13.589146,-1.0267912,4
5.150551,0.85786724,6
18.360666,5.7442813,7
3.1569846,10.792661,8
16.810812,8.981812,0
1.3365954,13.196052,5
16.742697,9.904534,0
6.051798,7.339738,8
4.185279,11.0383005,8
4.6506076,6.850655,8
7.610021,3.4512136,1
2.074442,10.824448,5
10.528745,11.46887,2
6.0536604,2.3636174,1
14.973271,7.0376534,0
4.1039886,12.6846075,2
2.3809361,11.949656,5
8.131896,3.3145156,1
4.89143,3.782798,1
4.276829,11.917978,8
6.536618,-0.039181992,6
0.42517686,7.542054,6
13.458735,4.9026313,9
5.5390573,15.532706,2
10.182167,12.575643,2
11.121112,3.1877093,1
16.268564,12.858315,2
5.857428,9.784717,8
8.557885,9.740045,2
5.2069693,0.755983,6
6.3484893,1.4843769,1
5.7870502,7.6803675,8
5.2483463,6.963513,8
5.0131197,11.17045,8
12.2982855,15.508067,2
16.532978,10.850744,0
10.964077,-3.2732096,3
14.009084,10.178029,0
21.4797,9.554927,8
16.276716,6.7877192,0
9.369164,4.4774723,1
8.999875,12.934399,2
7.702146,3.249486,1
4.848785,-0.9407491,6
10.309747,12.399632,2
15.464445,2.5518913,9
-10.67105,-0.47051027,5
13.026685,13.252009,0
12.819764,-1.4937309,4
11.742953,10.117701,0
14.546677,6.345896,9
9.331434,10.440502,2
1.6064913,12.8927555,5
8.823898,3.6401594,1
11.000435,13.973604,2
13.695671,-0.91111034,4
5.2293744,0.85763025,6
5.733044,-2.3951435,6
9.528902,2.0475316,1
7.5019503,8.797953,8
6.965877,2.2076645,1
8.010385,10.906481,2
7.2723603,15.632598,2
4.6930485,8.366144,8
13.057861,4.5927234,9
14.221863,8.003331,0
7.5905776,6.6213374,1
12.414706,6.3229375,0
8.55917,2.9177828,1
6.4788027,4.530972,1
12.563081,14.634235,2
-10.486078,-0.39368778,5
6.938978,7.1189666,8
10.872701,12.227968,2
3.2291389,8.004154,8
14.781487,-0.047521196,4
-9.8255625,-0.83845735,5
0.046950504,8.473097,6
5.684373,5.4775653,1
10.477845,0.61822015,4
6.826954,6.556307,8
-10.430064,-0.63499033,5
10.395743,4.8133807,1
10.472218,3.7655423,1
7.5602703,9.390413,8
11.124704,6.758139,0
16.186127,7.9868855,0
7.958381,4.776394,1
12.294873,-2.3062139,4
10.981561,15.61336,2
8.694391,2.1823475,1
2.7479236,14.566713,5
7.7488923,12.851463,2
14.600101,13.31031,0
14.859931,9.135594,0
6.2759686,2.2488375,1
9.321669,4.064809,1
1.064282,8.311431,8
9.916784,4.9664245,1
15.066858,1.1806573,9
4.7195,10.963039,8
-10.922746,-1.051826,5
3.1952202,13.6211605,5
7.7147985,-0.21942994,6
17.429935,5.0080805,7
0.24093245,9.53516,8
7.605775,11.342459,2
5.369945,12.82118,2
6.3931947,15.211399,2
9.298601,-2.9265492,3
12.688633,8.469252,0
8.887475,1.9758198,1
5.1269655,-0.3427635,6
13.86002,-0.9132988,4
-11.0863085,-0.35152182,5
11.9415655,5.300495,1
10.745607,3.8750439,1
5.9904113,2.3731735,1
12.322556,7.8213797,0
12.672083,2.9993014,9
17.164354,10.686381,0
4.6646404,8.541,8
7.1944237,13.527891,2
11.887082,11.2942,0
14.986721,8.601628,0
12.99745,12.844519,0
11.40502,12.844426,2
9.121672,13.897678,2
0.2664168,10.907952,5
0.61024326,13.255889,5
13.642509,13.624664,0
16.79707,0.99312246,7
1.7248642,10.157047,8
-10.819263,-0.095997535,5
0.40405983,12.58095,5
11.364207,11.451511,0
13.243862,9.161567,0
0.85114706,6.8146553,6
11.112553,10.384753,0
11.568351,12.48279,2
4.918754,1.2541425,6
13.288012,9.518162,0
11.128469,1.4987699,9
6.310754,9.1675825,8
8.711501,12.091364,2
13.511008,10.8552065,0
3.510596,11.635869,8
6.4940577,4.3756413,1
5.747197,4.2683454,1
-9.60084,-1.1067282,5
1.2209986,6.8132234,8
9.883725,3.4803498,1
6.4110613,0.09267942,6
17.820745,3.9500017,7
4.7600536,11.170327,8
5.1664333,10.791616,8
7.8766303,-0.192575,1
3.7909274,3.5273473,1
6.2464404,4.1834793,1
11.2369795,10.201567,0
4.2065024,11.91039,8
5.7424536,15.051962,2
10.302203,15.949002,2
9.734076,10.004317,0
10.164745,8.95394,0
7.5831513,-0.04716886,6
12.766491,13.9082575,2
6.066341,15.196104,2
13.12728,7.9217744,0
0.21868472,8.229537,6
9.563166,1.6538302,1
3.0663898,8.782696,8
9.911643,9.543082,0
7.91839,16.413767,2
4.501967,2.3443234,1
10.8366585,0.42699406,4
10.868118,7.430543,0
17.119986,2.594747,7
3.2305112,4.832727,8
-11.082267,-0.81487846,5
5.3473067,5.9412084,8
5.27008,14.413354,2
8.1757965,11.4203,2
11.990819,5.3281603,9
8.502206,-2.498677,3
13.992159,8.169965,0
17.473991,5.7692833,9
14.050869,6.169556,9
2.944958,12.237671,5
14.943231,11.247954,0
6.19868,4.567158,1
9.962338,13.190574,2
16.66237,3.3858094,9
3.41577,12.700497,5
11.61226,7.6844816,0
6.704453,10.722665,8
21.279589,9.574,8
7.483294,14.297626,2
8.771116,2.362556,1
8.840485,6.7295866,1
9.308972,14.983857,2
17.666758,6.6620274,9
15.31627,10.311033,0
9.163606,12.601835,2
6.5695558,0.5289533,6
14.160728,11.247418,0
10.488291,6.897263,0
10.902751,2.2042246,9
6.1203136,12.954757,2
13.142679,9.205453,0
7.1254315,7.6909966,8
6.641017,6.4240723,8
9.105717,1.059236,1
6.8335752,3.1704245,1
6.7198544,2.215168,1
14.855298,6.1073747,9
18.874695,6.0009966,7
9.776383,5.7465043,1
1.7217603,7.4848976,8
5.0002575,13.364263,2
11.58673,12.690251,2
5.68368,8.799183,8
7.9742265,-1.046337,6
10.527197,-0.56497294,4
9.706642,5.867465,1
6.41419,13.020169,2
9.009611,5.426448,1
9.510567,13.98544,2
5.0697765,0.24344489,6
2.5914738,13.949747,5
9.007467,6.0194597,1
15.92578,13.229705,0
9.559374,16.324083,2
-10.379495,-0.73713493,5
13.441956,8.897515,0
10.147134,3.9952657,1
15.915618,2.978998,9
14.163232,1.5023413,9
13.491766,12.527424,0
9.308395,15.44775,2
10.044619,8.045414,0
8.23182,0.44592646,1
11.96701,4.804538,1
5.94304,-2.0082088,6
10.64713,5.8988323,1
9.148075,5.0773563,1
-10.310699,-1.7187968,5
21.583982,9.637418,8
7.0430365,8.81444,8
9.282725,11.169564,2
15.818926,6.054551,9
12.402302,1.6051078,9
-9.916377,-0.1311563,5
6.594276,10.640475,8
4.0978227,15.764174,5
13.386421,1.3717977,9
2.9829617,8.394119,8
6.757323,7.447548,8
11.911305,12.230984,0
8.326625,7.1228695,1
15.411746,-0.57525223,4
7.087889,1.9806188,1
5.8107257,5.954148,8
7.485196,4.062779,1
5.7233605,6.1608076,8
6.0373645,9.107851,8
9.063578,2.6863031,1
5.7107553,6.326001,8
1.5224042,9.90892,5
5.555525,4.633027,1
5.845113,6.497366,8
-9.546194,-1.0687556,5
8.85615,11.162862,2
16.901577,9.794275,0
9.42117,6.408864,1
6.388499,9.071877,8
11.954893,2.7107503,9
12.166058,1.7833908,9
8.087834,14.458842,2
13.47964,14.990733,2
2.9475515,4.2626386,8
15.538122,8.091281,0
13.053939,8.1537075,0
3.1823206,12.00013,5
9.60559,9.657548,0
8.866951,15.4410515,2
9.8999195,15.43324,2
2.1876543,14.909043,5
14.546215,4.3926725,9
-0.12128302,10.983818,5
14.472051,4.810164,9
8.574364,15.40477,2
19.499908,4.183422,7
6.144337,10.333715,8
3.2403278,3.8214815,6
4.332929,5.0715446,8
16.428986,12.410719,0
9.538909,12.856191,2
8.929522,0.5562911,1
17.197351,7.1007357,9
2.1894243,8.161906,8
10.998903,-1.8290026,4
4.2882276,12.207314,8
11.408206,8.675831,0
9.120102,-0.76557255,4
1.9845018,10.70973,5
6.56046,2.1361086,1
18.179012,5.295496,7
8.1495075,6.6193895,1
11.068323,14.602301,2
7.139519,3.6158755,1
5.857019,12.03006,2
8.882582,12.326611,2
7.5241227,8.624555,8
14.363688,2.0129917,9
3.6912255,1.4748892,6
19.016468,4.7224026,7
13.626757,-0.83900875,4
2.798838,7.9064856,8
4.7642193,2.732144,1
13.513968,11.444725,0
16.204212,9.332751,0
10.078894,7.329037,1
2.8241699,14.982205,5
8.733724,3.928306,1
9.263037,10.637879,2
4.422711,2.7645638,1
9.411255,4.212493,1
2.1917017,7.966235,8
13.637317,5.1829023,9
8.251437,13.660399,2
12.048974,12.411167,0
12.858554,2.5375404,9
2.4482234,10.536832,8
5.2861204,3.6120899,1
12.119309,0.36121058,4
1.2939804,7.126843,8
7.979818,9.769489,8
3.6421041,7.146752,8
18.68293,6.2424507,7
5.3032837,11.210754,8
7.469241,16.17258,2
5.8210673,2.5059845,1
5.759319,10.354059,8
10.617191,14.35916,2
11.777583,7.1629267,0
-10.369816,-0.8518246,5
13.061527,4.230434,9
3.7504497,5.630407,8
13.861398,13.450723,0
2.0054293,14.504992,5
-10.176095,-1.183882,5
7.906936,14.752426,2
8.574257,16.474726,2
6.6744895,10.307017,8
2.9599504,14.547004,5
5.2777376,7.9467225,8
10.1745205,12.904596,2
12.462174,4.4689345,9
7.4222193,14.033669,2
7.308253,5.608057,1
12.963038,-0.8145575,4
1.1927054,13.336519,5
8.125004,-3.0353925,3
7.339423,-0.72312915,6
10.631383,-0.25006908,4
14.756731,5.359766,9
4.76785,12.68637,2
15.196775,12.646311,0
15.24722,13.492928,0
10.563685,11.573729,0
-9.849944,-1.1159716,5
5.866489,2.8074555,1
11.0705805,5.018437,1
13.333084,13.464172,0
10.588399,7.515937,0
-10.050289,-0.89818424,5
1.3280602,10.786081,5
9.506701,10.527659,2
9.358402,1.4662836,1
12.819288,0.70087177,4
11.093061,1.9957291,1
4.335196,5.408786,8
-10.03895,-1.468178,5
-10.7042,-1.0740228,5
11.248443,11.172182,0
-9.865607,-0.7190214,5
14.017808,9.704284,0
5.604451,0.3885006,6
2.3138652,8.410229,8
11.1717205,2.674744,9
7.622227,11.578265,2
11.922797,7.8247113,0
12.516634,-2.0157073,4
17.097656,2.2890553,7
12.942921,3.9493346,9
3.6330361,13.748773,5
13.716916,13.607816,0
8.316625,14.789659,2
9.000104,-1.6100464,4
12.770495,5.235773,9
9.47923,8.602778,0
-9.884496,-1.2290999,5
11.76038,-0.07387805,4
14.345277,5.875009,9
9.313027,4.587128,1
9.437247,15.726774,2
4.4735885,11.868961,8
3.671946,6.0665174,8
0.10286287,12.94206,5
9.596105,4.574976,1
10.346186,9.811418,0
8.406211,0.84156114,1
13.447159,7.186103,0
12.448516,7.1010075,0
15.058669,0.44654372,9
1.6464062,8.28228,8
3.6719668,5.2198105,8
6.1562862,14.920375,2
0.70431954,9.580891,8
15.143496,2.252136,9
8.871156,4.0754867,1
8.437309,8.462606,8
6.2226763,13.487543,2
3.0352051,3.5589693,6
7.5251794,0.5514803,1
14.72373,12.103772,0
8.423887,3.0444138,1
-10.865692,-0.2538079,5
9.866376,-0.83941644,4
8.175341,7.632961,8
7.308699,2.4048612,1
4.5445743,12.689068,2
10.720097,-3.3617404,3
7.280398,4.896708,1
12.603216,13.769357,2
10.506088,7.018384,1
6.208217,4.677863,1
1.5904343,9.916159,8
7.024957,0.2687576,6
1.4934967,9.080458,8
13.314768,15.0006895,2
12.397104,13.404582,2
4.332833,6.2815375,8
3.911095,5.7236314,8
8.287825,-1.3647239,4
9.292044,5.0399814,1
3.2423937,13.413435,5
16.5699,4.9246235,9
9.585815,8.0962515,0
14.220045,3.3621588,9
4.9180202,14.647936,5
0.43807927,12.991305,5
2.4927654,10.330532,8
17.141256,10.954784,0
16.973536,9.199067,0
12.651135,10.071469,0
5.5934567,2.0574346,1
-10.869689,-1.4314622,5
8.482407,15.207399,2
6.8456197,8.832053,8
11.578665,4.135101,1
5.0725613,5.0621004,1
7.403547,4.543693,1
14.629463,10.085697,0
2.5154552,4.1131506,6
9.085271,2.3404858,1
9.565728,2.2605402,1
13.678631,1.6248001,9
13.435644,0.7909761,9
8.75575,1.1482286,1
4.940693,0.23885846,6
6.739768,11.808445,2
5.933891,2.7114995,1
7.5020804,3.7799067,1
5.888937,13.837354,2
4.2982473,13.227532,2
18.897785,4.627554,7
-10.534068,-0.71401846,5
10.6437025,10.288388,0
9.716822,7.745422,0
4.781078,7.3494263,8
14.281359,9.887522,0
7.710431,0.1329246,1
8.059271,15.970252,2
13.052829,9.278859,0
7.8851223,3.110573,1
6.974134,3.1047869,1
12.90696,15.099278,2
13.440367,11.657553,0
13.609096,11.411177,0
13.818584,9.540655,0
4.652314,14.561296,2
0.9251772,12.843709,5
12.418557,0.9322908,9
16.676788,4.48099,9
15.233296,11.549207,0
-10.449857,-0.17388956,5
3.6064668,14.293759,5
0.6227064,12.873122,5
10.664237,13.148538,2
-10.953088,-0.42182207,5
7.585959,3.6448014,1
16.462456,5.8005495,9
7.813082,14.741411,2
3.6270127,10.217309,8
8.201563,14.661277,2
5.044832,3.3282752,1
18.042557,0.9739659,7
8.359927,16.284302,2
-9.770406,-0.3830685,5
0.21572281,8.126891,6
8.5860195,-3.5423744,3
19.37538,3.8969357,7
10.552783,14.299294,2
6.057102,8.002766,8
4.5656934,0.9312027,6
11.86958,12.41599,0
1.5181365,9.877135,8
12.018413,5.3858213,9
4.6091156,8.29632,8
5.1987147,9.7655115,8
1.5719644,14.141251,5
4.7969747,5.6086206,8
11.459152,9.139481,0
18.714966,5.55123,7
14.104807,11.142992,0
13.920383,8.468477,0
9.901546,7.5562367,0
5.9908543,10.5794,8
4.023381,4.3158164,1
8.123036,12.605447,2
2.0546956,6.785064,8
8.540094,8.280327,8
8.632877,10.67193,2
7.225398,14.096026,2
8.473282,10.881119,2
4.8716316,6.239912,8
5.604907,6.835665,8
9.025818,13.792394,2
17.392002,5.30941,7
7.498099,4.7513757,1
6.7644196,6.022053,8
8.712767,8.144355,8
10.303326,2.3833175,1
8.685381,5.53656,1
5.952593,5.440149,1
5.20933,10.423121,8
7.5467887,8.960384,8
6.21108,7.6948805,8
9.4539995,8.172387,0
9.51867,1.0584065,1
6.553726,14.493618,2
6.909051,12.615972,2
13.346003,1.1080794,9
2.8635678,10.3827715,8
-0.06752646,10.300705,5
15.550995,10.201158,0
9.234487,7.370663,1
7.8033752,3.2419271,1
5.824591,4.6120687,1
4.5240726,14.58218,2
13.823532,8.973037,0
15.868871,11.339731,0
4.861807,5.4566846,8
5.2910495,8.79225,8
8.300474,16.260273,2
11.956717,0.37149283,4
9.321239,0.5147355,4
-9.59287,-1.1431196,5
12.507768,-2.0177891,4
5.923076,12.93813,2
5.2172313,6.070764,8
9.253757,6.037257,1
7.6219964,-3.1367028,3
5.106637,6.9095793,8
4.106627,7.7541113,8
1.640587,6.635578,8
5.9132757,-2.678482,3
16.046148,8.267133,0
12.4686775,4.348504,9
16.659367,4.384339,9
5.6948066,11.675093,8
7.832977,11.019628,2
9.381971,13.629857,2
11.741923,8.188869,0
15.219647,11.526123,0
14.61097,6.539949,0
12.616954,4.213225,9
7.039855,12.395611,2
15.964287,4.306284,9
17.40271,9.219753,0
10.306648,4.7387533,1
15.285993,10.98959,0
12.668538,-1.663085,4
2.4431906,9.3524065,8
11.156615,14.65014,2
3.9644167,12.19597,8
11.476338,8.159268,0
17.157042,3.6529427,7
12.940736,13.450504,0
12.719026,-0.08759056,4
2.479977,13.8018675,5
8.02278,-1.0781436,4
17.29769,0.5447122,7
6.546981,9.068542,8
18.130163,1.0960124,7
16.611168,4.0365405,9
9.887647,9.798949,0
6.7198806,6.8220463,8
19.27983,4.9570284,7
9.422443,3.5059144,1
3.822835,10.379705,8
7.945816,10.171786,8
16.961678,11.593965,0
9.844253,2.5337045,1
9.550913,-1.7169572,3
-10.899053,-0.2500149,5
2.2858028,10.272078,8
5.510905,14.350526,2
4.369039,15.814067,5
5.8898945,9.887394,8
7.3814936,14.47431,2
-10.782892,-0.698515,5
15.0115795,3.6261768,9
12.818987,6.8706207,0
3.061939,7.474991,8
9.437293,12.911442,2
11.277357,5.077822,1
17.39911,10.032645,0
11.226837,8.687018,0
5.329395,9.2314415,8
10.664486,11.314773,0
15.5009985,9.788621,0
11.561383,1.085301,9
10.9600725,15.361894,2
13.499036,-1.0257982,4
10.025034,12.798286,2
14.846656,2.750821,9
8.724699,10.643388,8
16.453938,1.3222685,7
14.838067,11.868142,0
8.232314,14.035736,2
12.67093,0.7169606,4
14.630149,4.7713213,9
14.286544,3.7362309,9
15.724307,8.895249,0
14.377951,5.9949355,9
11.485119,1.7286928,9
11.662928,10.592822,0
6.0057254,10.37049,8
13.791757,9.164636,0
3.3372927,15.3001375,5
9.326384,11.181786,2
10.615694,6.86653,1
3.2068717,2.718788,6
17.662006,7.0699806,0
12.712049,2.6742036,9
-9.728157,-0.23177652,5
3.9633207,9.645747,8
4.419754,13.503433,5
15.9385395,6.5076876,9
10.408599,-1.6523446,4
-0.077182055,12.450972,5
11.79147,4.2801337,9
9.6222105,2.9621947,1
10.765985,11.798956,0
4.2136464,6.9142256,8
17.18911,2.336657,7
-10.753669,-0.052813914,5
15.242843,13.1607685,0
12.98644,5.925229,0
8.222797,11.563216,2
11.416338,9.931646,0
14.15362,7.2014194,0
8.680749,10.677342,2
10.8166485,5.9209824,1
6.48108,5.310615,1
4.356554,1.6152415,6
6.8546495,12.334817,2
1.7901556,12.638149,5
16.438679,8.601154,0
8.729162,7.6358743,1
12.094177,1.3603027,9
13.879415,11.100643,0
5.7264457,7.5248666,8
5.8842187,4.4273324,1
13.129811,11.835014,0
19.250832,3.0185432,7
5.813512,5.8796244,8
4.839798,14.330162,2
13.367153,3.630106,9
3.0396876,13.925305,5
14.765497,5.818919,9
5.285917,10.949766,8
11.578278,7.7657704,0
12.573271,15.389165,2
6.386802,0.85959303,1
14.521494,8.392012,0
18.400047,2.192484,7
3.4983525,6.9121437,8
4.125489,2.9002573,1
9.675716,4.868027,1
11.297232,-1.8966621,4
-11.086674,-1.4981745,5
14.256315,-1.081746,4
-10.2762,-1.317073,5
15.954066,9.542397,0
3.7931273,13.576622,2
13.662447,7.3787365,0
5.586155,7.994242,8
3.63236,7.882528,8
14.883327,7.0272326,0
11.391667,1.6418014,9
8.822056,11.746273,2
9.199585,10.353847,2
8.905144,8.571056,8
0.647914,7.096303,6
18.645273,3.3654578,7
16.458757,12.424399,0
-10.134974,-0.34195423,5
0.8108035,9.301154,8
13.657257,9.816253,0
11.404279,6.7446823,0
5.4995604,8.294109,8
10.287872,11.547516,2
5.768077,10.177768,8
12.610735,11.017674,0
-10.537288,-1.0057964,5
5.1466846,0.6951712,6
9.415079,-3.674277,3
10.526905,9.903608,0
2.8630173,7.5238605,8
11.417119,5.6928787,1
4.3861923,11.155392,8
14.625998,9.139713,0
3.503016,2.4728165,6
13.6605835,10.53497,0
14.680922,0.65220076,9
2.720348,8.113308,8
7.4977927,3.332104,1
10.274095,1.2657745,1
12.35231,4.9780955,9
1.8999221,8.323858,8
0.52385956,12.157291,5
10.011419,9.285682,0
14.557446,12.271455,0
5.879281,12.467314,2
12.307917,9.193525,0
11.208328,9.808185,0
11.602694,12.168913,0
12.653669,12.432031,0
6.9103465,9.625445,8
15.720863,3.0789104,9
11.676439,6.90276,0
13.589512,14.032428,2
18.298801,5.1330104,7
11.553229,-1.0012139,4
3.7624056,8.336367,8
11.33807,1.6758993,9
6.6555104,14.086057,2
19.46504,3.872208,7
12.034359,-1.2266407,4
14.27553,13.640572,2
13.003581,12.445816,0
5.087823,11.067114,8
15.424653,13.344205,0
11.888384,12.70854,0
8.601301,-0.3594671,4
3.9685493,3.564819,1
4.752001,5.252016,1
16.392584,12.290038,0
15.813373,8.943616,0
10.58095,5.1576095,1
4.837415,8.114221,8
17.713444,6.1723127,9
5.102959,10.592895,8
6.3596077,12.72867,2
3.8087895,13.44006,5
8.301821,-2.674549,3
14.580674,5.8110495,9
6.1831727,11.34015,8
7.5106916,15.5088625,2
2.2578216,14.109663,5
8.935474,4.0991845,1
1.1236615,7.035205,8
3.7735329,7.2361035,8
2.2865875,12.146728,5
11.531925,10.569752,0
0.009297748,9.551891,8
17.125114,3.2927022,7
11.655505,-0.5063514,4
17.298143,7.109186,9
4.982434,9.263621,8
14.260938,-0.25971666,4
14.386051,11.1781025,0
14.537859,5.3736496,9
8.866932,8.256146,8
13.545344,-0.96262074,4
13.48863,2.6870692,9
2.3474796,8.0913725,8
6.516568,7.2606974,8
5.364699,13.835683,2
1.0452247,12.789727,5
3.4229279,10.531693,8
11.892448,3.3623884,9
7.571951,8.529794,8
-10.065437,-0.5070619,5
9.842483,4.571773,1
11.479076,1.0546275,9
14.393342,9.106948,0
9.80986,12.770435,2
12.804319,12.788317,0
12.05801,0.91856956,9
15.205161,12.390498,0
9.909769,11.067023,2
7.5809064,-0.04199908,1
18.10094,5.663279,7
10.903454,3.4847174,1
2.8287942,4.329976,8
7.1609964,10.00774,8
6.3852596,7.7400947,8
16.122978,7.8851466,0
5.0749836,10.314929,8
-9.667449,-0.45252857,5
9.8994055,11.62444,2
10.109563,-0.6840108,4
-9.799433,-0.92577577,5
2.4861836,5.8450384,8
-9.9468565,-0.42819995,5
13.602723,7.9987445,0
11.47463,5.6241813,1
8.770637,0.66039586,1
12.868328,6.3671966,0
16.06418,3.043988,9
4.18626,12.926868,2
8.4485445,5.7573366,1
10.216182,-1.5780874,4
10.452407,-1.1823081,4
11.855376,12.269295,2
8.82906,11.840274,2
3.7597682,9.32276,8
14.112674,6.116513,9
4.6398954,-0.15037811,6
4.4684086,11.099273,8
7.3434925,0.6921669,1
10.376726,7.3216147,0
13.642786,7.733511,0
7.915492,13.169434,2
14.700882,7.7465534,0
7.2661085,8.265806,8
12.1243,-1.2633221,4
14.090377,3.844516,9
5.897667,3.8992805,1
5.785495,9.436481,8
14.166312,14.403854,2
6.404546,16.336014,2
3.7333713,14.626875,5
5.8177166,7.6745996,8
11.269987,9.043273,0
9.603068,8.423816,0
16.024736,7.8236213,0
15.673632,11.412365,0
17.861515,2.999658,7
9.213857,3.7450802,1
1.6486257,13.221939,5
10.470166,11.316474,0
5.5853186,5.968448,8
14.900494,4.6746573,9
10.370108,11.736201,0
13.867289,14.377686,0
4.3897,9.187596,8
3.8394685,3.965165,1
2.5532362,9.7228775,8
9.162758,5.370368,1
6.929767,12.88472,2
16.720264,4.9200773,9
8.675971,7.2246084,1
10.8175,0.80382913,4
5.6620383,-2.4147472,6
10.3874445,9.192019,0
13.476578,10.733285,0
4.5490475,8.660771,8
12.938374,13.292179,2
8.29391,10.093298,2
14.576939,14.345501,2
4.703988,10.964978,8
8.7157545,0.7654853,1
5.9546123,4.757526,1
6.0051227,-2.0776565,3
14.970515,11.790111,0
8.601656,5.8299494,1
5.089605,7.7558417,8
10.917195,1.8910954,9
9.335592,10.778816,2
13.854159,9.884817,0
14.745798,11.589982,0
5.6398015,11.47285,8
10.083151,-3.9859712,3
11.786492,12.987803,0
11.248399,-0.9242866,4
10.447665,4.6953917,1
5.6303787,0.6572692,6
6.0705643,10.68995,8
17.753416,3.8701255,7
17.94728,4.371925,7
3.8510711,7.4659314,8
9.6002655,10.655406,2
-9.994544,-0.15906873,5
3.8039207,10.354693,8
4.7925854,5.146059,1
12.125491,8.724754,0
10.867165,11.60983,0
14.08432,2.094572,9
13.461394,0.89408755,9
10.676029,10.648945,0
2.3194056,5.8621,8
2.6725762,11.9748125,8
6.885184,6.1389775,1
0.9453869,9.842653,5
9.05323,14.399479,2
8.193801,7.9458523,8
0.82605135,13.885051,5
15.736975,10.935044,0
14.75215,7.2803984,0
5.9692354,6.8297887,8
12.084338,11.88863,0
14.592862,10.684473,0
7.342371,2.387815,1
7.008474,11.999237,2
3.2310698,7.1479044,8
10.021883,13.225271,2
8.578044,-0.045430783,4
17.324083,2.114562,7
10.450391,-1.1410046,4
9.0797615,2.9316714,1
5.3308864,4.725639,1
5.738515,11.080996,8
8.66551,7.7275662,1
13.780845,13.13218,0
6.022493,13.848903,2
7.009887,3.7051795,1
9.642953,5.681865,1
7.3723,10.292217,8
15.149028,12.580295,0
18.513002,2.67733,7
8.959772,2.640887,1
12.352583,13.764768,2
7.2858987,2.640786,1
10.948179,15.014997,2
13.254537,6.76614,0
12.348828,0.6094551,9
6.2178183,15.6626625,2
12.186917,12.250837,0
16.623283,6.2225175,9
13.456005,9.307102,0
10.1788025,-1.5019417,4
7.38048,5.551748,1
3.0366566,6.9484096,8
8.756695,7.800842,1
4.7894197,0.92820793,6
4.365112,7.8545585,8
13.8088875,11.508342,0
12.800126,8.641468,0
-10.860931,-0.74191505,5
18.065008,5.8712974,7
12.192329,12.887875,0
15.947371,12.634135,0
2.4996436,10.159915,8
18.008684,5.6791477,7
6.142306,11.620293,8
2.8327792,11.689106,5
4.2912397,14.067267,2
8.283957,12.712164,2
11.681788,7.3839564,0
10.461328,8.610992,0
7.075494,5.41454,1
15.325551,6.7698827,0
10.379921,-2.751553,3
14.376276,7.91059,0
11.112114,4.7241774,1
15.805915,1.6887245,9
1.0953137,10.328075,8
9.015768,5.8378544,1
15.752868,1.5474112,9
12.44319,7.2668366,0
11.383831,0.41103843,4
10.733283,-2.3569903,4
12.567737,5.4886346,9
5.797268,0.7127735,6
9.319025,10.348008,2
12.411765,6.5963364,0
0.15947215,8.6237,6
12.494247,6.154468,0
14.7697935,7.0224686,0
8.06578,11.743863,2
2.7849274,14.076369,5
19.178493,3.7503912,7
6.213571,2.8378892,1
0.3572248,12.0698185,5
6.094087,2.2392406,1
15.429485,11.885238,0
8.559338,-2.3862739,3
9.267625,4.525346,1
8.813656,2.3117101,1
6.923549,10.6693325,8
9.792777,8.887974,0
7.561876,0.9640117,1
8.914783,14.142765,2
3.539395,9.136035,8
13.188052,9.810402,0
3.9735136,7.817125,8
8.366122,13.477041,2
11.848103,5.1652317,9
9.600124,-2.0745647,4
8.75728,9.604715,2
11.001738,11.323624,0
13.396983,10.254774,0
13.758269,1.8787792,9
7.841219,8.283158,8
2.9525785,6.009589,8
7.61374,7.4311256,8
8.974783,15.20014,2
10.586412,7.551517,0
10.973349,0.84264,9
10.478783,11.82725,2
15.315165,13.31407,0
7.082842,6.051801,1
8.840284,10.777528,2
11.249655,10.95311,0
11.868824,-1.9959525,4
7.4134583,-2.503045,3
12.015097,1.7598293,9
8.298584,12.048256,2
15.245737,13.963277,0
7.9824815,8.084619,8
11.001793,6.767554,1
2.9280355,5.3553863,8
5.5076447,13.667913,2
12.191358,10.283847,0
8.420857,4.105981,1
10.893594,5.9693055,1
0.9969819,10.711787,5
10.607101,6.7415414,0
6.2886677,3.3999698,1
15.09549,13.253352,0
17.074356,6.528766,9
13.477962,7.5920143,0
6.1603875,11.68144,2
12.840861,12.629581,0
1.9516125,11.540197,5
0.4813924,9.647078,8
6.88406,13.802592,2
1.4536656,10.100439,8
4.4504323,5.2336216,8
4.6228333,6.816413,8
5.561642,12.054407,2
7.5781384,9.591011,8
13.735879,1.640664,9
10.942539,4.4043283,1
17.855328,2.0138855,7
14.161092,10.45579,0
10.043525,4.216207,1
8.864449,-0.4463021,4
3.3630826,11.029107,8
2.7779293,9.725689,8
6.391785,13.102531,2
5.780311,8.746811,8
6.586215,-1.7907888,6
-10.119729,-1.4385793,5
4.2382445,12.401239,8
11.67953,7.260719,0
10.262168,3.9312494,1
13.746029,1.6131719,9
17.996157,4.2581854,7
16.723059,10.759765,0
13.556213,11.408195,0
11.008801,11.504678,0
12.4112,-1.8690509,4
4.083336,3.0235124,1
10.352809,2.7769163,1
8.998474,-0.40904573,4
8.720526,13.098401,2
-10.070308,-0.6490325,5
16.170862,12.813564,0
0.070848316,11.033132,5
2.2963681,11.500574,5
3.9567316,10.20653,8
17.091309,3.7749257,7
9.13724,9.388031,8
15.602348,11.637322,0
6.9262614,15.389507,2
13.104756,12.606105,0
6.5094676,4.0858145,1
2.507658,6.6915174,8
8.036019,-2.8561554,3
-0.083869666,11.231227,5
11.893962,4.851672,1
3.8478894,12.733282,5
11.100092,10.127353,0
6.8679485,14.826653,2
16.866299,10.187039,0
3.8479905,5.35235,8
6.549244,2.2734745,1
7.139923,9.554242,8
14.013946,9.775888,0
5.394347,9.992884,8
7.177297,11.101562,2
11.217237,4.0640373,1
10.785632,-3.037485,3
7.7906957,-3.2500014,3
7.458265,3.2208579,1
10.363266,1.2677615,1
9.074991,-0.8811764,4
13.284939,13.847396,2
6.2437415,2.19358,1
9.105421,11.419188,2
4.614134,0.7345515,6
10.636672,13.221772,2
8.801464,16.113558,2
13.541985,12.296516,0
2.5785966,9.410864,8
4.2775373,9.550363,8
-9.75865,-0.8831754,5
14.551444,10.451783,0
7.807212,4.169778,1
7.4687843,15.629579,2
7.209307,2.8435535,1
19.17863,2.86396,7
14.492614,-0.9283333,4
12.71282,14.679537,2
8.294682,15.798996,2
13.887279,11.482319,0
2.5553007,11.940886,8
0.067119785,9.78282,5
4.125126,9.509154,8
7.44114,13.712821,2
5.4805555,10.825763,8
1.7826451,11.023292,8
5.093599,11.023516,8
5.2576385,14.556978,2
6.1195407,5.896754,8
12.110685,10.07091,0
13.869805,10.110105,0
9.008803,-4.006269,3
11.753283,8.936451,0
10.328012,11.016928,0
4.8821945,5.411341,1
15.22395,11.755209,0
3.946782,10.662463,8
7.9120297,5.339431,1
14.237759,3.436214,9
8.082111,14.261084,2
10.950508,13.557933,2
11.122243,14.363531,2
7.4401393,9.612032,8
13.391507,0.7727462,4
5.1422505,1.3865889,6
7.433789,1.0770739,1
11.748239,-2.48466,4
10.267697,11.6309805,2
3.450617,11.158763,8
7.814837,-2.822085,3
12.01274,4.328633,9
6.8055506,4.388248,1
5.6823444,3.3213093,1
0.29874885,8.562497,6
0.03980795,10.410866,5
2.08344,6.318501,8
8.682027,16.504642,2
8.246128,5.417244,1
10.549886,11.129827,0
6.414256,0.058133617,6
7.720561,11.296006,2
10.750627,10.191301,0
13.279361,15.567118,2
17.724047,6.152149,7
7.9362974,11.44723,2
5.6278567,16.606888,5
18.975298,4.9836793,7
2.699366,4.7548313,8
7.92407,13.26147,2
6.374926,-1.9330559,6
-10.368121,-0.80218583,5
11.012066,11.672293,2
4.988982,11.959611,8
7.8359466,3.048892,1
6.2460766,12.457834,2
10.291046,7.310775,0
15.82644,6.4984703,9
4.758189,12.133294,2
10.296556,8.493347,1
17.040712,1.8677018,7
8.263662,-2.2153888,3
4.6737323,8.560737,8
10.412771,0.31467715,4
6.9970493,16.842361,2
12.444153,10.139519,0
8.968555,4.3253527,1
6.074521,-2.0808501,3
9.996547,4.1391463,1
3.79871,14.22842,5
2.8364093,13.486749,5
16.059568,13.035919,0
11.815973,1.8195536,9
-10.716723,-0.39947027,5
11.403658,9.24355,0
8.357061,10.9932165,2
7.5532293,3.0018222,1
5.662988,8.89935,8
10.1934395,4.1454363,1
14.135214,9.437243,0
7.3154864,3.7979803,1
12.245746,15.208753,2
9.074813,10.734259,2
13.079399,13.336705,0
10.408732,7.8228498,0
7.9262924,2.0141757,1
3.8226438,4.961592,8
7.251383,16.585602,2
17.297298,9.855748,0
11.629115,7.5911894,0
6.251312,12.956537,2
12.548317,14.669482,2
6.0768824,12.238762,2
7.829887,8.18749,8
9.47939,11.534899,2
6.1705337,-2.0223138,6
17.6883,7.5238533,0
8.682343,-4.040158,3
12.048929,13.94253,2
8.133504,10.347144,8
5.94505,10.140458,8
8.417551,13.244431,2
14.156394,3.5071251,9
10.555886,1.2111338,4
10.192183,1.5992162,1
18.93742,4.0562506,7
7.450178,6.9192033,8
7.107938,-4.1964602,3
4.2070417,8.62263,8
6.627531,15.962295,2
7.2247806,4.400336,1
5.529991,8.915984,8
7.359475,-4.5010805,3
17.629,2.7144592,7
14.879879,11.249968,0
18.26777,4.8323145,7
7.7170343,9.023009,8
10.397963,12.448635,2
12.8515,2.7613053,9
11.867687,2.8974884,9
1.6405613,14.373823,5
10.721988,9.183453,0
6.858724,11.498646,2
16.059397,9.911942,0
14.031021,4.958917,9
7.90449,-1.0058845,6
5.302243,0.8197172,6
11.170425,8.305832,0
13.159807,6.7332516,0
8.325508,8.3605175,8
12.570678,9.8683,0
17.103624,10.554989,0
9.217947,2.0885105,1
13.775754,1.6736084,9
3.0181901,5.336514,8
12.515352,-0.053451225,4
14.517023,5.092065,9
14.460097,2.138606,9
14.528023,2.019904,9
2.6786458,12.869989,5
15.551789,9.110114,0
8.133835,-3.2815125,3
15.60408,2.0029588,9
3.4240444,2.7119372,6
14.237354,10.258257,0
14.855717,13.781629,0
2.2300513,10.729169,8
13.666623,11.164299,0
7.356281,10.585655,8
7.696325,3.80838,1
6.6270523,11.593105,2
13.975804,13.625295,0
7.457231,12.715225,2
16.185818,10.98608,0
9.2567625,5.7363977,1
8.479644,12.770432,2
16.065992,6.8888745,9
11.511611,14.930257,2
7.63809,1.8159721,1
11.636316,13.876559,2
17.611515,2.4393914,7
6.4852686,2.4487607,1
14.699039,6.1267424,9
10.284314,12.182181,2
11.297192,-1.7211463,4
4.0196223,7.3892994,8
9.872052,6.1451216,1
7.126683,2.6786444,1
7.7124276,16.203955,2
10.520413,-0.06080676,4
12.541089,8.976293,0
8.403397,4.462666,1
13.412412,0.0036467612,4
10.321541,2.7412324,1
8.726205,5.967355,1
5.1234894,4.633099,1
14.126161,13.95541,2
8.864567,8.627634,8
6.0619316,16.118053,2
13.641984,13.146523,0
-9.532789,-1.0816396,5
12.542692,2.2398725,9
16.70179,7.027136,9
8.4891205,7.1938176,1
5.1158476,14.491142,2
8.987443,3.963258,1
2.117687,11.916036,5
1.0384469,12.81754,5
1.8110552,9.764681,8
11.947308,10.197077,0
16.227259,2.3420422,9
3.039991,14.220244,5
0.8506436,9.260399,8
15.676386,5.7311416,9
11.775075,8.228582,0
13.900748,10.59046,0
5.865225,12.8470335,2
16.312727,1.5518486,7
13.134392,7.4966764,0
8.950481,-0.7054435,4
5.4557185,14.103112,2
16.709234,10.356203,0
10.246664,14.5401535,2
8.220696,7.5962925,8
11.453987,2.85829,1
5.6231065,-2.149124,6
15.463738,3.834565,9
1.3757252,10.750776,5
8.617369,7.971909,8
6.4492207,-0.43910474,6
10.34514,7.6102424,0
-9.611646,-1.2606477,5
17.77402,4.062922,7
11.723136,13.338082,2
2.285245,8.764271,8
10.281305,14.571643,2
7.9142118,8.418616,8
18.576647,4.921614,7
9.915944,1.4787551,1
17.532316,2.9047737,7
13.499314,5.916419,9
8.719502,5.809383,1
16.18873,9.549098,0
13.084732,-0.978909,4
-10.644425,-1.5341264,5
-10.2738905,-0.37376314,5
6.061676,4.0581827,1
19.3629,4.804897,7
-10.407414,-0.7725675,5
13.990999,6.1414475,9
11.578944,15.636761,2
-9.91163,-1.4449046,5
5.097185,15.98655,2
5.4232383,12.932406,2
13.968661,10.426859,0
3.6389928,9.263973,8
5.9324274,12.880547,2
5.253883,-1.4077392,6
2.0832016,14.638884,5
13.517615,9.80811,0
8.714858,7.631996,1
7.819935,7.906745,8
5.182391,15.277577,2
8.371392,-1.5982916,4
4.42415,2.311394,1
14.839832,11.845732,0
13.040039,2.3980947,9
9.44705,2.3435225,1
4.403318,9.591017,8
7.086622,12.599199,2
6.427393,-0.88838005,6
11.076954,4.0394206,1
12.064813,11.724926,0
8.218791,8.939849,8
13.778237,6.7297215,0
2.4166572,8.047866,8
14.737735,7.1870227,0
14.556056,13.573288,0
7.4483614,9.140712,8
1.9601486,6.549234,8
11.438218,-0.82888794,4
3.4426713,11.270933,8
13.812207,14.904637,2
21.540348,9.512194,8
2.980273,6.503112,8
11.568242,10.1866865,0
9.026346,1.017675,1
11.461524,6.57687,0
3.1376185,5.3303056,8
13.391879,5.9097753,9
7.0087194,5.1924415,1
7.9626336,-0.58460486,4
7.462689,12.178131,2
8.218721,15.583624,2
10.778926,8.947284,0
12.679667,5.117344,9
9.396836,-4.173023,3
2.7578652,6.7891545,8
15.671312,9.240978,0
13.091574,10.5415745,0
7.8545566,3.8123877,1
7.7992206,0.11796047,1
6.6168523,14.034841,2
-10.988177,-1.6607372,5
13.549835,15.367648,2
15.873727,8.695998,0
-10.160563,-0.570884,5
14.551648,6.015594,9
6.451322,6.520587,8
10.865643,2.7566302,1
4.599984,-0.47711113,6
8.248709,11.953396,2
3.0332355,7.650919,8
13.68028,2.0303533,9
-10.695844,-1.2684156,5
3.603693,1.7942754,6
12.94456,9.322857,0
0.854771,12.708343,5
-10.831081,-0.46145666,5
12.331602,13.189498,0
13.975007,2.1096811,9
6.336209,2.9481788,1
15.16886,13.296236,0
8.36979,10.68551,2
6.259875,2.2785702,1
9.835203,14.638879,2
5.9948516,6.5311065,8
8.631677,1.8450509,1
13.09349,9.411516,0
14.964607,1.590833,9
17.115635,5.1973157,9
2.6905408,8.875412,8
5.470897,12.341925,2
2.7327905,7.2069054,8
8.043539,10.94038,2
21.439138,9.518986,8
11.016292,0.10006754,4
10.5045,14.460871,2
7.1279,-0.1305899,6
6.9420834,10.346188,8
10.207365,-1.5011787,4
10.446991,11.008922,0
13.070291,-1.9147748,4
8.432072,15.877308,2
16.640982,10.261601,0
13.970564,12.973399,0
14.395877,10.571641,0
6.1077127,6.526661,8
-10.218665,-1.0459048,5
9.685123,-0.5688636,4
18.06336,1.9724351,7
13.21128,14.694392,2
12.79117,0.8265374,9
13.17673,-0.110953115,4
8.759678,0.909027,1
13.460807,8.918886,0
7.1598573,13.910345,2
12.803422,0.017400002,4
6.2663393,6.3236995,8
9.493217,5.902521,1
8.190725,14.112597,2
6.909824,13.243243,2
13.139241,13.981647,0
5.2012143,-1.3267914,6
0.730877,11.583748,5
6.3492136,2.860495,1
6.4673433,11.769071,2
14.037909,8.260441,0
2.6142035,6.7605314,8
-9.882594,-0.48028255,5
9.219191,5.782404,1
4.088371,15.929872,5
3.4068978,5.385065,8
8.890115,6.6177425,1
19.408361,4.2766414,7
1.3732123,14.445119,5
3.2394135,14.571842,5
8.943252,-4.0121403,3
18.42365,3.0249887,7
11.085552,15.77911,2
-10.207393,-0.9824936,5
14.408351,4.6690345,9
10.49675,2.9606018,1
12.082532,6.9623923,0
10.72215,3.867229,1
11.094004,10.892887,0
4.887389,12.915914,2
17.490189,6.119458,9
6.534188,6.1932054,1
7.376512,-1.4589866,6
15.797711,3.1032708,9
13.122362,4.5020647,9
5.551341,3.8102825,1
15.697384,4.967106,9
0.45690063,11.71875,5
15.12189,12.720922,0
3.7997034,8.633226,8
8.289917,11.197289,2
11.0629835,5.6222086,1
7.947999,0.7107037,1
11.1713915,14.997285,2
8.250663,16.447557,2
3.286525,3.820432,1
6.2901664,10.552091,8
3.7230458,1.6083266,6
13.675123,6.091142,9
15.048804,2.0234175,9
8.599709,14.432279,2
10.776019,11.029237,0
15.93358,8.413194,0
3.666599,1.1460707,6
7.2274475,8.750069,8
11.358513,4.227457,1
14.244048,7.2592373,0
9.708946,5.179343,1
16.402273,6.647311,9
9.92001,-3.3027933,3
16.24699,7.6627455,0
5.639638,14.12938,2
13.687192,14.722645,2
0.4086983,9.082604,5
11.6463375,12.323902,2
13.833914,4.395133,9
6.30317,9.073238,8
15.232365,1.1785324,9
3.3672905,11.848249,8
0.7772452,12.814513,5
5.1621227,0.36788282,6
13.768678,3.1426115,9
4.962728,13.31093,2
2.4897764,8.627539,8
5.862784,5.814397,1
1.6191801,9.756508,8
16.234028,4.4187117,9
7.800167,12.325617,2
16.761045,11.677319,0
7.9392834,4.7759123,1
10.373289,7.8257484,0
15.591601,10.869303,0
13.414918,-0.80112475,4
6.3683333,7.7504764,8
3.8389034,13.283581,5
15.52632,4.417028,9
9.772948,-4.1205077,3
14.7831335,8.248482,0
1.4614071,9.233711,8
1.5274299,9.59122,8
16.234842,2.1137428,9
13.070773,14.008372,2
2.0193598,13.863816,5
7.7350636,1.9773674,1
17.012293,3.9047027,7
11.465787,11.794856,0
19.37438,5.260155,7
7.407501,0.6771764,1
7.4761853,15.947558,2
11.440961,15.413513,2
11.258475,5.5485363,1
4.13374,12.515075,2
11.814731,11.889508,0
13.449435,1.7465203,9
7.945,10.171573,8
3.9198902,12.041794,8
12.685807,14.171967,2
21.455246,9.560886,8
14.6452875,6.9862714,0
5.0218506,5.746342,8
0.9899187,10.222979,5
9.82342,10.43834,0
6.660367,8.178552,8
2.4146101,11.115832,8
5.049014,1.1346914,6
7.638506,10.752876,2
7.830557,0.43841252,1
6.274024,0.7538596,6
-10.6054325,-0.8747487,5
14.895565,0.36006358,4
15.282046,1.8106512,9
6.8028665,2.8039927,1
12.001399,11.885634,0
8.726069,-1.3707829,4
7.522578,10.435449,8
16.771603,2.0712652,7
14.766947,3.5036519,9
13.259788,-0.6500379,4
5.331444,5.9644775,8
15.213652,3.889351,9
8.4162655,-3.2691648,3
10.569387,10.797743,0
11.163633,12.834009,2
6.6889777,14.243314,2
6.204274,14.991878,2
2.5261784,12.723364,5
6.0213094,-2.0202956,3
8.979471,14.972007,2
4.7731986,12.63258,2
12.167714,14.229382,2
6.1006765,9.978525,8
6.1366534,1.8766987,1
9.990968,1.7691685,1
5.7585545,8.46229,8
2.1872504,9.100513,8
7.011774,11.897433,2
8.078683,-2.0466893,3
2.8485167,7.3251615,8
15.204672,3.8484452,9
9.613832,8.710445,0
5.489403,11.006651,8
8.290907,2.2320879,1
10.9805,11.235422,0
16.20646,7.345619,0
7.7521057,0.3259211,1
2.3389616,6.8552537,8
3.108915,9.264154,8
8.198245,4.57454,1
5.057859,13.166074,8
4.762334,4.669285,8
12.232157,13.708681,2
13.170598,0.68070596,4
12.84479,3.8561075,9
4.492271,9.289463,8
6.8042703,4.2058654,1
7.167905,-4.073082,3
7.1987367,-0.48574656,6
12.0567875,4.168545,9
9.966707,-1.7516918,4
2.92784,12.556876,5
6.4458094,16.692165,2
3.9307024,8.275779,8
14.6578,11.3118105,0
8.018454,4.2282853,1
-10.606344,-0.52959514,5
8.269024,7.335531,8
5.116815,2.1846442,6
18.847181,5.0456567,7
6.7121563,-2.084048,6
9.49328,4.261319,1
3.7714534,6.4857755,8
2.4462237,6.9501247,8
3.8495083,13.964852,5
7.067124,5.6777725,1
-9.38121,-0.99177146,5
8.881946,-2.2984655,3
11.897953,13.509526,2
4.2721276,10.494547,8
0.9290941,10.694048,5
15.219384,8.678037,0
12.691636,9.825035,0
-10.88109,-0.94704384,5
4.5546722,2.4872017,1
12.448169,0.9166787,4
16.30547,2.5329792,9
16.089628,6.627043,9
10.875968,-2.2933724,4
13.149914,4.32744,9
7.544763,14.37354,2
7.3233843,1.9069887,1
5.848679,15.586594,2
8.614629,8.902822,8
3.8112464,3.9487226,1
8.898231,11.377261,2
8.730089,-4.216457,3
4.828567,8.800971,8
18.60656,5.101334,7
8.889082,-3.639478,3
16.78281,9.902632,0
13.053843,13.025036,0
4.326237,13.3352165,5
7.163342,-4.136193,3
4.7413864,14.542022,2
-10.9935055,-0.6927273,5
7.506917,14.348747,2
4.756143,9.862852,8
11.8728075,6.873934,0
6.739002,0.47156763,1
11.754185,11.704125,0
13.695725,7.5081344,0
7.4991503,-2.9994807,3
8.451502,3.8244264,1
7.975708,-3.1867476,3
9.078177,16.463848,2
3.2180197,12.0355215,8
7.477788,7.8856287,8
-10.6885195,-0.9612867,5
17.133692,11.087321,0
8.361921,-1.3146008,4
10.835616,9.647402,0
11.971542,10.625345,0
4.0202026,15.460448,5
10.862194,14.446962,2
12.702154,9.354331,0
13.796651,-1.140872,4
-10.669728,-1.3537846,5
4.5307693,13.353314,2
9.838996,2.2945917,1
12.525653,-1.7522986,4
9.897725,-3.1093926,3
9.292945,2.7634037,1
17.65847,0.76200855,7
2.5436418,4.064572,8
7.066237,14.127968,2
9.906343,6.858517,0
15.89432,7.583996,0
8.698434,-4.0949106,3
4.5431128,8.373161,8
0.81060123,9.42851,5
13.935414,-1.0977613,4
7.1654725,5.3984833,1
5.7602034,6.043549,8
5.7627006,4.6867986,1
4.243404,6.7299476,8
10.425685,10.80044,0
13.694465,3.2971935,9
8.102886,11.4458275,2
12.086499,12.371206,0
10.989561,6.6737976,0
6.476749,4.2740912,1
17.313091,2.2783504,7
9.5918665,6.199809,1
12.383129,12.545399,0
7.8957725,11.840434,2
1.2664372,9.797418,5
14.021187,4.918104,9
13.64161,11.572726,0
15.020255,7.4310746,0
12.524428,11.691461,0
7.4410276,13.312251,2
9.565074,-0.8432534,4
10.286801,-2.8727777,3
4.0816464,1.528762,6
15.233242,4.052025,9
13.340306,2.1617913,9
18.868229,5.7000284,7
9.091368,14.830634,2
12.267953,2.253755,9
12.214691,-0.38252717,4
11.807788,2.4643335,9
13.832995,3.2642941,9
8.045316,16.049473,2
6.244954,15.042194,2
2.5051017,7.6670585,8
-11.335202,-0.6666575,5
6.560077,16.092201,2
12.0537615,13.12695,0
5.719252,12.336264,2
11.465864,10.175483,0
10.828469,8.035664,0
14.106224,0.30582315,4
16.919493,9.396353,0
9.387983,7.604688,1
4.6655774,2.9624584,1
10.880035,3.9398837,1
13.424256,4.087053,9
6.1666884,12.187254,2
18.433594,4.496984,7
11.42982,2.0865996,9
5.9717674,7.420023,8
10.915882,4.8741355,1
8.21092,5.700715,1
10.478498,6.8596306,0
6.502453,7.4987564,8
14.934967,5.7226086,9
3.9490228,1.994965,6
4.107931,0.83935255,6
-11.021787,-0.42893723,5
4.6408525,0.18561651,6
4.8738165,9.776573,8
16.457012,7.1582804,9
0.4908043,12.852056,5
8.890252,3.8746514,1
7.9838486,4.8243165,1
2.5629902,8.995764,8
12.601188,6.089477,9
15.436935,9.771973,0
15.890267,8.707434,0
12.761642,-1.665453,4
11.330374,12.816474,2
6.345217,16.139729,2
13.981821,12.931448,0
8.704416,11.955273,2
12.396358,-1.3244517,4
14.511583,5.9203153,9
-11.131412,-0.48745227,5
11.823022,13.878744,2
13.998672,7.296941,0
15.445029,7.999765,0
2.759248,3.3682277,6
11.3621645,2.6680634,9
12.024091,12.909506,0
3.6964865,14.119154,5
6.513636,14.561049,2
8.967278,-0.56135494,4
10.322788,-2.240793,4
5.0972314,9.170248,8
8.96374,5.80453,1
12.11562,-3.2691393,3
16.085932,12.851797,0
15.999363,0.18111989,7
15.155215,9.266815,0
-10.1137085,-1.2341845,5
6.705989,0.88347745,1
8.095466,6.847206,1
4.5726233,1.9529572,6
5.9046707,4.4548526,1
6.76448,3.1054318,1
9.883973,13.920685,2
6.8443027,1.2777517,1
6.8825316,-3.8424757,3
10.199769,12.0713415,2
2.6274364,14.276153,5
6.9832177,7.9337106,8
14.851695,10.57636,0
6.28354,9.229018,8
9.361101,9.910276,0
7.701282,14.093221,2
6.5088224,1.4360871,1
14.416512,10.100641,0
12.961315,13.816202,0
3.5140936,15.3990965,5
19.161922,5.9620066,7
12.694187,3.3930578,9
14.284249,4.913472,9
8.115713,10.441453,2
-10.243686,-0.5224506,5
5.7285924,1.7382364,1
5.7656703,0.8531713,6
13.224447,12.001598,0
7.0554333,9.071461,8
10.638343,3.082686,1
5.739512,11.323762,8
2.372951,4.8825054,8
12.058754,13.35127,2
13.668481,7.7317824,0
5.410386,3.3416884,8
6.8639975,7.879954,8
1.9875716,11.705048,5
9.432326,-2.4848433,3
12.243919,7.130366,0
0.6816406,12.931719,5
1.0733484,7.0118504,8
7.1125298,11.37184,2
11.233146,2.2762725,9
11.778827,9.468443,0
11.599409,8.946196,0
9.586703,0.5478868,4
-10.546112,-0.6355132,5
21.515818,9.600646,8
3.8213484,12.893783,8
5.000866,7.2723217,8
11.842123,12.054396,0
-10.036286,-1.4221823,5
14.162992,14.997535,2
2.887773,5.3298364,8
14.970964,3.843384,9
11.856664,14.126542,2
15.847768,11.158103,0
10.847025,10.686389,0
2.4882803,11.84291,5
11.836612,13.705408,2
13.0132,11.433018,0
3.9080153,14.721069,5
4.037031,12.803686,2
5.4416156,5.570648,1
11.6495285,1.6253357,9
8.515152,9.504759,8
5.8566093,2.6127439,1
3.3061738,4.7677245,8
8.521476,15.057643,2
4.0530186,10.5931,8
15.585235,6.500659,9
15.92593,10.103187,0
9.89476,4.3159966,1
8.017444,11.930667,2
6.849719,8.039336,8
9.10092,16.262209,2
12.207191,12.256372,0
5.7739053,4.5215406,1
9.017343,12.90687,2
2.646598,14.572166,5
6.1422534,12.812557,2
-10.070005,-1.1663762,5
15.633293,7.6164217,0
16.67701,5.8948693,9
9.57359,0.86045486,1
3.9811108,14.47455,5
5.20382,2.7797303,6
10.68577,-0.8062944,4
6.8427267,-2.4394677,3
13.616902,10.407209,0
10.540455,13.538475,2
1.0103571,9.774469,5
13.953562,10.067991,0
10.534712,14.512739,2
12.242807,-2.3736029,3
1.4691916,12.466948,5
11.505123,6.404039,0
5.033708,15.668111,5
12.493914,8.524218,0
16.213995,12.717874,0
16.417433,3.7760956,9
12.336358,9.745473,0
14.767158,2.029411,9
8.901967,16.296745,2
11.393279,1.2765114,9
5.0560317,4.6510344,1
-9.506411,-1.1802416,5
11.929555,7.630286,0
4.4706936,8.551624,8
13.968005,7.1593986,0
9.271888,16.388369,2
15.166625,3.4998646,9
15.41462,2.4060745,9
2.2446747,12.835677,5
15.236458,11.618584,0
4.207372,2.5328352,1
13.094181,13.053134,0
5.760211,4.56038,1
9.221906,16.362272,2
8.876477,11.282414,2
6.5299335,14.374045,2
12.190755,5.4051995,9
9.582075,14.744471,2
13.55685,13.570733,0
4.81956,10.497383,8
11.753814,14.299586,2
11.764403,6.437267,0
13.040005,2.6658466,9
14.42316,5.484391,9
3.9575896,6.662001,8
6.9167037,13.211069,2
2.0481048,10.662051,8
16.008833,6.503932,9
8.929469,-1.2738588,4
11.02366,2.6022491,1
6.856522,8.426186,8
12.5247965,14.629467,2
8.639799,13.029126,2
11.615504,9.656692,0
7.3563547,6.8440676,8
7.361209,2.1527193,1
13.127864,6.564723,0
6.8146863,6.8517737,8
11.815017,5.4260726,1
8.791346,10.766065,2
9.08763,13.113338,2
11.962679,12.143613,0
9.822887,1.7833515,1
17.045938,4.481044,9
6.747732,3.267802,1
8.249232,-0.27086383,4
9.131112,2.962057,1
7.5927377,15.922366,2
-10.305254,-1.0810102,5
17.659529,7.6081166,0
7.099692,-2.3227398,3
18.620453,5.763596,7
17.111832,5.3544517,9
-11.09038,-1.4729445,5
8.614345,0.42191306,1
11.716961,0.99144816,9
15.791984,11.881207,0
15.530927,2.685704,9
5.934443,9.049512,8
4.5891347,4.855696,8
8.236796,14.73482,2
12.878212,5.3292613,9
15.506326,4.075906,9
7.861975,-0.053502887,1
5.681115,5.134037,1
4.4089355,7.170776,8
10.026009,10.167916,0
2.5620608,14.3613615,5
2.7444708,15.033623,5
0.14973368,8.693721,6
5.115014,9.233615,8
14.124022,12.317994,0
3.731675,0.8566585,6
15.844739,7.9826455,0
5.6403,5.6755166,8
9.604888,3.2421074,1
6.491347,6.6787653,8
14.614029,0.91588247,9
12.163623,3.47482,9
10.253485,12.905634,2
10.789041,13.250368,2
2.356655,7.167908,8
11.197015,10.136208,0
6.5961466,-0.63020134,6
16.742378,1.5447729,7
3.8857203,4.6341095,8
7.276402,12.001771,2
-10.13073,-0.23730834,5
4.304074,14.953984,5
12.907758,12.879712,0
9.051836,9.034702,0
12.571382,5.16395,9
14.9369545,6.9418893,0
1.0880545,10.96317,5
8.183064,-0.031821124,1
5.691113,11.341183,8
9.948971,6.100819,1
11.9063,-0.28041807,4
15.909425,1.577046,9
13.624017,6.5489655,0
-10.909585,-1.0734706,5
6.435912,4.4082603,1
12.222047,1.2444947,9
15.839253,3.016435,9
9.478313,7.3273487,1
10.791782,0.16740517,4
4.811989,14.340736,2
4.3830004,14.665922,5
4.0140886,12.315945,8
7.7551994,4.154164,1
11.109536,14.143521,2
6.703867,2.131456,1
12.547679,15.249813,2
4.1703434,6.1489124,8
9.886469,10.124968,0
8.405243,3.4984655,1
0.41629988,12.1003685,5
2.3365195,8.761826,8
16.223772,13.024268,2
13.588804,3.6084628,9
8.708319,10.6879,2
8.604947,13.476399,2
4.7915034,12.795363,2
7.6011963,5.2984557,1
11.223925,10.112781,0
11.078837,9.945691,0
10.449541,11.694075,0
-10.741472,-1.3258787,5
12.278091,5.2374697,9
-10.159376,-0.07298064,5
14.99186,10.468887,0
9.855457,8.520018,0
9.482103,10.41403,2
7.9665933,6.8917894,1
15.015008,6.8121786,0
7.225597,-2.1205823,6
7.0733557,-0.56809133,6
8.506484,2.7341363,1
5.519773,7.5713534,8
12.847957,9.309134,0
6.4034157,2.750907,1
10.64947,4.5140643,1
7.574571,16.18217,2
9.98793,3.5408094,1
-10.608691,-0.2818299,5
11.308702,-2.9169521,4
11.046992,6.500806,1
10.972221,15.53778,2
10.857222,-1.0368662,4
8.978254,8.338723,1
9.903417,7.357278,1
3.5270033,8.7372055,8
5.8485727,14.12705,2
14.387688,5.667168,9
7.3502707,15.338393,2
6.0539546,15.941736,2
16.353655,2.2684352,7
2.367987,10.606516,8
7.2078104,0.7031793,1
-11.239134,-0.86974776,5
2.6165872,4.480738,8
11.776069,5.164727,9
12.211948,2.9298906,9
11.885423,10.065126,0
14.850777,7.2808084,0
7.0382295,12.078918,2
17.120342,8.750269,0
2.8239698,11.639664,5
10.5584755,8.310151,1
2.9106107,13.389425,5
5.5080905,2.7656138,1
16.319557,12.373166,0
12.145709,12.575881,0
8.027166,12.695193,2
5.0709734,5.5332785,1
11.972803,13.507019,2
15.966628,7.2681985,0
12.611666,4.203454,9
3.214866,6.224312,8
6.3967547,9.79114,8
8.653307,4.074606,1
2.4208272,4.144206,6
7.222842,11.637191,2
1.5369133,10.521035,8
3.8136818,7.991094,8
5.0157714,14.05389,2
15.619883,1.4078869,9
18.823141,3.9635067,7
11.976568,4.805455,9
10.255333,15.5585985,2
3.9773118,11.016752,8
13.274961,10.080274,0
7.9171357,10.879945,2
13.03837,3.7019608,9
14.402148,13.852179,0
13.98216,6.94207,0
13.407984,7.021336,0
5.031467,-0.2595863,6
12.972871,13.253123,0
12.706823,12.408868,0
15.746139,1.7043116,9
13.23555,12.401232,0
10.488799,15.742359,2
17.479553,6.470603,9
6.3676224,12.945718,2
9.821365,-0.6164673,4
6.548312,6.8270273,8
6.5580506,4.0189342,1
3.1178308,3.0739615,6
13.231118,6.8593597,0
9.573236,-4.1995983,3
7.4431148,7.809957,8
7.4264684,7.1182876,8
8.859445,0.8561615,1
12.529197,2.231113,9
11.070969,9.346105,0
10.936883,10.083611,0
2.4532242,6.9370856,8
12.615142,12.585388,0
14.2693615,4.247357,9
18.588911,4.675683,7
11.7166605,1.7617487,9
7.872248,12.415736,2
3.3539903,11.668338,5
3.5027783,4.4877543,8
9.2196245,13.592112,2
6.761165,3.366677,1
8.117247,-3.82017,3
13.193623,9.323478,0
6.902918,9.439232,8
8.093703,12.272812,2
6.0265718,16.364689,2
10.879048,6.3666525,0
11.171793,13.058507,2
12.3770895,7.1304684,0
14.294811,3.2288942,9
12.063677,4.570719,9
0.29304528,8.222671,6
3.5427558,5.0265684,8
13.629915,9.38704,0
12.170107,9.309346,0
2.9180088,6.474362,8
13.375054,8.905449,0
4.0940647,0.83204836,6
4.3251166,14.413335,5
-11.297064,-0.60383964,5
11.279781,6.5067554,0
8.781115,6.2663665,1
9.182633,9.58618,0
2.6238747,7.470512,8
9.723336,10.08985,0
12.282274,8.549182,0
10.367406,3.9632053,1
1.2615349,8.663761,8
4.1397796,10.145712,8
13.261245,9.59616,0
1.936601,10.431,8
12.870718,11.425547,0
5.440398,9.375415,8
11.168426,12.2012,0
8.701005,7.3114243,1
8.055464,1.2875273,1
0.6186562,11.639816,5
12.776244,9.391955,0
13.1267,14.512351,2
9.720328,8.047965,0
7.6164927,4.7793593,1
6.299728,2.991707,1
10.503665,12.763194,2
4.563818,13.480022,2
6.2110643,15.592119,2
4.8332334,2.92069,1
7.508724,-0.6976067,6
16.441133,2.2907543,7
12.091992,5.052052,9
7.8242917,9.62816,8
5.8169136,12.242616,2
9.901176,16.290699,2
4.457937,13.360514,2
10.857255,11.1747875,0
15.957016,6.754808,0
15.617753,11.495553,0
8.264225,9.94172,8
13.188325,3.3765144,9
-10.937483,-0.7767659,5
11.936561,8.293378,0
8.633474,-1.3850657,4
9.670663,9.3458805,0
4.2893147,7.067173,8
5.2028613,10.474487,8
-9.927031,-0.38423562,5
0.7231331,11.689759,5
16.126154,7.4833407,0
18.003809,6.3309965,7
12.100059,8.935544,0
11.098888,12.956954,2
7.4474545,11.980053,2
4.83093,7.7003956,8
10.569737,3.8258972,1
9.836442,-1.7533714,4
2.39747,5.0855026,8
14.118721,10.83099,0
7.8202324,16.281288,2
7.415606,-2.0828006,3
9.047779,9.18309,8
14.788768,12.679189,0
8.3146,6.4812093,1
10.420426,1.2260662,1
11.01827,13.225909,2
0.15472968,8.055694,6
2.3401017,9.546131,8
6.381949,17.112087,2
4.063342,11.101581,8
15.028421,3.8799894,9
12.1353655,12.123912,0
14.991408,12.71559,2
10.96229,4.541081,1
10.553542,6.828753,0
-10.854161,-0.5454069,5
9.240107,3.1626952,1
-10.579294,-1.3558639,5
12.383371,1.7096269,9
14.31142,4.4906497,9
9.391759,-4.098872,3
4.6932936,11.376071,8
8.283978,16.355173,2
14.683942,11.693713,0
7.6948404,4.656198,1
4.381217,3.70589,8
9.010663,3.7585995,1
11.103627,-2.9870906,4
11.180415,13.870039,2
7.036751,-2.6161015,3
15.315737,2.635361,9
7.9811244,6.226958,1
5.9058084,6.7793117,8
9.0325575,-2.0475314,4
11.774923,11.132249,0
7.8399134,8.901225,8
17.284128,1.9857062,7
10.841455,15.399967,2
8.464195,7.7630515,8
3.779765,9.144504,8
12.096219,0.6897128,9
12.136893,10.186425,0
9.579525,7.8406982,0
11.034237,6.784545,0
12.059667,3.1312878,9
-10.765966,-0.32755747,5
8.8082695,1.9402106,1
7.3320723,4.484672,1
9.224335,11.388257,2
12.414566,7.187335,0
11.823385,0.649955,9
-9.558225,-1.3012524,5
7.527383,2.3247194,1
11.635977,7.646573,0
4.8967886,12.254481,2
2.3554933,4.560808,8
13.996436,6.4060717,0
8.253744,14.41523,2
11.033406,10.32582,0
8.129726,0.11877365,1
11.6813135,2.7902522,9
4.968889,14.545188,5
4.383455,8.8963,8
11.851121,1.7825866,9
3.4210703,12.171816,8
5.756014,0.87642145,6
12.01286,11.01248,0
6.958371,10.446033,8
14.295755,8.772978,0
3.5809093,13.719144,5
16.474049,8.593243,0
10.884851,7.949846,0
4.2570567,2.6228426,1
5.401685,8.966257,8
5.3022003,4.1894007,1
10.69505,9.876871,0
12.5554905,5.256603,9
15.246555,12.17799,0
12.823547,9.47067,0
9.120911,12.873426,2
17.137932,6.788973,0
6.939188,2.7330787,1
12.368025,14.668002,2
6.406011,10.703855,2
14.35491,6.7217317,0
-9.880767,-0.27902558,5
8.575021,12.874859,2
-11.108335,-1.5210178,5
12.794658,0.54678833,4
-9.491999,-1.2625084,5
6.494136,7.137103,8
16.517138,4.8512425,9
1.2483543,8.412499,8
11.204294,3.4698117,1
10.023641,9.682837,0
14.4789715,12.42859,0
4.5749145,5.5549088,8
9.943733,8.241857,0
14.0570545,1.1491232,9
12.185377,3.8406863,9
11.706369,0.64648265,9
13.728472,14.757322,2
9.536556,4.9277506,1
10.71788,6.101939,1
2.423424,7.3260264,8
6.5960264,3.8339744,1
9.448143,5.256201,1
13.6574745,5.414437,9
12.933214,-1.3900123,4
6.928829,11.287563,2
12.95838,4.3185,9
15.806792,8.890594,0
8.278303,3.9449866,1
4.0844398,4.056586,1
12.584876,5.4706125,9
13.062631,11.08099,0
3.971004,9.286824,8
13.060792,8.483652,0
7.7929473,5.1806355,1
10.421322,5.0376577,1
10.499445,-2.562868,4
14.539324,13.841252,0
9.075486,9.010519,0
14.834106,13.639042,0
11.480486,-1.0117302,4
14.103316,5.017,9
1.0403925,11.649041,5
13.216666,0.42987388,4
5.3306904,11.54528,8
10.603596,5.082124,1
10.8344345,13.17045,2
13.538618,5.2765155,9
16.066643,7.5776963,0
10.394418,2.3623316,1
18.084257,1.7035644,7
4.5081425,11.462752,8
9.284294,6.3625875,1
13.125956,8.890195,0
4.887799,3.624942,1
10.060941,5.3490505,1
3.7436397,6.4891067,8
15.338378,7.785806,0
1.1863765,6.021988,6
8.3821535,9.484746,8
9.819853,11.973983,2
17.250847,5.32183,9
6.4606075,16.750597,2
4.4875355,10.112568,8
7.3945484,15.672368,2
0.21507792,9.205302,8
1.3989927,11.07386,5
8.5096855,15.94855,2
3.4075456,11.0147505,8
15.203414,13.89396,0
3.6366448,9.112619,8
7.289593,12.313601,2
10.038382,14.654538,2
12.9203615,3.6690302,9
7.4326396,7.826164,8
6.467076,4.4385953,1
3.5556705,15.280354,5
5.951858,15.999028,2
4.8015027,3.4841921,1
15.919332,6.356312,9
14.382447,1.4045529,9
-0.062294602,12.430429,5
3.795345,4.436054,1
10.77215,-0.2856129,4
2.792002,9.549054,8
12.106565,3.5437057,9
9.741654,14.496746,2
8.668891,2.172696,1
15.506765,4.1221995,9
5.3979106,13.67811,2
14.038085,6.7137175,0
3.139497,15.209355,5
8.810611,1.4531447,1
14.166254,-1.0826957,4
9.036066,0.14135432,4
6.926202,5.6485214,1
8.286962,4.54075,1
10.74837,14.11938,2
14.203277,13.194673,0
10.633967,8.200033,0
5.2592344,4.192642,1
6.1402235,6.675672,8
6.1936812,1.8831547,1
4.8485627,6.3512626,8
9.289153,10.747373,2
10.452521,10.428301,0
8.319042,-1.8473239,4
6.6650534,8.5898035e-05,6
15.085336,9.472433,0
3.7176225,10.131447,8
9.528985,13.844951,2
7.005356,15.366504,2
5.97152,13.97792,2
8.28082,8.225092,8
6.271302,7.765686,8
5.8475585,13.735256,2
8.871023,6.9794216,1
7.849033,9.116273,8
4.425504,15.124205,5
7.3013024,10.19192,8
5.955277,14.927748,2
11.000406,9.269253,0
4.4098625,2.9850695,6
9.280817,8.427422,0
14.338383,6.9173408,0
16.945084,4.053893,7
12.4994335,1.9166068,9
14.000754,5.075285,9
2.7604644,9.87044,8
10.601874,4.8972926,1
5.6545973,7.909105,8
13.975779,10.670645,0
9.379241,8.999862,0
16.437298,11.340437,0
9.434277,11.481443,2
4.0274267,8.405862,8
17.45948,0.77728313,7
9.298959,9.628594,0
1.7549292,14.601126,5
8.4353695,15.247872,2
3.864107,4.4019127,1
9.84801,2.6616912,1
5.694611,11.771811,2
8.188127,7.7648954,8
1.458106,13.381126,5
10.779118,11.033325,0
12.466194,-1.8424771,4
15.115029,12.778837,0
10.857716,8.79806,0
10.134929,0.329539,4
14.235674,6.1809106,9
11.855068,2.171692,9
7.810439,6.9385056,1
4.421349,13.011935,2
11.218339,3.3731995,1
3.6257005,2.4502208,6
19.170717,3.294583,7
14.94461,7.7856092,0
12.613252,-1.127295,4
10.53035,6.5859227,1
11.529291,7.324442,0
9.553408,0.26275024,4
9.836586,10.0049515,0
12.356857,5.1652255,9
7.7611594,7.1012826,1
12.939614,12.003484,0
15.683102,3.0479586,9
8.156924,-2.4287312,3
12.3959055,10.839457,0
5.2618413,1.8865105,1
13.810489,8.012745,0
-9.74697,-0.82377875,5
13.57664,11.235931,0
12.641414,9.898493,0
10.308073,2.1819375,1
7.9499135,13.187708,2
4.5602865,11.592642,8
14.513949,5.387028,9
7.008643,9.747871,8
6.7422676,-0.9750395,6
5.6488886,11.363433,8
6.304237,4.2458825,1
12.217032,0.90039825,9
11.492287,15.164678,2
5.8265834,4.911264,1
14.191013,7.0488396,0
7.2337627,5.20388,1
-9.9414425,-1.017035,5
7.408271,-2.5070326,3
18.789927,3.2887144,7
5.1153336,3.1189473,8
13.279482,13.732034,0
2.368587,9.142898,8
5.0022955,1.5790132,6
9.29794,15.379892,2
18.263056,5.93675,7
14.907537,12.95396,0
11.617686,3.1227348,9
15.610865,0.23690236,4
13.714568,7.719824,0
7.570504,9.579253,8
3.6862652,14.747914,5
14.753927,4.9096036,9
-10.022641,-0.28005928,5
2.3472064,9.944687,8
16.932493,4.309049,9
6.1505346,14.248261,2
12.879619,-2.0435047,4
13.254134,8.60891,0
8.850439,7.292124,1
11.210965,5.4007735,1
6.5947375,8.539383,8
10.626473,0.86325157,1
12.190991,8.00965,0
5.789059,6.8031254,8
11.645937,2.1540523,9
10.204132,2.0918164,1
3.249424,7.5114856,8
10.364329,8.152498,0
5.1813784,-0.23379111,6
16.543247,1.4691812,7
7.4739857,-2.6009045,3
11.910205,3.8042455,9
8.296677,15.716763,2
9.014438,14.576248,2
9.549195,0.58933127,1
4.9203286,5.700399,8
10.801018,9.891497,0
2.4459808,10.577802,8
3.2499557,10.995707,8
9.039665,6.8278966,1
11.166015,9.072716,0
7.0113544,-4.0222673,3
0.19690841,11.554471,5
9.390176,9.170936,8
14.444276,11.732221,0
7.614984,8.131528,8
11.515213,1.8209827,9
18.532625,2.6961288,7
9.494058,0.24075766,4
1.5393093,11.618918,5
11.003076,0.1694169,4
12.056917,3.6308959,9
11.906573,15.718095,2
9.322577,-2.0199265,3
15.917806,12.426754,0
1.0910381,14.082112,5
14.069482,11.552481,0
4.78148,6.4317355,8
17.938885,6.1800766,7
4.8009615,0.48068073,6
11.201613,14.043588,2
8.187524,8.712817,8
8.310575,5.2325444,1
15.117092,5.8970437,9
8.569045,13.972255,2
-10.420759,-1.0774045,5
11.660212,3.16137,1
9.745222,6.973483,1
13.658279,-0.97104996,4
-10.410358,-1.3107499,5
7.7611303,-2.1772785,3
6.2837744,12.659359,2
6.986051,5.281768,1
4.7652717,14.192611,2
2.8521302,7.2111197,8
6.3908887,16.611027,2
-9.8275585,-1.2512038,5
15.430512,3.9552858,9
12.111811,-3.499079,3
5.8155737,8.007896,8
10.418548,-1.1982322,4
7.759096,5.607244,1
17.128569,10.961112,0
11.227334,6.162953,0
8.702341,12.867522,2
14.646454,8.08113,0
8.083206,5.6694827,1
7.606823,10.934934,2
1.3252069,9.454165,8
3.8783312,2.2333813,6
6.0286713,10.5588665,8
10.524874,7.2758484,0
8.283341,5.115289,1
6.7882137,11.647333,2
10.832404,4.1874757,1
15.313331,0.2026297,4
9.05177,11.842824,2
