umap_x,umap_y,dominant_episode
10.778316,1.7766632,EDR
10.552241,14.301542,EDR
7.024863,11.780025,EDR
0.91868955,11.679509,EDR
5.5206723,12.6208725,EDR
12.457396,15.540669,EDR
10.929331,2.9028323,CB
13.7648535,-1.1568846,CB
16.65935,0.9698284,EDR
5.8799114,4.604535,CB
13.534516,1.1490695,EDR
7.492434,-2.53123,PEP
10.637738,2.1933668,CB
8.531688,2.0954204,CB
13.336729,6.7513304,EDR
15.911454,5.6249394,EDR
8.432887,2.3244548,CB
-10.634007,-1.1904204,EDR
12.244824,1.1075016,EDR
0.8494193,12.240085,EDR
-10.064789,-0.40128177,EDR
6.1241693,10.206676,CB
13.392137,11.59416,EDR
3.0881622,4.8999524,CB
9.148605,9.175336,EDR
5.2120743,14.331584,EDR
5.372938,9.570537,CB
12.513625,13.39399,EDR
5.913102,2.5576396,CB
14.805599,14.468644,EDR
11.745367,0.6893856,CB
6.12809,2.4338343,CB
11.805395,10.330405,EDR
14.766687,9.215985,EDR
7.2000003,14.54385,EDR
12.737242,11.543445,EDR
0.43604383,13.703532,EDR
13.436946,9.858927,EDR
4.1529007,14.829148,EDR
8.356906,13.756481,EDR
3.004316,9.099159,CB
11.10558,1.4278492,CB
7.8460383,14.890042,EDR
10.307741,-3.774081,PEP
4.9129586,0.60619515,CB
8.008707,2.9908924,CB
-10.677838,-0.65446794,EDR
6.275645,14.977781,EDR
2.3572826,12.500205,EDR
14.166955,13.355091,EDR
16.949356,2.0587282,EDR
8.532768,5.6683855,CB
7.884678,11.045036,EDR
1.6562504,13.238681,EDR
1.1937073,6.732484,CB
5.94977,7.911522,CB
-11.021052,-1.3366139,EDR
6.316318,15.866082,EDR
17.316525,1.5814716,EDR
11.114071,2.629337,CB
1.6329188,12.018504,EDR
15.742797,2.0727715,EDR
18.947088,5.943836,EDR
5.5312376,11.088678,CB
3.8353608,5.113122,CB
11.513686,3.147545,CB
4.807386,11.183485,CB
7.4632063,13.447575,EDR
14.862683,6.002407,EDR
3.0745864,7.897781,CB
8.792863,15.248587,EDR
15.400736,5.5275497,EDR
16.825018,5.2088823,EDR
-10.737917,-1.2626271,EDR
15.030415,3.6645617,EDR
4.1279197,13.446677,EDR
15.759256,10.287232,EDR
8.798347,10.194163,EDR
2.1492863,9.409309,CB
7.505812,-2.4885032,PEP
1.1453594,14.410592,EDR
16.902237,0.47910318,EDR
17.20436,2.1505868,EDR
7.959812,10.438938,EDR
15.162277,2.246684,EDR
6.4546876,4.9835744,CB
15.259425,12.506692,EDR
-9.973802,-0.54385465,EDR
-11.166809,-0.9403318,EDR
9.568629,3.1632862,CB
6.518191,10.705885,CB
-0.04979327,11.439195,EDR
5.729107,2.2995498,CB
-10.561072,-0.8736049,EDR
17.315681,6.2595763,EDR
11.305548,9.640614,EDR
10.802518,13.190684,EDR
-11.190897,-0.48336712,EDR
5.970483,14.632704,EDR
8.5319605,2.0898452,CB
11.761633,2.8570895,EDR
8.391844,-2.0351682,CB
8.9623995,2.5642552,CB
4.9750996,-0.16507824,CB
9.511149,8.330009,EDR
4.735883,4.5014234,CB
16.83285,11.418104,EDR
9.331153,5.7071147,CB
9.220741,3.5813746,CB
11.322937,8.795437,EDR
8.121972,2.7873166,CB
11.382363,3.221152,EDR
10.177233,6.7905498,EDR
12.4560375,-0.437839,CB
15.890041,6.104996,EDR
12.145386,3.312348,EDR
14.721403,14.259712,EDR
6.07536,1.2419201,CB
8.974521,5.8656855,CB
7.266319,10.33144,CB
10.744108,5.0696254,CB
16.104153,12.33361,EDR
10.179923,10.248441,EDR
9.674402,0.8061406,CB
16.56403,4.401058,EDR
3.7005053,10.769552,CB
5.70571,11.733521,CB
10.074128,-0.3370504,CB
8.006885,13.42779,EDR
13.878397,11.178597,EDR
12.029413,4.9910026,EDR
5.422874,3.0141296,CB
17.956299,5.695545,EDR
12.926452,7.350002,EDR
2.829503,11.518937,EDR
5.4435143,6.8150916,CB
12.460988,6.3810067,EDR
11.689939,10.1004925,EDR
16.96899,10.98421,EDR
7.3346224,9.87191,CB
12.633294,14.5376,EDR
9.063242,12.276153,EDR
0.218521,10.185865,EDR
14.197639,-1.0806289,CB
7.90821,6.65565,CB
12.250266,13.696078,EDR
3.5682473,2.402707,CB
10.36631,14.464073,EDR
5.763906,15.465936,EDR
3.875491,1.8405195,CB
1.4421424,13.297821,EDR
3.7138824,10.345091,CB
3.9175668,3.3146534,CB
9.324745,15.220924,EDR
8.5655775,12.646286,EDR
9.581833,3.9757562,CB
-10.27071,-0.23519708,EDR
9.517096,12.03819,EDR
6.914584,7.1041775,CB
3.515135,15.061914,EDR
7.5401254,8.691993,CB
0.18921262,10.393492,EDR
14.154383,6.3654504,EDR
9.2677,-0.5915385,CB
16.603529,9.554406,EDR
11.507518,14.944692,EDR
7.758175,11.368746,EDR
-10.635415,-0.21038963,EDR
7.608547,8.7502365,CB
3.6692042,5.4808445,CB
18.837582,5.9480066,EDR
9.012451,-0.21542037,CB
12.943699,0.80658823,CB
10.840711,3.7252562,CB
5.8106923,15.595,EDR
16.308718,10.674618,EDR
8.512315,9.720688,EDR
4.3625913,2.9910126,CB
14.7619295,2.6762931,EDR
-10.839318,-0.5110258,EDR
14.529675,9.77298,EDR
9.652689,4.733652,CB
3.715476,7.5093412,CB
8.652095,12.397856,EDR
9.471122,2.6063752,CB
2.1333756,8.962052,CB
12.890243,1.2036943,EDR
3.574701,12.0695305,CB
4.04803,14.095173,EDR
10.8690195,9.107268,EDR
3.2184732,14.050723,EDR
5.4921827,13.276453,EDR
4.6930623,15.510029,EDR
3.1993344,2.7783442,CB
15.741039,9.807738,EDR
8.013466,12.479717,EDR
7.424894,4.365867,CB
-10.456823,-0.21822837,EDR
9.213649,15.552913,EDR
13.759378,6.113063,EDR
11.69821,13.431277,EDR
3.8316648,5.7032647,CB
13.527228,14.175634,EDR
4.1220636,12.910298,EDR
5.123901,-0.64364254,CB
2.9091492,14.786565,EDR
4.0227346,8.21197,CB
3.2738092,3.0698085,CB
15.538568,2.7210681,EDR
14.244897,7.369537,EDR
11.616503,0.33324814,CB
3.77901,14.190375,EDR
7.917995,15.591306,EDR
8.323198,1.2906997,CB
3.5236056,7.323208,CB
2.2722318,7.1939483,CB
10.235376,4.620122,CB
13.510573,11.883978,EDR
3.0274017,2.956004,CB
5.850136,8.317726,CB
9.199229,6.231106,CB
5.842896,4.108002,CB
17.40513,2.8325865,EDR
17.322624,0.9620473,EDR
11.727767,9.464148,EDR
17.655123,2.1047754,EDR
9.374747,8.609813,EDR
5.263465,9.090821,CB
6.946208,16.438211,EDR
13.08349,8.902743,EDR
2.725041,5.8962917,CB
4.670636,6.290734,CB
4.955432,11.61365,CB
7.3187876,3.6423566,CB
10.140123,6.5714493,CB
10.365876,16.003937,EDR
4.2578225,15.774632,EDR
6.218776,9.921802,CB
13.883104,5.736351,EDR
1.5085998,13.09876,EDR
5.712618,12.360129,EDR
-10.930331,-0.8256574,EDR
15.409492,11.709749,EDR
6.775838,2.8802178,CB
12.322402,3.9599051,EDR
1.4844644,8.404528,CB
7.051335,3.658645,CB
9.650405,10.533469,EDR
16.94726,4.8242016,EDR
1.3584267,12.751299,EDR
4.069807,8.693848,CB
14.454138,7.3411756,EDR
9.127282,-0.42793015,CB
5.424319,6.5679464,CB
11.273513,-0.8575027,CB
17.423496,9.45971,EDR
11.101804,7.0301933,EDR
6.1006,11.342406,EDR
11.138391,5.36252,CB
3.072109,7.0803466,CB
11.171544,14.035516,EDR
7.551879,7.7763686,CB
6.710783,6.2894073,CB
16.02305,12.105694,EDR
14.107008,10.63729,EDR
8.620819,-1.5352788,CB
12.626491,8.776714,EDR
5.8342633,13.920398,EDR
6.0821643,3.5462825,CB
9.635584,11.842684,EDR
8.012842,14.200692,EDR
3.7581012,13.482625,EDR
8.221779,4.7836466,CB
7.4837904,14.978143,EDR
3.8174412,10.322249,CB
9.330437,12.60563,EDR
11.046737,8.902246,EDR
3.459941,8.476102,CB
2.4746873,11.133395,CB
9.026588,15.80249,EDR
6.8659906,2.1835792,CB
12.155807,10.0968685,EDR
8.403954,11.965564,EDR
16.891224,2.6752849,EDR
3.7021346,2.4920392,CB
5.1800523,8.981971,CB
15.2763,9.91801,EDR
5.057063,0.0568782,CB
3.3703954,9.60443,CB
6.9106627,1.8467011,CB
9.412323,4.8210597,CB
2.7736528,15.04672,EDR
13.208964,3.4523783,EDR
7.8619294,13.893652,EDR
10.704868,7.6301107,EDR
6.224779,12.201774,EDR
4.155736,0.32505855,CB
8.697969,5.4276237,CB
6.029418,9.132393,CB
8.966903,7.530162,CB
13.898437,8.269404,EDR
13.328405,4.4746366,EDR
6.566924,15.238002,EDR
12.0226755,8.872843,EDR
10.479698,1.982151,CB
15.455548,1.2707651,EDR
3.681697,8.3178425,CB
5.5658855,11.099938,CB
12.504097,4.558876,EDR
17.074717,9.405918,EDR
10.770967,12.793341,EDR
7.58804,3.376724,CB
16.50524,6.0771174,EDR
5.863783,8.101797,CB
4.3006477,3.9235613,CB
4.9933133,8.691594,CB
12.162358,11.913182,EDR
12.860291,2.5133848,EDR
0.7469935,7.118536,CB
6.0456724,5.04498,CB
4.984533,16.095001,EDR
12.226171,4.9515605,EDR
11.523701,5.355586,EDR
13.227595,13.764645,EDR
15.13913,1.0238361,EDR
13.801606,10.131162,EDR
10.539325,10.898822,EDR
15.417761,4.9056525,EDR
2.7465646,11.867772,EDR
12.020255,13.216963,EDR
8.230385,15.816971,EDR
10.788631,1.8771722,EDR
12.970166,3.4210932,EDR
1.6135972,11.366846,EDR
10.97416,5.772533,CB
12.174136,5.545594,EDR
5.887883,15.739758,EDR
4.0315833,10.957589,CB
15.895414,11.1962595,EDR
7.6536827,1.3613117,CB
15.187212,13.300244,EDR
6.5027103,6.1491632,CB
1.1519185,9.701659,EDR
1.9392226,9.181267,CB
18.705786,5.3625283,EDR
9.649474,6.0891705,CB
6.0126534,6.2554016,CB
11.141764,3.32061,CB
11.822583,3.503817,EDR
13.575116,3.8433213,EDR
2.700411,14.621216,EDR
5.775986,14.064364,EDR
12.024918,11.228867,EDR
5.180947,2.8345203,CB
15.617953,11.765919,EDR
12.1510935,3.7192678,EDR
7.401235,-2.2804434,PEP
1.0837888,8.228947,CB
10.1092205,6.3884625,CB
-9.965238,-1.0710038,EDR
10.921227,-2.5878415,CB
3.8104982,9.435889,CB
5.8573723,4.601128,CB
11.990065,7.6511784,EDR
3.1519275,3.6374593,CB
4.684047,11.3832855,CB
12.284391,2.960585,EDR
6.596057,11.317491,EDR
15.884963,2.3292391,EDR
8.696731,10.941242,EDR
6.9564037,-1.0892968,CB
1.1187968,7.019445,CB
10.704942,7.177486,EDR
6.453443,9.320856,CB
15.4712305,3.7897418,EDR
0.5377564,11.567567,EDR
8.300762,15.445857,EDR
14.58385,4.6685553,EDR
6.5087037,7.857107,CB
9.519781,2.7452407,CB
6.655604,4.0282755,CB
17.700987,3.1389403,EDR
16.106651,9.09417,EDR
10.161119,8.57447,EDR
16.434769,5.921313,EDR
8.888954,11.704756,EDR
1.2663693,7.1193027,CB
3.2547286,15.347775,EDR
2.3818538,6.3423553,CB
10.052669,7.632286,EDR
-10.444155,-1.5073591,EDR
15.138509,11.896627,EDR
11.8927765,6.736162,EDR
-10.984173,-0.8939888,EDR
16.662422,3.3306577,EDR
11.66642,13.131095,EDR
15.964718,5.8807015,EDR
1.0482758,10.4356365,CB
5.8507376,2.326904,CB
15.082868,4.0970836,EDR
2.560839,11.998525,EDR
8.139367,7.4472537,CB
3.094206,9.3631,CB
12.567874,8.034821,EDR
16.436531,4.072508,EDR
16.807922,11.172219,EDR
15.654343,4.60915,EDR
19.418629,4.571048,EDR
6.9762683,14.615248,EDR
8.658958,8.732215,CB
19.333857,4.22291,EDR
8.209769,10.629831,EDR
8.102192,16.602026,EDR
9.521537,5.3059616,CB
6.974521,2.8500745,CB
5.6863503,11.570743,CB
6.9468994,1.5057478,CB
19.097675,2.6291656,EDR
8.845984,1.2654912,CB
6.3651733,8.09343,CB
10.327916,13.677964,EDR
9.56406,1.9211677,CB
8.465277,10.023868,CB
8.265878,14.376352,EDR
5.2364116,11.048579,CB
8.024743,-2.392227,PEP
12.647605,14.423913,EDR
14.058152,11.003685,EDR
10.1553335,4.8427505,CB
10.216358,15.015592,EDR
16.21326,6.812666,EDR
9.585782,6.8409953,CB
14.666852,2.545695,EDR
12.404459,8.310755,EDR
7.565063,0.36420712,CB
-10.988776,-1.272376,EDR
9.693162,8.426833,CB
6.5344505,4.45437,CB
7.7149944,8.390524,CB
11.09589,2.421604,CB
8.754295,9.696737,EDR
13.564052,8.013636,EDR
12.6051235,5.690551,EDR
9.279016,6.540438,CB
10.65009,8.826044,EDR
5.8658566,3.307006,CB
13.221783,1.9766263,EDR
2.0290418,10.584846,CB
4.9403834,5.0842204,CB
3.0224378,9.283399,CB
11.89722,7.0387177,EDR
12.155436,9.12388,EDR
4.5804195,7.525535,CB
5.0189734,9.968824,CB
16.465221,11.423987,EDR
11.538577,1.4980208,EDR
4.6301055,6.1353035,CB
4.159035,9.1333685,CB
2.8780603,14.91703,EDR
-10.324076,-0.72547555,EDR
13.1704645,11.70677,EDR
10.424618,11.8051815,EDR
13.0339985,14.683092,EDR
13.414673,12.132264,EDR
16.046738,8.0029,EDR
5.5063605,3.4045744,CB
6.5226355,11.514377,EDR
9.076659,7.5532002,CB
6.6874156,7.856252,CB
1.1865289,13.007742,EDR
9.108851,15.476871,EDR
8.92083,3.2991526,CB
0.23268822,9.520443,EDR
11.194791,6.7169604,EDR
6.6384983,13.020313,EDR
19.012623,6.0455995,EDR
17.604464,2.8963153,EDR
2.1605299,9.016476,CB
16.904827,10.252202,EDR
7.2161474,1.2557346,CB
5.592855,0.39865732,CB
4.800474,-0.087228715,CB
6.5008006,5.3247614,CB
11.617726,4.621152,CB
3.2219653,9.50905,CB
8.356166,1.0836529,CB
12.518168,9.965662,EDR
10.135727,2.057747,CB
15.087102,7.3611393,EDR
10.126483,3.5094147,CB
7.8052654,7.2594295,CB
7.918377,-2.8746698,PEP
17.682543,6.152792,EDR
8.534671,8.764367,EDR
10.387725,6.594633,CB
2.3994334,8.680886,CB
14.050558,14.677973,EDR
10.299405,3.1626494,CB
6.562677,6.369046,CB
16.18484,10.050158,EDR
12.279877,4.5136476,EDR
14.902662,6.04764,EDR
3.3886163,10.790389,CB
11.577448,8.9076,EDR
7.7208076,14.092226,EDR
5.5639515,9.870882,CB
12.047209,7.155603,EDR
4.462157,10.235992,CB
5.360249,11.174139,CB
7.91305,1.9035006,CB
11.467126,1.7118225,EDR
12.225965,8.409168,EDR
9.615273,4.992436,CB
9.0310755,7.34016,CB
10.318553,3.4976892,CB
13.173155,6.662466,EDR
5.0164104,8.234506,CB
6.1615767,16.539436,EDR
4.9555435,5.9076767,CB
7.856903,6.8044276,CB
6.9195013,6.41649,CB
11.212035,12.450483,EDR
10.598006,13.371785,EDR
13.48136,5.245609,EDR
8.995782,3.9453475,CB
12.241433,0.41962534,CB
8.581332,1.1838009,CB
8.571897,15.090746,EDR
12.323881,7.296726,EDR
4.1048613,15.557712,EDR
4.76569,1.2624818,CB
13.926805,13.760104,EDR
4.4208117,4.691028,CB
14.507751,-0.76708287,CB
12.807849,13.13536,EDR
8.222539,12.984574,EDR
6.5563774,11.559396,EDR
11.76559,8.82088,EDR
13.097052,2.7553043,EDR
15.447928,9.466034,EDR
12.878372,15.016795,EDR
15.950103,5.6096725,EDR
-10.71362,-0.67950267,EDR
9.372279,-2.3171043,PEP
11.449514,-0.9097211,CB
12.141543,14.941056,EDR
11.790481,3.8161523,EDR
11.89809,-2.478763,CB
6.7607327,4.609436,CB
14.352708,7.4394455,EDR
-10.0278425,-0.53233266,EDR
7.420546,16.516815,EDR
14.97412,13.51448,EDR
13.830616,13.529734,EDR
5.064857,4.9260902,CB
13.808728,1.2657999,EDR
9.13465,12.395131,EDR
11.737675,-2.9823828,CB
13.09053,11.142795,EDR
14.567296,1.9583131,EDR
14.398926,13.893211,EDR
10.990071,-1.3526145,CB
11.8160925,9.916973,EDR
17.11858,7.715214,EDR
12.378872,-0.7014605,CB
8.346748,4.2187886,CB
4.3033705,2.8692245,CB
11.550354,2.9330122,EDR
12.284167,13.592242,EDR
6.3748455,16.262434,EDR
13.096427,7.159366,EDR
12.319208,14.488862,EDR
4.1948357,7.4589605,CB
17.138369,2.3646574,EDR
-10.283607,-1.0386688,EDR
9.944763,-1.538321,CB
7.0275207,10.993427,EDR
3.2848513,5.027567,CB
5.3685865,7.80938,CB
6.9577727,9.954746,CB
12.990199,6.7281876,EDR
10.401216,4.5161495,CB
12.371706,8.592057,EDR
13.810334,11.135552,EDR
7.187615,10.575916,EDR
8.703784,13.602939,EDR
12.951759,3.3413994,EDR
3.546939,5.66151,CB
16.261229,5.485367,EDR
5.8632026,7.1284404,CB
13.931409,8.723671,EDR
7.9330893,6.3409557,CB
11.6385975,6.4520464,EDR
14.571982,1.8588235,EDR
7.552469,1.6089483,CB
5.045061,5.46817,CB
13.51388,-0.84569365,CB
7.1156783,6.311239,CB
14.139562,10.559845,EDR
9.976512,-0.9395003,CB
8.357849,-4.331435,PEP
0.8131989,10.037484,EDR
4.4852796,8.213711,CB
6.638841,11.588087,EDR
10.765574,-0.014358418,CB
9.509624,8.088024,EDR
6.806704,7.4853234,CB
4.4245286,8.640603,CB
-10.636931,-0.34075415,EDR
8.624669,-1.052304,CB
10.108136,4.024769,CB
-10.384546,-1.4666691,EDR
7.119255,11.20338,EDR
5.0120792,4.1004663,CB
9.811586,10.263613,EDR
10.380702,6.8075023,CB
6.217947,7.6591277,CB
8.609824,-3.9275837,PEP
7.7288685,12.046427,EDR
10.5219965,9.057505,EDR
5.4288177,11.382455,CB
14.321567,7.0402174,EDR
12.807702,11.188681,EDR
7.612935,5.7661376,CB
5.7295637,-1.0895416,CB
18.611275,5.419976,EDR
17.684208,7.4730105,EDR
4.340619,13.107705,EDR
6.820561,1.1099421,CB
0.12866776,8.1844,CB
5.5354543,4.6035094,CB
11.899678,1.086735,EDR
12.234907,2.698922,EDR
10.219268,-2.9317234,PEP
5.886098,14.981743,EDR
9.094741,4.2381496,CB
8.90596,7.073561,CB
13.102431,12.301345,EDR
2.232996,14.691835,EDR
5.529367,8.77168,CB
11.684053,10.01814,EDR
7.955184,4.8467374,CB
10.838946,13.049602,EDR
6.940338,11.810118,EDR
2.5995133,6.3504667,CB
11.113358,3.9257228,EDR
3.1075265,3.9535062,CB
8.13401,4.0667934,CB
12.338507,11.430779,EDR
13.3053,7.757743,EDR
7.691994,8.519608,CB
5.456281,9.194938,CB
5.048741,13.110928,EDR
14.344745,0.7898516,EDR
15.361711,3.8979158,EDR
15.782583,6.9235964,EDR
7.0876727,13.240171,EDR
13.969333,4.2991524,EDR
14.59258,2.409112,EDR
15.764444,4.0283494,EDR
6.9070873,13.967046,EDR
11.015782,5.229612,CB
4.744713,11.5600395,CB
5.694317,12.66282,EDR
7.9588857,15.318705,EDR
6.028988,14.225749,EDR
-10.824316,-0.8719854,EDR
13.623738,6.8039556,EDR
16.521559,8.760891,EDR
3.8774295,9.71021,CB
1.8822813,13.046468,EDR
5.0149226,5.537383,CB
7.7510614,-3.0762303,PEP
13.635629,14.805534,EDR
9.563695,11.448798,EDR
2.5407166,8.716192,CB
7.3470063,-4.5049605,PEP
11.7773075,15.033537,EDR
6.731941,2.8571832,CB
11.017803,14.214527,EDR
17.094088,2.1175666,EDR
11.0390625,11.071521,EDR
-11.030847,-0.6957352,EDR
12.004048,-3.5089588,PEP
13.676261,12.6978,EDR
1.3738631,8.470627,CB
11.282928,14.1586685,EDR
2.934513,14.828919,EDR
16.784952,9.948872,EDR
11.2951145,7.974155,EDR
9.346134,-0.97754765,CB
12.067539,3.2332811,EDR
12.579481,10.387814,EDR
4.6190386,14.315095,EDR
5.7439346,6.7336206,CB
16.444347,8.304312,EDR
1.9378024,11.957723,EDR
11.524829,4.5461154,EDR
13.746814,14.151582,EDR
18.837633,2.952159,EDR
11.84917,2.8610847,EDR
12.872236,0.5850062,CB
7.576138,15.420949,EDR
16.176504,9.000893,EDR
6.1155105,9.058192,CB
3.0604222,9.873937,CB
18.490482,5.120959,EDR
8.328185,15.410941,EDR
14.923327,1.7433083,EDR
10.09732,11.829813,EDR
14.127877,12.090899,EDR
9.071626,1.6511546,CB
16.709005,8.977871,EDR
4.0048347,11.172144,CB
21.418512,9.510735,CB
15.536898,-0.16639465,CB
15.406111,8.771513,EDR
-10.949734,-0.90292096,EDR
13.800863,3.5080483,EDR
17.97243,1.5132552,EDR
2.011999,11.314656,EDR
13.399428,12.640959,EDR
7.797163,7.167108,CB
10.079447,6.209019,CB
7.486758,-1.5356183,CB
10.953842,15.909356,EDR
17.895477,2.7550642,EDR
7.9873185,10.274189,CB
3.4974494,7.996784,CB
6.00034,2.884119,CB
17.465511,8.274571,EDR
11.446946,3.7698607,CB
-11.166799,-0.8310443,EDR
5.308086,0.53811896,CB
10.927661,-3.3396578,PEP
9.809527,14.639788,EDR
10.067042,13.28236,EDR
13.886789,0.923024,EDR
4.9998913,8.150611,CB
14.282271,7.1817384,EDR
8.424422,16.325314,EDR
1.7759535,7.393065,CB
6.68685,0.06317742,CB
0.0007612829,10.293292,EDR
18.529629,3.6266615,EDR
9.428217,0.01785786,CB
3.5733209,3.8028286,CB
13.788398,14.823139,EDR
5.3445215,12.768333,EDR
5.583684,9.218578,CB
3.0658464,8.032658,CB
13.629642,15.186059,EDR
4.294657,4.2337246,CB
5.981312,14.894104,EDR
7.87925,12.423977,EDR
7.0208607,10.629331,CB
-10.133037,-0.6833814,EDR
5.018391,13.577927,EDR
12.738058,0.42055342,CB
17.778564,3.8610227,EDR
14.616446,14.618177,EDR
11.790203,14.03049,EDR
6.3341227,4.031514,CB
5.343091,10.05705,CB
8.511688,-4.014342,PEP
-10.903204,-0.7402747,EDR
13.76443,9.2828665,EDR
5.681393,0.93952304,CB
16.295393,12.615641,EDR
0.7722537,6.961831,CB
8.766285,-4.195726,PEP
11.477575,11.282032,EDR
12.696159,10.372559,EDR
5.963947,4.4923654,CB
2.428098,11.361654,CB
9.146843,0.36687726,CB
6.6755595,-0.8573261,CB
11.673703,8.759132,EDR
4.3568363,5.800312,CB
7.422582,1.442507,CB
14.372988,3.8293738,EDR
9.997789,10.676666,EDR
11.542128,-2.9753714,CB
4.789023,0.41137865,CB
14.970238,1.7236384,EDR
7.430204,-2.6261356,PEP
10.71046,-1.9010029,CB
10.736958,8.265428,EDR
12.913884,9.063273,EDR
11.084648,4.4087443,CB
17.241184,1.5842974,EDR
7.9188776,14.989748,EDR
16.90525,4.4770546,EDR
10.456437,12.563698,EDR
7.5827413,7.116204,CB
8.330839,8.335401,CB
9.657643,5.830335,CB
13.579197,11.758654,EDR
2.7198362,15.213714,EDR
-9.973422,-0.6033167,EDR
6.6056285,14.926192,EDR
15.399043,8.03903,EDR
13.51617,10.502449,EDR
9.610322,3.907941,CB
4.145551,0.62656885,CB
4.777084,3.7024126,CB
14.261128,1.6690285,EDR
17.046083,6.0122285,EDR
-10.018913,-0.46993265,EDR
15.885056,4.6464963,EDR
10.472126,8.940374,EDR
11.52285,8.496624,EDR
5.8079696,0.9889215,CB
7.0852103,11.523147,EDR
13.2870865,13.666891,EDR
6.673953,11.4542,EDR
4.044277,0.23129511,CB
7.3046083,4.84275,CB
10.113349,-3.1462665,PEP
11.568738,14.699935,EDR
3.8246968,13.712705,EDR
7.368236,10.2821665,CB
8.449849,6.5638213,CB
2.606235,6.8306446,CB
0.7858508,7.667527,CB
5.779195,6.338164,CB
11.175185,3.921892,CB
10.595203,1.006703,CB
7.5192275,2.5411277,CB
5.986222,4.3281345,CB
9.205069,12.315854,EDR
14.980219,9.937096,EDR
8.836022,-1.3863096,CB
15.852176,6.526484,EDR
3.2275836,6.1844916,CB
14.495797,3.964242,EDR
11.670981,13.718949,EDR
13.945236,1.3858454,EDR
14.765051,8.671748,EDR
11.57171,2.914766,EDR
9.826758,5.9874334,CB
13.521899,9.698252,EDR
12.304128,3.0758696,EDR
6.927261,14.727349,EDR
4.522673,3.430063,CB
11.185234,0.7466707,CB
8.181026,15.110233,EDR
7.584663,0.0076757856,CB
7.2622447,13.229247,EDR
13.334559,8.402173,EDR
9.969511,6.2793064,CB
17.077833,4.3879957,EDR
16.844936,5.194129,EDR
9.994598,14.760027,EDR
11.713565,2.3594213,EDR
8.979349,9.857166,EDR
6.2830453,3.0820086,CB
11.582517,9.692735,EDR
11.75009,14.650946,EDR
9.08963,-1.3405229,CB
9.226809,13.139216,EDR
12.236354,11.450999,EDR
8.959176,-4.2325654,PEP
-10.545037,-0.6041616,EDR
7.5705523,6.1492486,CB
14.090556,6.2171035,EDR
0.66081774,12.377848,EDR
12.895257,5.8923106,EDR
10.212207,4.962197,CB
5.681366,12.106867,EDR
14.940359,13.412415,EDR
4.45139,1.0500898,CB
7.744258,11.572135,EDR
16.139013,2.5175173,EDR
6.3325505,-0.46512347,CB
10.996387,3.0842202,CB
10.205259,-3.9498856,PEP
8.045633,-0.99351436,CB
8.51279,6.680582,CB
12.9727745,0.31563896,CB
12.634127,10.654151,EDR
4.340069,15.027222,EDR
14.160446,12.707839,EDR
5.6595464,16.101587,EDR
8.207457,14.100152,EDR
-10.217666,-0.9246817,EDR
7.5171957,1.76491,CB
10.041441,12.79082,EDR
5.5431056,-0.5239401,CB
7.7989707,13.197389,EDR
-0.00019290292,10.781053,EDR
10.048695,6.7030663,CB
14.926588,5.0575886,EDR
7.9895716,6.0868073,CB
3.559039,13.730906,EDR
2.3461463,9.19833,CB
0.3985048,12.98661,EDR
9.128253,0.58201057,CB
-9.963014,-0.5112113,EDR
7.55617,1.9201161,CB
11.865677,9.045961,EDR
5.773165,-2.3516178,CB
14.377721,11.113956,EDR
4.919845,15.962479,EDR
4.8806963,4.7841315,CB
8.013417,-0.3621337,CB
2.5132592,4.458822,CB
2.5563068,7.6339893,CB
-10.6491165,-0.8931509,EDR
8.027143,-3.4212515,PEP
6.682609,-1.0359493,CB
11.73366,8.779553,EDR
8.46364,1.325936,CB
7.721152,8.289789,CB
6.021515,9.261105,CB
14.028079,15.06702,EDR
4.902572,13.536043,EDR
17.031488,1.5492239,EDR
14.016134,1.4856951,EDR
15.426117,7.6451573,EDR
13.494803,8.331915,EDR
11.544041,2.9909778,EDR
10.331968,-2.3148139,CB
12.352291,3.947727,EDR
7.351389,11.649801,EDR
7.7017508,15.0368395,EDR
9.5391655,14.2900715,EDR
8.618899,14.609266,EDR
4.523662,4.6558986,CB
8.274159,-1.1286187,CB
8.500817,11.778841,EDR
15.907562,8.685125,EDR
3.8956883,7.9536715,CB
4.8179626,4.5524383,CB
5.0727406,0.17942959,CB
7.4378114,8.211404,CB
7.026081,5.1138983,CB
9.090726,11.9125595,EDR
4.4114194,15.201946,EDR
7.9336853,1.8827478,CB
12.127361,2.3645613,EDR
0.34449044,9.439706,CB
-10.52734,-1.280748,EDR
4.666089,5.7045774,CB
5.4366994,9.426474,CB
19.055342,2.743486,EDR
12.895384,0.686899,CB
13.035452,3.5299041,EDR
6.920485,1.3850782,CB
8.40562,2.364183,CB
10.733903,15.054226,EDR
8.802843,6.4845014,CB
8.398873,8.332907,CB
11.82809,5.822679,EDR
8.531304,13.902131,EDR
6.9638057,7.6057143,CB
8.562113,10.548963,EDR
3.539998,8.12204,CB
0.3357113,7.880618,CB
8.155453,3.1154907,CB
16.440775,2.5365546,EDR
11.721133,9.194232,EDR
12.317183,13.723801,EDR
13.800166,4.9217606,EDR
14.339431,0.48933646,CB
11.801296,4.0556726,CB
2.891731,12.688266,EDR
13.232541,2.2243538,EDR
12.669044,5.370088,EDR
3.8842375,4.682431,CB
8.444283,11.107092,EDR
12.767458,6.9510694,EDR
7.0266814,0.050175324,CB
9.428225,15.532721,EDR
4.7033615,12.250933,EDR
13.122727,3.1210651,EDR
14.799532,4.9386616,EDR
18.299454,2.2626603,EDR
4.546924,9.768196,CB
11.836402,4.4085913,CB
9.223582,8.810992,CB
13.34608,2.3342135,EDR
13.445388,15.534917,EDR
12.208564,13.817794,EDR
5.5203714,10.156758,CB
6.7325993,4.3906045,CB
-10.416263,-0.46410033,EDR
14.243884,6.3832645,EDR
5.524961,5.378226,CB
14.057137,8.845999,EDR
3.7600663,13.75032,EDR
2.5251696,12.040091,EDR
-10.56259,-1.4282542,EDR
14.949818,0.19183613,CB
10.353674,12.273369,EDR
6.6607223,-0.5464731,CB
4.1837406,3.1342611,CB
6.4824557,13.006601,EDR
13.702489,6.450776,EDR
0.6287514,13.160293,EDR
8.682976,14.513176,EDR
7.7611265,3.5082562,CB
13.321668,11.873875,EDR
11.8927965,7.3072605,EDR
4.9025044,0.3589145,CB
11.196325,0.4716988,CB
11.733481,0.74718124,EDR
4.264723,14.442602,EDR
4.539453,13.429673,EDR
8.946435,14.264924,EDR
8.363766,14.96623,EDR
15.331498,4.1754146,EDR
6.235821,6.9340043,CB
11.379484,0.544123,CB
12.285728,4.6912127,EDR
17.217495,6.419487,EDR
5.3527656,3.5996687,CB
14.735921,10.436348,EDR
2.3891234,4.3264523,CB
10.181793,15.878379,EDR
4.6223226,9.069596,CB
13.53582,1.9234806,EDR
16.74587,11.004285,EDR
8.613014,-1.5939085,CB
0.009683861,11.108554,EDR
16.163136,8.373956,EDR
11.9281,15.649669,EDR
15.218454,11.263359,EDR
5.052311,7.323517,CB
7.945726,5.1569324,CB
-10.297226,-0.7420151,EDR
12.007329,4.9964333,EDR
10.098318,2.2684526,CB
3.3250816,10.018564,CB
9.627635,5.417625,CB
3.215261,12.344198,CB
7.719228,9.382371,CB
8.164354,7.9332848,CB
8.9868145,13.033207,EDR
7.835355,12.743227,EDR
9.042774,4.222733,CB
3.4218287,10.1290655,CB
12.482365,6.4980297,EDR
6.433901,0.055765513,CB
9.763493,11.508626,EDR
9.611806,12.477058,EDR
8.988912,9.732355,EDR
16.831507,9.61031,EDR
3.9386344,4.3366976,CB
8.52787,1.4455639,CB
11.678749,15.210466,EDR
7.94203,3.3971336,CB
14.164407,3.5114064,EDR
13.774703,-1.1576135,CB
15.779921,7.728081,EDR
7.658402,16.130697,EDR
1.8076051,14.044592,EDR
13.701182,1.0811536,EDR
7.319431,5.1580367,CB
5.517188,12.70616,EDR
9.245413,5.2229185,CB
0.21932247,12.908512,EDR
5.4804583,10.981574,CB
16.13354,6.2108154,EDR
9.551976,-4.1250534,PEP
15.84194,5.8515606,EDR
10.203215,11.537143,EDR
-10.378267,-0.9316391,EDR
7.0274854,4.4438186,CB
2.106912,8.585854,CB
4.5653195,2.1958454,CB
1.1159154,9.765884,EDR
12.114325,11.604375,EDR
3.5019546,8.019521,CB
7.9897037,5.4146,CB
2.6570585,5.344581,CB
14.213168,12.216427,EDR
14.697383,8.932288,EDR
11.477622,12.9983225,EDR
14.756707,10.668127,EDR
16.844687,3.7143898,EDR
8.72643,8.505909,CB
11.261617,0.542804,CB
13.104942,15.575134,EDR
5.851232,5.446499,CB
14.829824,4.8107243,EDR
0.27563676,12.046451,EDR
12.437998,6.293223,EDR
10.649252,8.396829,EDR
2.1157575,11.021803,EDR
10.678945,-2.7028139,CB
5.6591396,3.9600835,CB
16.399868,7.550048,EDR
10.344148,16.1162,EDR
15.626787,7.203748,EDR
8.359764,2.7872837,CB
4.0333395,8.625653,CB
10.447062,9.142113,EDR
7.6410437,12.275371,EDR
7.580248,10.426657,CB
4.184668,14.687884,EDR
9.375794,13.474151,EDR
9.853377,-2.1956613,CB
5.698455,-1.8089769,CB
3.5252273,7.85462,CB
1.7094818,12.705297,EDR
12.802765,4.587235,EDR
4.006898,6.53231,CB
5.804238,4.712941,CB
8.359836,10.370781,EDR
3.7758193,8.783492,CB
15.586921,10.9649105,EDR
18.936235,5.716372,EDR
7.070674,4.284335,CB
6.559986,5.595298,CB
10.579522,10.843584,EDR
13.240881,10.9103985,EDR
15.524906,9.910481,EDR
7.858981,5.2342,CB
13.737136,3.9832768,EDR
16.65863,11.723026,EDR
4.6957917,6.2247267,CB
1.9096687,12.1895895,EDR
12.023414,7.389537,EDR
3.2749815,1.7675143,CB
7.3849635,1.8901516,CB
13.760306,8.607311,EDR
10.872947,1.7790408,EDR
9.552476,2.945063,CB
11.274659,10.523906,EDR
2.0208137,12.724065,EDR
6.8050547,5.4652214,CB
1.7624847,9.238556,CB
14.736882,13.487726,EDR
-11.001443,-0.59719,EDR
10.930116,2.147534,CB
6.8706517,2.0990007,CB
7.171148,10.099073,CB
6.588513,-0.82709545,CB
5.683484,11.9481735,EDR
4.4335012,11.629807,EDR
8.315061,16.48082,EDR
9.951978,11.097337,EDR
8.803746,11.55269,EDR
9.040283,8.375791,EDR
11.528193,2.7620835,EDR
15.720472,11.572652,EDR
7.7416067,7.1005335,CB
-10.801649,-1.483939,EDR
9.890871,1.9733281,CB
13.091981,4.25675,EDR
10.799252,2.9497023,CB
10.227477,12.979393,EDR
8.7124,9.318368,CB
6.9516597,12.293036,EDR
5.523653,15.141175,EDR
9.595142,9.572225,EDR
8.082727,-3.1206906,PEP
14.978378,0.4995228,EDR
10.909319,8.499263,EDR
4.17226,14.56598,EDR
4.334884,2.6593478,CB
13.217333,2.2107832,EDR
4.1313877,15.632165,EDR
7.443746,10.127013,CB
17.590904,6.3162713,EDR
-10.413358,-0.39296445,EDR
8.608539,12.001013,EDR
2.536493,13.370567,EDR
5.070176,14.743077,EDR
13.112651,3.2869935,EDR
13.472088,6.525191,EDR
3.6664011,11.311861,CB
7.545713,6.214764,CB
9.50205,5.2264266,CB
9.379211,6.6616316,CB
8.508184,7.387083,CB
9.124958,9.745842,EDR
5.2097683,11.786483,CB
6.020947,6.2704377,CB
-10.210188,-0.63348967,EDR
7.7062087,10.558622,EDR
16.317816,7.5998325,EDR
7.4571133,-2.8334172,PEP
11.708486,2.2095997,EDR
18.479744,5.424068,EDR
13.169356,0.15778473,CB
9.612149,-1.3994237,CB
10.293371,4.570969,CB
7.4060764,10.105806,EDR
5.0603337,7.8482914,CB
6.1643815,8.405143,CB
10.550222,6.5084953,CB
11.120743,12.160642,EDR
7.4371905,7.275313,CB
8.706162,5.395014,CB
1.3716761,14.446203,EDR
-10.162792,-1.4496951,EDR
10.760462,3.8946316,CB
7.610331,7.577062,CB
10.21976,5.6955566,CB
17.542278,1.0663285,EDR
12.77394,0.56598705,CB
-10.455219,-0.6570555,EDR
13.3746195,13.053977,EDR
-10.826456,-0.8649416,EDR
1.2549123,6.1162343,CB
4.999997,-0.57872874,CB
-10.966244,-0.8051308,EDR
0.6257414,7.0940123,CB
3.2508442,13.024866,EDR
15.600618,12.532338,EDR
6.8825626,10.822041,CB
2.8930898,7.9518356,CB
3.6273983,13.44485,EDR
14.662515,14.5639305,EDR
16.310043,12.500993,EDR
9.382827,0.5357298,CB
16.273987,3.6511843,EDR
5.547363,9.10574,CB
3.7167954,15.487291,EDR
8.2807255,7.4433746,CB
10.272536,-1.3501598,CB
15.80287,9.463646,EDR
3.790951,13.021507,EDR
6.315607,13.924893,EDR
21.364046,9.618214,CB
6.940791,16.274334,EDR
9.901131,-0.8102287,CB
4.3176255,2.584862,CB
13.996495,5.4738812,EDR
11.835613,1.2053087,EDR
15.049155,2.1780877,EDR
12.959136,6.81131,EDR
17.889801,4.111484,EDR
10.463533,-0.86218524,CB
13.4366045,11.07884,EDR
14.034401,9.64448,EDR
14.2119875,14.585482,EDR
2.4508996,8.883725,CB
4.215487,1.3574268,CB
12.194235,1.6404715,EDR
14.617323,13.308847,EDR
11.767451,1.4569666,EDR
3.8505812,13.389533,EDR
4.0733037,1.2525926,CB
11.368477,10.432316,EDR
7.382754,3.8626144,CB
10.576594,2.6176615,CB
17.25464,6.46817,EDR
5.8506227,0.90857923,CB
11.8070135,-0.7057455,CB
10.584921,11.649134,EDR
6.3804097,13.922136,EDR
14.506402,7.1599874,EDR
10.782441,-1.264003,CB
-10.872208,-1.3441907,EDR
6.0407557,9.612267,CB
8.421544,7.93698,CB
5.5763035,9.627607,CB
8.989498,14.735664,EDR
5.898932,12.489045,EDR
3.0694363,15.175454,EDR
4.625942,9.083326,CB
13.507695,6.254285,EDR
11.436413,5.8001394,CB
6.341469,8.20459,CB
8.480862,11.271293,EDR
3.5973864,7.339938,CB
12.518734,3.8177555,EDR
9.502277,8.742248,EDR
9.76326,-3.9760883,PEP
6.8947763,3.8291197,CB
6.19804,-1.71336,CB
14.558484,4.3877015,EDR
4.3613696,7.6382384,CB
4.8481693,7.962032,CB
9.447415,12.3782215,EDR
2.8127284,5.0443892,CB
11.517365,9.919353,EDR
5.824013,7.652843,CB
0.7300235,12.022846,EDR
14.496543,10.457229,EDR
0.9367702,7.3349147,CB
9.112588,8.415799,EDR
5.7457666,12.168666,EDR
13.399673,-1.0306255,CB
-10.626727,-0.68598044,EDR
4.8714294,11.77783,CB
5.3279643,12.1513605,CB
10.457149,9.960855,EDR
14.291163,2.449082,EDR
6.2159925,6.34575,CB
3.5086026,3.9924593,CB
13.948885,1.5311447,EDR
4.225424,7.0320287,CB
2.3939269,6.9928575,CB
13.220745,8.547505,EDR
9.200433,0.048254173,CB
3.3501906,5.0194006,CB
13.327631,2.0993695,EDR
6.6588407,9.074552,CB
12.3034525,3.5247447,EDR
0.5850875,13.011726,EDR
9.564629,8.583157,EDR
18.939571,2.4816353,EDR
17.898323,7.971637,EDR
9.957143,16.07029,EDR
3.452825,10.148459,CB
7.348828,-4.4818745,PEP
3.924894,12.251442,CB
15.273567,1.3397064,EDR
10.831717,9.938924,EDR
5.9121356,2.7870038,CB
8.69984,7.1665874,CB
15.014975,8.6499195,EDR
10.693635,9.526989,EDR
17.293066,1.8458974,EDR
6.354685,14.995708,EDR
6.477777,16.495327,EDR
9.143203,7.9188395,CB
1.3105283,6.825213,CB
8.743294,1.4189966,CB
10.255324,11.636944,EDR
6.5252104,10.6703005,CB
7.8822794,9.213688,CB
10.503392,11.49665,EDR
8.482036,-0.87459695,CB
8.687409,0.8144622,CB
8.525862,-3.5768456,PEP
9.061017,-2.2011604,PEP
12.1027775,5.3355207,CB
13.527865,6.590723,EDR
13.99947,-0.877988,CB
9.19254,1.2265495,CB
5.951294,14.977855,EDR
5.7412505,10.817833,CB
15.242346,9.446676,EDR
15.588306,12.49544,EDR
11.405709,14.984809,EDR
5.3070903,13.516751,EDR
9.622774,13.8362255,EDR
6.553233,10.505185,CB
10.897135,5.0710487,CB
4.0246964,14.587108,EDR
12.061725,12.761942,EDR
11.844346,7.567899,EDR
14.301623,10.8006115,EDR
6.2474775,16.301826,EDR
11.913223,5.7464285,EDR
7.4105773,16.292038,EDR
6.3331685,-0.10478859,CB
6.4075837,17.133965,EDR
0.49042088,13.791115,EDR
7.5975766,6.4127936,CB
6.5201387,-1.7982689,CB
8.330049,10.883611,EDR
5.963109,-2.7381744,PEP
4.872684,7.1123233,CB
5.7170877,2.7300203,CB
2.3570762,11.295494,CB
14.867875,3.4740276,EDR
9.229626,-2.5267448,PEP
7.303499,12.968094,EDR
10.046142,1.8435735,CB
5.660235,7.9237986,CB
0.71762466,10.021391,EDR
13.947621,12.360044,EDR
4.014187,2.7174292,CB
12.780983,1.0713215,EDR
5.1270094,4.7059827,CB
16.446661,9.634581,EDR
9.925561,1.21042,CB
12.494472,9.651407,EDR
13.37976,-0.8292198,CB
13.458822,-0.51744795,CB
-10.963528,-0.45384988,EDR
10.968277,0.035154205,CB
12.016024,0.4817606,CB
2.5093992,9.830418,CB
13.983928,2.4909122,EDR
8.796333,11.381141,EDR
9.148816,12.640699,EDR
3.9841008,12.701549,EDR
4.9098153,9.86304,CB
3.7399347,14.008909,EDR
1.9523578,14.478116,EDR
12.081765,6.865932,EDR
1.8800445,13.741859,EDR
17.151829,2.3476758,EDR
6.1753883,10.642121,CB
8.608481,6.041294,CB
-10.406297,-1.4170104,EDR
7.0324574,2.137222,CB
0.067856446,11.455835,EDR
8.098665,6.448395,CB
9.347303,3.4040418,CB
6.0175433,3.001285,CB
8.559441,0.46145803,CB
12.958636,2.3570395,EDR
9.316021,8.195164,EDR
12.651378,8.100203,EDR
14.185259,8.297322,EDR
13.730865,6.3718295,EDR
18.431616,3.4233215,EDR
0.5060234,11.778236,EDR
4.2061057,10.827263,CB
11.580634,5.9169626,CB
7.053625,0.07605148,CB
13.327684,14.0646105,EDR
3.6356993,11.655342,CB
5.694357,12.699208,EDR
14.583546,-0.5431033,CB
8.092383,2.8806934,CB
8.300222,3.0425808,CB
13.286836,2.4964879,EDR
9.269436,3.664828,CB
10.4981,4.375377,CB
1.6363194,9.970856,CB
13.077511,11.805239,EDR
13.913398,8.144399,EDR
5.9257727,0.488388,CB
12.204768,-1.688698,CB
13.03142,14.725681,EDR
11.500806,-0.07745805,CB
10.307833,-2.3133097,CB
6.3698997,13.900461,EDR
6.629766,4.1992965,CB
6.8742304,9.026577,CB
15.352289,7.938691,EDR
21.500648,9.592064,CB
10.720743,6.4038835,CB
9.5804405,15.3740015,EDR
14.790937,2.539116,EDR
7.117069,7.7899566,CB
4.657916,6.517771,CB
12.154125,4.824397,EDR
8.374304,2.1713746,CB
13.957515,10.880231,EDR
12.635786,4.1446743,EDR
13.354256,1.399336,EDR
10.014197,10.463554,EDR
4.990804,12.484007,EDR
6.6787596,16.630299,EDR
-10.587759,-1.4973581,EDR
0.4661391,7.402121,CB
13.273507,11.754929,EDR
11.887624,9.963476,EDR
5.562067,3.2233431,CB
6.740285,14.185317,EDR
2.9033828,9.2307,CB
6.8805876,10.02763,CB
3.7104232,4.124634,CB
13.040002,4.4489484,EDR
16.916725,2.7872038,EDR
8.91841,12.152101,EDR
11.346137,7.063993,EDR
12.390066,8.018384,EDR
11.316803,9.2190075,EDR
2.736797,4.0726833,CB
10.322039,8.777952,CB
14.310665,3.8890798,EDR
4.0479193,9.6768,CB
13.845319,12.361336,EDR
9.454929,13.269,EDR
2.799675,7.5736785,CB
10.450207,8.075108,EDR
13.628766,13.508218,EDR
7.880588,1.1955873,CB
14.483126,2.290406,EDR
7.188545,8.114486,CB
7.5162683,5.5490093,CB
11.642388,11.096024,EDR
0.8223021,7.2418084,CB
18.546831,6.6331267,EDR
15.093652,10.162555,EDR
4.875329,10.006383,CB
3.1161911,9.421903,CB
16.973606,10.233704,EDR
7.651596,8.852819,CB
10.91946,-0.6290477,CB
7.6846056,10.451119,CB
5.6509743,1.0983618,CB
11.473716,15.064594,EDR
5.933137,14.695208,EDR
3.3030522,6.074314,CB
13.807584,0.8528107,EDR
5.0137362,8.329292,CB
15.193821,14.039715,EDR
8.774637,9.977524,EDR
4.8623104,11.338847,CB
6.6284547,12.029689,EDR
12.163662,13.642053,EDR
7.7762165,9.553716,CB
0.655955,11.767616,EDR
8.145357,8.063758,CB
0.09103346,8.476204,CB
5.568539,14.733299,EDR
0.9247407,10.105885,EDR
6.782002,-0.88042104,CB
12.371614,4.4604974,EDR
8.538338,2.6262274,CB
13.985106,12.51884,EDR
7.17542,-0.57160026,CB
10.714937,-0.652038,CB
2.7467933,12.083761,EDR
9.285301,-0.4335641,CB
10.208654,6.5289254,CB
7.032688,6.7774024,CB
8.816193,-3.7387788,PEP
7.702093,9.459686,CB
4.6894345,6.8879747,CB
10.969206,-0.90308094,CB
17.656725,7.877245,EDR
7.2594237,3.5518916,CB
9.356798,4.493658,CB
16.420805,11.650493,EDR
5.244018,2.4611034,CB
3.8828886,4.6811366,CB
17.212572,2.165952,EDR
7.4428015,15.151673,EDR
13.492107,1.114772,EDR
6.6880813,5.447525,CB
2.3575547,12.4761715,EDR
6.759434,10.668206,CB
13.140736,12.063842,EDR
4.956072,8.826555,CB
15.409661,5.338167,EDR
17.871162,7.3176575,EDR
7.142736,5.6304755,CB
14.867302,6.0142803,EDR
10.014618,10.938316,EDR
12.202132,1.5898775,EDR
18.141426,5.471864,EDR
6.4493237,16.329973,EDR
11.005793,2.794584,CB
4.7252016,12.9252405,EDR
12.124923,4.8922796,EDR
10.518712,12.064055,EDR
17.022614,10.621573,EDR
-10.287847,-1.2502115,EDR
7.770437,1.2642249,CB
13.023469,10.646119,EDR
5.9493012,4.1939783,CB
1.0321274,6.982252,CB
14.4917755,13.273536,EDR
11.514272,6.2099833,CB
4.136569,14.50128,EDR
7.090903,9.343693,CB
8.226673,11.644442,EDR
4.138118,12.383713,CB
0.62948626,13.150772,EDR
14.776455,6.501504,EDR
4.959931,0.042086616,CB
12.207068,5.039827,EDR
3.7686737,5.920814,CB
9.507408,12.57372,EDR
6.038719,3.6696568,CB
7.7722335,3.509389,CB
5.32642,11.106863,CB
16.212215,11.22191,EDR
10.454519,0.43903217,CB
8.01553,6.117793,CB
18.56896,3.1024668,EDR
6.202177,4.0450544,CB
8.532072,0.6352157,CB
12.982844,6.267318,EDR
14.087952,2.1812983,EDR
9.336518,7.6567545,CB
2.4699905,12.791058,EDR
11.010676,7.921559,EDR
9.505408,9.6947365,EDR
3.8484457,0.8405166,CB
7.3048186,13.1441965,EDR
15.56337,11.717101,EDR
9.283381,0.43220475,CB
8.351467,-0.63369155,CB
10.215093,5.689775,CB
8.575656,14.920339,EDR
8.61927,9.13225,CB
3.367926,10.231123,CB
15.225453,12.562206,EDR
4.6525393,13.283805,EDR
6.7474914,14.376321,EDR
-10.508335,-0.42024028,EDR
11.122254,9.1231165,EDR
14.329906,9.176037,EDR
8.26436,1.4046649,CB
16.189941,9.903458,EDR
-10.506363,-0.85276246,EDR
7.283417,8.070479,CB
19.354864,3.2759235,EDR
13.262967,10.8777,EDR
14.618435,2.2314212,EDR
16.527937,2.8474274,EDR
8.404433,10.451505,EDR
13.705603,9.738426,EDR
8.740724,2.6104884,CB
6.1116695,2.9819949,CB
12.730863,5.5593834,EDR
-10.282003,-0.50872827,EDR
11.713606,3.752368,EDR
15.21878,7.55757,EDR
1.6832687,9.588032,CB
-9.999273,-0.52340776,EDR
5.524458,11.601638,CB
6.402658,9.557181,CB
7.1813183,10.238402,CB
17.474821,0.6804478,EDR
11.6683655,2.9349797,EDR
17.73975,0.93986356,EDR
10.8141775,-0.4509417,CB
12.361283,-0.09741239,CB
2.8076043,3.9804468,CB
7.7158127,5.11853,CB
8.166072,8.689461,CB
6.148033,0.8803893,CB
3.8506851,0.6864122,CB
8.4601755,12.252839,EDR
5.8090262,13.434331,EDR
5.755838,7.281513,CB
8.589142,7.2354093,CB
8.652899,-4.20648,PEP
12.146469,14.77305,EDR
-10.773452,-0.27436695,EDR
2.8030221,8.449997,CB
13.331093,9.398702,EDR
3.7306294,11.317503,CB
9.870096,15.547203,EDR
4.273322,9.742818,CB
8.604242,-2.816979,PEP
-10.302909,-0.3579629,EDR
-10.289774,-1.3547617,EDR
11.807998,10.125115,EDR
18.468754,1.2137668,EDR
5.431673,0.052120045,CB
5.631685,12.446523,EDR
2.0109541,10.355843,EDR
6.7842064,-0.45362696,CB
5.8533773,0.564207,CB
15.118954,8.899155,EDR
3.1371772,4.96292,CB
2.6988397,6.6880674,CB
17.865187,5.534423,EDR
7.9085374,7.06047,CB
2.9940197,10.315461,CB
16.433414,12.508591,EDR
16.832422,1.850108,EDR
16.47556,2.6020293,EDR
8.146407,0.32768285,CB
13.871436,11.300724,EDR
11.348237,6.3361864,EDR
17.513153,6.575708,EDR
9.469053,-0.8576462,CB
2.7764142,6.440761,CB
18.937231,3.6835597,EDR
9.297284,13.975364,EDR
3.0120692,5.589967,CB
4.7242417,10.94892,CB
14.972469,10.84246,EDR
4.224702,-0.061530314,CB
15.047049,9.606712,EDR
14.237433,7.113463,EDR
10.861939,8.092909,EDR
12.12363,4.7365184,EDR
8.073414,11.742806,EDR
16.20536,8.365186,EDR
4.4970393,3.590138,CB
5.6206517,14.261379,EDR
13.700319,6.916679,EDR
11.438978,10.264522,EDR
13.333116,12.343494,EDR
12.995453,7.712694,EDR
10.23997,12.7472725,EDR
10.726327,1.9323944,CB
14.617157,8.729566,EDR
11.109629,5.1152134,CB
18.014866,1.9241847,EDR
19.285376,3.9504104,EDR
13.151184,0.9507753,EDR
10.506128,3.4668453,CB
10.485622,3.7182472,CB
4.5714912,10.699417,CB
12.189462,-1.4029374,CB
15.626068,1.5712264,EDR
12.232987,10.949186,EDR
18.851603,2.232033,EDR
1.862568,12.531534,EDR
11.103321,-3.264499,PEP
11.21415,2.320786,CB
14.797823,7.143437,EDR
13.721179,13.915045,EDR
15.139967,8.409388,EDR
4.864935,1.6321738,CB
15.6836605,4.4008656,EDR
4.523095,10.936523,CB
-10.803742,-0.52217984,EDR
9.750205,11.822067,EDR
1.6248467,13.042694,EDR
3.0845335,5.4859257,CB
6.4002204,7.7788186,CB
1.7822887,13.155101,EDR
8.9178505,10.12621,EDR
2.9580274,8.602034,CB
14.464647,5.541787,EDR
17.873734,1.031668,EDR
10.7849045,14.955786,EDR
-0.01912169,8.565728,CB
8.397695,14.762878,EDR
8.066476,11.452437,EDR
11.0567665,4.005206,CB
9.752038,8.778946,EDR
10.793919,11.910519,EDR
14.141628,8.273778,EDR
14.8037815,0.13234495,CB
6.064976,-2.8295503,PEP
3.9627023,4.7951293,CB
11.892966,3.0209444,EDR
16.652737,11.613333,EDR
8.041805,12.327891,EDR
9.726025,-2.6390736,PEP
-10.368953,-0.092872664,EDR
11.720234,11.052415,EDR
7.1109524,11.8434305,EDR
16.797464,8.299333,EDR
7.634383,10.752396,CB
13.16463,4.7864537,EDR
3.2656438,12.880572,EDR
8.591039,-1.4644092,CB
18.311066,2.740772,EDR
15.816711,12.304229,EDR
13.127947,9.477314,EDR
2.6064494,10.997547,CB
8.371804,13.423984,EDR
8.979202,7.423961,CB
11.6476,8.165863,EDR
8.819736,7.8658686,CB
0.35803306,12.780442,EDR
12.27064,6.5345488,EDR
-9.825161,-1.0579337,EDR
5.328289,11.357481,CB
6.7469244,0.99784297,CB
11.661309,13.724572,EDR
8.423671,14.033939,EDR
8.358363,-3.5931504,PEP
-9.687643,-1.1228795,EDR
8.973553,10.5670805,EDR
10.881812,6.0702033,CB
2.43318,11.586139,CB
12.328575,10.446425,EDR
3.0400412,10.624472,CB
8.815367,0.9404854,CB
10.757752,-1.6896385,CB
1.475818,10.030177,CB
9.633471,6.106465,CB
18.857042,6.3312054,EDR
16.377575,10.701316,EDR
4.1348333,4.0082674,CB
7.937343,8.484063,CB
14.353445,8.331349,EDR
12.115508,10.7487335,EDR
13.012875,3.2744012,EDR
7.528569,8.449792,CB
16.231422,10.440109,EDR
15.320921,3.7817574,EDR
14.148677,0.93043643,EDR
10.367238,12.554098,EDR
9.369158,16.003149,EDR
15.812452,6.4718046,EDR
18.206556,1.1615452,EDR
-10.847951,-1.1131586,EDR
5.920516,7.429969,CB
8.860841,16.304726,EDR
10.292269,13.008056,EDR
8.567217,9.238098,CB
14.955123,0.15379408,CB
4.6141405,13.805655,EDR
5.6513395,15.397769,EDR
2.5172286,7.3255396,CB
9.471178,-0.96234304,CB
14.699359,2.384618,EDR
18.864418,5.6325097,EDR
8.598166,4.766806,CB
5.9286237,3.0125134,CB
7.8196173,6.780597,CB
14.210591,9.111588,EDR
7.0731783,6.309818,CB
5.0029545,14.683973,EDR
8.925331,-2.0182972,CB
2.8070703,3.7860367,CB
15.905006,6.5053205,EDR
6.2532163,16.157526,EDR
11.471984,1.4995534,EDR
14.939363,11.6197,EDR
11.124171,10.820182,EDR
3.9202383,9.793399,CB
3.5222213,13.110203,EDR
8.120868,11.816894,EDR
9.512376,10.681474,EDR
19.385233,5.2741604,EDR
7.136757,7.7498403,CB
3.8529942,1.5877452,CB
12.7205715,7.251701,EDR
8.20971,15.7049055,EDR
14.078194,4.2086487,EDR
15.016093,3.2460582,EDR
13.060691,0.65398633,CB
5.9475985,15.923416,EDR
15.037857,7.249119,EDR
7.078329,16.754845,EDR
18.44311,1.7220495,EDR
5.7044168,13.349824,EDR
11.741599,-1.9784929,CB
11.748498,12.317282,EDR
5.700706,3.6829162,CB
14.530433,10.874892,EDR
6.7852387,11.952365,EDR
18.324175,6.4627113,EDR
11.063326,9.681601,EDR
12.734463,12.203732,EDR
18.696598,5.2036605,EDR
16.41298,7.1485176,EDR
5.7537456,9.385618,CB
10.590615,7.3887644,EDR
10.859427,7.6258926,EDR
-10.697891,-0.9811763,EDR
11.160791,6.4128184,CB
15.841002,9.995464,EDR
7.60768,11.25432,EDR
12.464026,-1.9312049,CB
11.836244,0.7277668,CB
2.2407389,12.337482,EDR
2.7856216,13.013599,EDR
8.725732,13.44115,EDR
8.043291,0.30267295,CB
5.598121,-2.1328444,CB
5.920886,8.123561,CB
6.233709,8.851076,CB
9.827433,3.1094968,CB
5.1034203,-0.1317995,CB
6.9755177,9.830436,CB
12.769887,2.4986246,EDR
6.4216647,9.963622,CB
6.35251,11.75779,EDR
9.943789,7.088216,CB
7.307368,12.411646,EDR
17.309093,7.593679,EDR
17.026222,7.1237206,EDR
16.499578,8.476554,EDR
10.63758,3.0266662,CB
13.078228,11.159721,EDR
2.0693266,14.887608,EDR
5.706106,14.989697,EDR
14.785874,13.177893,EDR
7.3035846,5.4216332,CB
10.30944,14.067383,EDR
12.014834,2.8248506,EDR
14.167629,14.017379,EDR
2.262828,13.996167,EDR
14.486462,12.206987,EDR
13.652836,9.357407,EDR
4.645692,9.543695,CB
8.088809,0.72777534,CB
9.004204,9.888497,EDR
14.27946,2.7800686,EDR
3.5688725,1.9435313,CB
8.84781,3.7797854,CB
9.688985,-4.1665792,PEP
6.9222264,5.9964867,CB
18.761822,3.0628014,EDR
9.264095,5.698221,CB
14.091464,9.46263,EDR
1.5542562,10.736719,CB
3.3140123,13.978268,EDR
11.596648,5.9427085,CB
9.289416,11.375968,EDR
8.055479,15.463698,EDR
-11.322085,-0.9274799,EDR
9.126768,7.5840397,CB
11.53152,9.461639,EDR
6.523938,13.287487,EDR
14.004055,3.4943876,EDR
14.454567,5.441241,EDR
10.196949,5.551841,CB
1.296838,14.42359,EDR
14.37298,13.852846,EDR
10.451243,7.2421603,EDR
11.233445,2.2256444,EDR
-10.627952,-1.3366138,EDR
-10.762731,-0.37524745,EDR
-11.0341215,-0.5529553,EDR
11.569197,8.03543,EDR
6.472045,1.187188,CB
13.790845,11.565409,EDR
10.232617,9.669602,EDR
15.617487,9.365479,EDR
3.391345,1.812796,CB
10.809463,1.7861819,CB
9.559939,11.610225,EDR
4.07568,6.9219365,CB
7.425111,5.689763,CB
10.137105,14.604537,EDR
12.266019,11.942311,EDR
3.8441827,6.3824377,CB
7.029836,6.5534315,CB
8.4995,5.8641415,CB
11.293998,4.3559356,CB
4.806761,2.3450048,CB
4.7076435,9.477232,CB
0.32050616,13.190479,EDR
-10.855351,-1.4773419,EDR
7.3351564,14.211898,EDR
8.121194,-2.2965765,PEP
9.365679,7.3023553,CB
11.442406,8.685802,EDR
8.980052,5.4025626,CB
8.662264,-1.2833732,CB
13.084065,5.774219,EDR
16.16559,9.398256,EDR
16.648546,12.122381,EDR
9.944298,-1.1483406,CB
3.8025122,4.172673,CB
14.770429,0.5944844,EDR
9.059895,11.034185,EDR
12.277575,7.3140917,EDR
7.652273,4.705262,CB
8.279569,1.505201,CB
9.720807,3.7122636,CB
6.849949,13.990144,EDR
7.4288416,0.7012413,CB
15.964135,2.4019523,EDR
5.584193,5.3352747,CB
15.381087,2.899588,EDR
-10.39841,-0.8945854,EDR
14.252346,12.02637,EDR
10.351467,1.940445,CB
5.9910903,2.8768373,CB
9.916099,-1.645946,CB
9.078735,-1.6112876,CB
14.737948,13.238426,EDR
6.7865553,7.56594,CB
9.847011,6.3123183,CB
13.286441,11.087842,EDR
13.835922,-1.0527401,CB
1.5193822,12.914797,EDR
5.6695523,12.434934,EDR
10.577322,5.2225676,CB
16.57292,11.260295,EDR
4.555925,14.58926,EDR
0.5082196,11.610903,EDR
12.00489,9.829957,EDR
4.0588894,12.481578,EDR
11.5823765,6.697394,EDR
5.7413297,8.598827,CB
5.647727,5.907075,CB
8.614046,7.7394276,CB
-10.132925,-0.7600919,EDR
17.358624,9.673056,EDR
7.7999134,13.963116,EDR
17.420912,0.8928156,EDR
16.696104,3.8508253,EDR
5.1577473,8.176961,CB
4.5782275,3.790087,CB
7.1429033,1.5729254,CB
11.002252,13.985902,EDR
11.91583,4.924041,CB
6.7104554,10.806697,CB
12.199981,5.2857795,EDR
12.362076,-0.64067173,CB
13.611854,13.992222,EDR
16.49137,8.5079775,EDR
1.0195146,10.511807,CB
7.946049,11.152336,CB
9.172694,12.71935,EDR
1.7364929,7.6520247,CB
14.653127,6.1233034,EDR
8.902836,7.301675,CB
13.393127,14.415394,EDR
4.975419,4.8426404,CB
0.21249002,9.098598,CB
11.377709,2.6146924,EDR
-10.467376,-0.30085945,EDR
4.6010075,13.987286,EDR
12.655239,4.1364126,EDR
9.459012,1.151778,CB
18.392593,4.715111,EDR
6.721898,9.592509,CB
0.24368896,11.199513,EDR
9.700573,12.670908,EDR
15.514878,5.155613,EDR
4.5725765,3.8283095,CB
8.730159,4.228665,CB
8.642752,-1.7025977,CB
3.504941,4.2343225,CB
4.5116386,0.30558854,CB
3.1275887,7.344584,CB
11.309236,1.6321542,EDR
11.242835,13.3175,EDR
8.470501,5.833357,CB
7.434604,6.39665,CB
14.462972,6.1427426,EDR
8.352767,1.7234685,CB
12.731122,11.9506,EDR
4.201192,13.017135,EDR
18.561584,4.187363,EDR
11.70756,8.415491,EDR
7.9156322,1.2619423,CB
11.628876,5.477616,CB
2.8327599,13.935309,EDR
6.5445924,13.0896015,EDR
13.97229,9.274078,EDR
0.61004764,11.657075,EDR
3.9199104,5.6771646,CB
15.886583,9.49672,EDR
16.981766,9.903971,EDR
16.836777,6.1686707,EDR
2.4793966,8.134427,CB
3.5367963,1.7177099,CB
6.7207913,10.872105,CB
16.789566,10.008624,EDR
6.736759,9.777819,CB
9.62551,2.8668993,CB
12.202041,9.358436,EDR
8.630615,7.055261,CB
3.2786398,6.7969756,CB
12.449327,1.2277,EDR
16.097225,13.0470705,EDR
12.262466,-0.89942944,CB
16.57887,10.497113,EDR
9.953155,11.237639,EDR
6.1555505,1.769912,CB
2.5349867,6.5369434,CB
11.790897,8.379998,EDR
12.731899,3.7699893,EDR
4.041101,11.102315,CB
6.3974056,10.082406,CB
9.694851,-4.192558,PEP
7.388953,-4.525758,PEP
15.301722,12.02465,EDR
5.1428494,12.025299,CB
10.65611,7.870416,EDR
12.117132,10.943771,EDR
11.774965,15.429167,EDR
7.5187793,11.274584,EDR
5.0010395,13.901743,EDR
0.9798004,8.820116,CB
9.173187,4.428115,CB
10.718858,-2.8280346,CB
5.992476,5.2537622,CB
8.77838,2.4727914,CB
-10.330444,-1.2305692,EDR
0.98971736,8.681746,CB
9.697613,9.765017,EDR
9.258509,7.5722866,EDR
7.410329,8.353802,CB
7.4042535,6.7114425,CB
7.691833,2.3429356,CB
9.269222,1.0691578,CB
14.08205,10.646006,EDR
10.589532,8.00657,EDR
13.034605,6.8339605,EDR
16.25173,7.456214,EDR
2.2148764,10.896449,CB
5.7371716,3.8624175,CB
16.474873,0.82126206,EDR
11.031099,1.5849056,EDR
12.934423,1.2856859,EDR
9.402707,15.022697,EDR
7.0637627,1.6481682,CB
13.943171,4.7858033,EDR
11.587858,13.795899,EDR
7.6772656,5.206861,CB
2.584425,9.689905,CB
13.440468,10.2097,EDR
3.2845678,13.260744,EDR
10.844872,1.9343224,EDR
10.263519,6.2268953,CB
12.9862795,8.661725,EDR
7.0309935,14.647919,EDR
6.0472713,1.2815061,CB
-10.00921,-1.3858379,EDR
14.33238,8.390197,EDR
15.266596,0.69045395,EDR
4.309888,10.778117,CB
7.6542344,13.30025,EDR
6.700905,0.19857088,CB
1.2985235,9.632304,CB
6.984209,-3.9717038,PEP
-10.762477,-0.6381012,EDR
1.8266678,8.561189,CB
5.788744,12.777892,EDR
9.068486,10.664188,EDR
13.838857,10.487567,EDR
15.299833,8.653256,EDR
5.645241,12.494319,EDR
6.3524823,11.600478,EDR
11.834994,14.302787,EDR
14.355675,10.497703,EDR
6.692951,2.1402922,CB
14.887079,11.3607235,EDR
9.844129,16.247433,EDR
14.027464,6.2700663,EDR
13.097795,5.647366,EDR
-10.417268,-0.12501302,EDR
7.88732,10.905379,EDR
10.629747,11.508761,EDR
10.354468,3.4450746,CB
12.225243,11.229818,EDR
2.8704267,2.8971589,CB
-10.86584,-0.6019493,EDR
16.693727,9.151333,EDR
17.129541,6.4714494,EDR
5.538864,5.9276977,CB
13.779915,11.324888,EDR
6.5759454,2.3062973,CB
11.248057,2.4467955,EDR
18.002613,3.6990619,EDR
11.430156,8.62886,EDR
12.696019,2.1798003,EDR
12.837195,11.004324,EDR
7.8141375,7.1355014,CB
11.208129,5.735719,CB
16.77089,5.3508244,EDR
13.372177,7.321004,EDR
14.210093,9.829241,EDR
12.477425,10.698989,EDR
16.528542,3.4217827,EDR
10.1081085,9.393873,EDR
10.862064,11.165376,EDR
-10.648205,-1.1849512,EDR
12.14618,4.5294304,EDR
10.431594,-2.5859141,CB
10.037238,1.6066748,CB
2.7572994,5.2701097,CB
11.368458,12.089019,EDR
11.559005,-1.1115185,CB
3.798306,14.381818,EDR
17.421453,6.43639,EDR
6.2934837,13.414342,EDR
8.315607,10.703258,EDR
10.523865,7.5228477,EDR
-9.975631,-1.1703581,EDR
15.6233,5.596197,EDR
14.337716,2.8246741,EDR
8.3503275,12.584373,EDR
4.1647983,7.4255767,CB
5.4117556,16.18723,EDR
-11.238496,-0.6120994,EDR
9.223918,13.514683,EDR
6.983734,1.2905291,CB
3.785597,8.433703,CB
-10.074213,-0.76754874,EDR
18.501009,4.8297954,EDR
15.797535,9.334497,EDR
8.779803,9.383781,CB
9.2258835,-0.4463103,CB
10.722659,6.680264,CB
7.6855173,14.44706,EDR
1.72505,7.5259986,CB
11.011632,5.134377,CB
6.6853337,5.8248463,CB
12.630621,5.000182,EDR
8.284441,8.096799,CB
13.703897,6.0098596,EDR
10.469937,-1.4682355,CB
7.425627,3.460704,CB
7.4769773,2.6946228,CB
9.650794,13.992656,EDR
11.681826,-1.3220482,CB
-10.096996,-1.3646499,EDR
12.3749075,11.486378,EDR
7.644684,6.463285,CB
15.261832,2.35249,EDR
14.892747,11.572391,EDR
10.161521,7.3252444,EDR
14.894281,12.994848,EDR
21.4602,9.569116,CB
10.096986,3.3127937,CB
3.9351516,14.903719,EDR
10.835196,6.9560704,EDR
11.519392,10.08892,EDR
4.5397635,3.5095246,CB
11.477471,13.686974,EDR
13.496644,7.824872,EDR
10.858433,7.9953523,EDR
9.193118,0.53826267,CB
-10.820029,-0.5045504,EDR
9.597148,9.606232,CB
13.80406,10.531638,EDR
11.519145,1.8617238,EDR
9.527038,14.009401,EDR
13.155048,1.2304556,EDR
10.748602,-1.1695096,CB
6.7031207,15.717255,EDR
17.440971,6.526517,EDR
6.8730116,3.4467733,CB
4.295883,7.0303807,CB
6.766491,-0.5695123,CB
10.38261,4.109381,CB
7.344362,8.206469,CB
1.5043204,8.178601,CB
9.928793,0.4253765,CB
10.302896,13.372511,EDR
12.738789,11.616777,EDR
9.528434,6.5792265,CB
14.160485,9.6898365,EDR
4.9298306,9.920622,CB
10.937297,3.9626908,CB
4.3278484,13.689397,EDR
16.426277,1.8828489,EDR
13.159221,2.405569,EDR
12.953861,7.020717,EDR
12.621539,-0.51689595,CB
10.674507,0.97297627,CB
8.840207,2.8665295,CB
9.343827,2.6467988,CB
16.367289,8.915786,EDR
6.040409,8.906133,CB
-0.00025170186,8.6103735,CB
5.1320643,12.576854,EDR
-10.708205,-0.5016347,EDR
14.23414,13.696819,EDR
5.428655,8.503736,CB
8.473576,-2.2886603,PEP
7.986112,10.551095,EDR
13.648918,8.235577,EDR
9.215525,-0.711018,CB
7.273167,-1.8337189,CB
5.7798953,3.7856574,CB
15.368496,0.90914214,EDR
12.512979,-1.2036852,CB
0.9042364,12.600933,EDR
9.686766,0.45495224,CB
8.510381,3.8706908,CB
8.356658,1.1783693,CB
8.858863,8.527748,CB
6.5915,10.933295,CB
10.707487,10.904817,EDR
9.717135,4.8935003,CB
5.5094295,13.041893,EDR
1.4974507,6.6241093,CB
10.913001,1.7407423,CB
-9.87405,-1.1444513,EDR
4.7469697,11.7492285,CB
4.7673297,8.288974,CB
6.3322015,14.200562,EDR
7.7109685,9.805612,CB
12.072159,1.8817747,EDR
0.5536132,12.176383,EDR
13.6363125,10.310328,EDR
12.744815,3.9974842,EDR
10.044957,14.134001,EDR
9.471933,8.353137,EDR
0.9532227,11.77572,EDR
5.5206537,2.0342822,CB
11.9271345,8.197622,EDR
-10.087439,-0.82074004,EDR
14.430679,4.7864685,EDR
5.501369,7.078373,CB
7.0681486,13.650091,EDR
13.731939,13.450473,EDR
1.2975473,7.4649725,CB
17.511837,3.0497065,EDR
16.708647,1.5423431,EDR
2.3925233,4.7256126,CB
8.836442,11.379117,EDR
10.200912,11.931831,EDR
10.456284,3.8915005,CB
15.167236,10.33563,EDR
2.0722516,12.350479,EDR
14.06219,11.932435,EDR
15.064926,3.9688008,EDR
11.4147215,0.15645793,CB
10.622997,11.579377,EDR
5.0685515,9.424927,CB
10.36318,6.720251,CB
15.904426,2.7600982,EDR
10.777066,3.7630937,CB
11.28378,6.380806,EDR
13.766385,4.9445,EDR
2.7911026,13.824463,EDR
14.233522,12.86307,EDR
13.484935,7.778605,EDR
14.771266,6.596321,EDR
7.2314057,16.56443,EDR
4.4492726,15.027067,EDR
3.710691,1.0581789,CB
2.541305,12.468201,EDR
6.2913527,9.344521,CB
7.5993013,12.720615,EDR
8.721428,6.722343,CB
13.877841,8.001949,EDR
11.594432,11.800622,EDR
10.632414,11.098874,EDR
11.274713,8.167615,EDR
10.753665,7.941071,EDR
13.605889,6.5642495,EDR
7.2937775,13.167594,EDR
12.306414,4.629363,EDR
12.072956,5.3979726,EDR
7.632097,6.259931,CB
10.492605,6.701327,CB
-10.582555,-0.4289895,EDR
9.838922,14.50204,EDR
11.709315,6.7765074,EDR
0.9073136,9.783448,CB
8.6591,3.7839317,CB
4.6280675,15.393526,EDR
18.690128,5.5132403,EDR
6.245176,15.773775,EDR
6.577524,-2.1603622,PEP
9.306272,7.8306713,CB
11.019585,5.4313,CB
5.7153163,15.909614,EDR
13.421666,9.58192,EDR
1.9579082,10.859923,EDR
7.468793,8.907869,CB
6.900677,16.136963,EDR
6.7343116,11.822804,EDR
13.653906,13.79151,EDR
11.696851,13.408595,EDR
19.336727,3.639955,EDR
4.1400304,0.33711907,CB
7.3373594,12.928939,EDR
16.058651,10.591613,EDR
-10.459478,-0.5652689,EDR
2.868849,15.247658,EDR
5.575645,6.986459,CB
1.2648445,11.636026,EDR
14.469239,8.773799,EDR
-10.628299,-0.13419789,EDR
2.365472,13.796322,EDR
13.287767,7.4246755,EDR
9.209834,7.9342365,EDR
11.623432,14.055704,EDR
12.642076,9.013566,EDR
15.261487,6.8175545,EDR
16.626177,10.801714,EDR
12.187495,8.761931,EDR
15.066616,1.0499713,EDR
12.872381,12.833981,EDR
8.136234,1.3734372,CB
8.410056,15.560863,EDR
5.930693,11.312667,CB
13.682973,14.74163,EDR
4.111265,8.625968,CB
6.488475,2.9074123,CB
11.435348,10.6032,EDR
9.987147,6.878979,EDR
8.007047,11.990342,EDR
0.17583238,12.728879,EDR
11.345504,9.879688,EDR
7.3521576,9.893739,CB
10.355458,4.7059684,CB
8.944303,-3.4730306,PEP
10.621764,1.6765072,CB
19.131754,4.6579185,EDR
9.021255,12.293679,EDR
18.393967,5.1552477,EDR
-10.440039,-0.1740772,EDR
8.237106,4.860571,CB
-10.319425,-0.59133565,EDR
12.892345,2.3696685,EDR
2.8137596,12.157287,EDR
10.792435,8.528812,EDR
5.163561,2.6308503,CB
14.798653,1.9128174,EDR
15.223637,1.2908608,EDR
13.34614,1.220054,EDR
4.868087,3.0134547,CB
8.995562,10.443279,EDR
5.427629,11.541785,CB
5.3635273,12.281144,EDR
11.1052685,5.1578007,CB
8.803479,4.201582,CB
15.616981,5.7120056,EDR
12.264678,9.685429,EDR
5.4034967,10.531752,CB
2.404491,4.5959463,CB
14.623622,11.523058,EDR
2.5104446,11.36242,CB
15.220517,5.312952,EDR
6.6960864,9.263663,CB
15.106406,11.732394,EDR
7.3483963,-4.5153522,PEP
1.5620528,9.351167,CB
15.641987,4.2180033,EDR
10.534176,12.539175,EDR
0.58273673,11.853759,EDR
4.213361,9.402598,CB
-10.773942,-1.371742,EDR
11.605833,7.872695,EDR
5.7513237,9.949067,CB
13.020397,4.1661735,EDR
8.15008,7.159728,CB
7.7429013,1.5937487,CB
11.761818,15.446831,EDR
4.49036,13.041241,EDR
6.685092,14.352948,EDR
17.051281,1.1369091,EDR
9.865327,-1.6908336,CB
10.408518,13.441901,EDR
5.9384317,1.9649204,CB
6.8029056,12.906606,EDR
13.40292,-0.87343824,CB
12.492966,-1.2739234,CB
5.264845,7.730894,CB
8.581154,-1.3197949,CB
5.673086,9.3717,CB
10.323604,11.008761,EDR
8.416483,0.65538627,CB
-10.744178,-0.79678845,EDR
17.858042,7.5143766,EDR
2.8202443,12.981102,EDR
13.53452,12.737901,EDR
11.88888,11.985558,EDR
-10.478769,-0.6852286,EDR
4.4867187,11.279449,CB
-10.792194,-0.80853766,EDR
9.5692,11.361395,EDR
4.0198307,8.041947,CB
0.5309738,13.53038,EDR
7.53815,0.5777939,CB
5.8018703,8.685918,CB
12.763894,5.9682903,EDR
0.46551493,12.978034,EDR
0.040687863,9.331875,CB
9.660335,10.043366,EDR
6.207095,4.0318418,CB
3.5499797,7.104144,CB
12.287664,9.632106,EDR
6.953701,16.345537,EDR
8.832582,16.428185,EDR
12.240528,7.4226165,EDR
6.6665235,0.9080312,CB
10.135186,14.2104645,EDR
10.504164,3.2954135,CB
14.333851,2.0218914,EDR
-10.2308035,-1.0298036,EDR
6.5052676,15.840385,EDR
6.578493,0.1990809,CB
11.152638,8.046827,EDR
2.6990516,13.53593,EDR
9.013984,2.8027084,CB
7.861505,8.803168,CB
10.99266,4.1313853,CB
6.5622525,12.375048,EDR
-11.009281,-0.6921617,EDR
8.386823,12.780642,EDR
13.032492,4.734291,EDR
9.687403,-2.0446134,CB
15.534191,7.905487,EDR
14.066347,4.271432,EDR
3.8857534,12.46647,CB
13.942514,9.337141,EDR
18.176006,6.5043144,EDR
10.277627,15.643849,EDR
8.3343,3.1551576,CB
11.0062065,-1.694283,CB
17.720661,3.1810822,EDR
2.6517582,10.085548,CB
15.957039,11.831692,EDR
10.588762,12.69639,EDR
3.6639235,9.987993,CB
8.576003,8.103063,CB
14.982783,0.625075,EDR
2.2557259,10.944812,CB
4.417154,11.799211,CB
9.828422,13.169953,EDR
0.83480465,12.5029955,EDR
2.387891,7.425161,CB
6.50091,16.294992,EDR
5.37762,10.2061,CB
12.014351,12.891216,EDR
11.904168,1.563995,EDR
14.349858,11.483147,EDR
12.553716,13.35163,EDR
8.939179,8.7361355,EDR
8.82712,2.9041195,CB
19.264906,3.0066144,EDR
9.421705,7.1043305,CB
8.620455,-0.28360954,CB
7.2980094,2.4343693,CB
7.918788,13.317013,EDR
4.1333194,10.372642,CB
4.3395066,13.065347,EDR
10.274997,1.7434342,CB
7.9027734,6.066898,CB
8.405732,-2.51086,PEP
8.267062,9.263677,CB
11.436685,10.846383,EDR
15.56368,11.098768,EDR
13.939586,1.4292052,EDR
4.189675,7.0846753,CB
2.4542868,7.7700515,CB
8.602273,11.154283,EDR
10.255824,7.7956433,EDR
-0.059575554,9.570136,EDR
3.7888677,1.2508624,CB
3.148844,12.808233,EDR
6.947417,-1.4355497,CB
5.5207973,0.63641554,CB
16.3737,9.787401,EDR
8.849911,13.44193,EDR
11.798692,13.287909,EDR
11.455479,7.0575213,EDR
4.0152497,13.641357,EDR
5.4101167,2.2876437,CB
7.9450927,13.276953,EDR
9.419629,7.68685,EDR
13.313925,11.706103,EDR
15.965219,11.013906,EDR
14.987492,3.8037164,EDR
7.500127,4.1074824,CB
5.8419437,4.2220006,CB
7.7011166,7.0089,CB
15.191339,0.34206557,EDR
8.534446,13.759983,EDR
7.485347,1.2091535,CB
14.520629,14.012301,EDR
7.705965,1.8612903,CB
7.7841377,-2.6566725,PEP
16.749592,10.194847,EDR
5.89366,6.121439,CB
12.2684765,7.4518576,EDR
12.017928,1.7889524,EDR
-10.789189,-1.2686723,EDR
14.39903,7.277287,EDR
7.559903,11.29759,EDR
1.5800489,12.953071,EDR
6.5533032,8.871873,CB
2.7736933,13.254963,EDR
3.714982,2.5366201,CB
0.6369111,7.509074,CB
15.670813,10.639761,EDR
0.6543719,12.191781,EDR
10.394701,14.267247,EDR
1.9500647,11.431225,EDR
14.880199,9.839252,EDR
-10.4554205,-1.4957571,EDR
16.040874,11.714963,EDR
1.8864256,13.347238,EDR
14.760878,4.723737,EDR
5.4680753,11.879025,EDR
11.832047,11.863859,EDR
7.9314637,10.81892,EDR
2.096324,9.324078,CB
8.696088,5.651281,CB
4.115512,14.534631,EDR
9.21232,10.615292,EDR
9.233073,2.5541315,CB
7.3367496,8.579752,CB
12.212593,13.726071,EDR
15.069832,11.3239,EDR
12.782905,1.1655898,EDR
5.788278,2.753962,CB
7.6170893,-2.0436585,PEP
13.410909,-1.6790127,CB
8.542659,5.375269,CB
11.554272,-2.2799785,CB
4.4619017,13.892063,EDR
7.2120943,4.089611,CB
7.049192,2.283964,CB
11.723611,12.226082,EDR
13.736055,11.428369,EDR
10.437313,2.6056697,CB
9.174137,10.002255,EDR
8.253712,3.6628993,CB
6.0856504,0.9579174,CB
6.618632,8.372795,CB
12.957128,-0.5892378,CB
5.1877317,0.98194623,CB
0.8634026,12.620798,EDR
13.303994,10.108141,EDR
15.569491,4.723211,EDR
3.231812,13.526071,EDR
6.6070986,9.220588,CB
6.9411306,-2.0790818,CB
10.188965,10.463312,EDR
17.102713,6.821876,EDR
2.1403635,14.235802,EDR
8.338835,11.035576,EDR
4.753733,5.2738295,CB
10.485717,4.804758,CB
5.8255014,11.688789,EDR
8.724541,0.37925795,CB
3.929377,4.6433315,CB
8.383531,7.237173,CB
10.056188,0.051523186,CB
6.7030005,16.28199,EDR
14.536238,14.19013,EDR
13.679817,12.804254,EDR
15.785574,4.5781755,EDR
8.615397,16.550959,EDR
9.943037,7.059759,CB
5.229656,16.28861,EDR
14.73672,9.557182,EDR
8.179,11.509708,EDR
14.277748,6.985107,EDR
18.589285,5.0320063,EDR
13.647987,10.189566,EDR
9.285918,8.278669,CB
2.318543,11.260857,EDR
1.015154,12.920256,EDR
7.9178767,0.19741431,CB
13.304182,12.556421,EDR
14.299816,4.9731894,EDR
7.0392795,2.6497605,CB
8.136301,11.16789,EDR
4.478957,10.023607,CB
14.935343,14.079122,EDR
11.879857,6.943297,EDR
15.8907585,5.259588,EDR
10.253765,1.6918743,CB
9.326322,7.8069286,CB
-10.281566,-0.6710278,EDR
11.468426,-3.0410733,CB
12.500179,8.920365,EDR
11.038695,12.013272,EDR
2.0984738,13.177567,EDR
7.0384693,6.7137475,CB
11.221364,1.6523913,EDR
6.2956944,9.056539,CB
1.9539367,12.363671,EDR
5.2312026,6.6188126,CB
12.342396,7.2339077,EDR
13.874753,4.864629,EDR
12.133703,13.443338,EDR
4.568175,3.149348,CB
9.345836,-0.44164693,CB
7.111676,9.065729,CB
8.475741,5.839067,CB
18.545885,4.5374413,EDR
3.290719,13.183849,EDR
15.4471035,12.2772875,EDR
5.4149303,-0.6912117,CB
2.2240222,6.538656,CB
2.537466,14.652852,EDR
9.782266,-1.332912,CB
4.864783,7.5356183,CB
1.5140637,13.622418,EDR
18.579523,5.91475,EDR
1.6134624,11.925295,EDR
11.574893,2.4190319,EDR
4.485218,15.81686,EDR
6.5854034,1.4899002,CB
14.192934,9.215255,EDR
11.313649,11.947868,EDR
6.122239,12.610653,EDR
7.338598,-4.4552655,PEP
15.43313,8.993216,EDR
14.658654,12.567481,EDR
7.53164,10.52502,CB
10.848668,-3.1523118,PEP
10.894284,0.18427923,CB
10.660321,4.312873,CB
4.118425,5.3968987,CB
7.4090877,6.802373,CB
16.869257,1.039586,EDR
-10.148818,-1.2952859,EDR
13.874971,5.2974644,EDR
6.497213,0.15054806,CB
8.793056,1.391767,CB
15.169442,3.945835,EDR
15.030805,6.93099,EDR
9.240527,11.285226,EDR
3.2461753,14.818454,EDR
7.1276054,13.838235,EDR
7.9891753,7.772465,CB
10.434214,1.6053727,CB
10.128909,1.0576942,CB
10.627116,10.042417,EDR
6.3814783,12.26066,EDR
7.1510305,3.5292299,CB
10.499874,5.5333977,CB
7.198716,-2.4753,PEP
4.8455353,16.079584,EDR
13.638503,10.993485,EDR
1.2103071,8.815525,CB
16.73907,5.682313,EDR
9.080664,13.999179,EDR
6.837823,16.437273,EDR
3.4067528,11.694748,EDR
15.893869,6.5022454,EDR
12.948572,1.7485034,EDR
8.900091,7.4425,CB
6.8383207,6.7603574,CB
6.333026,4.4116826,CB
8.6484585,7.4413233,CB
7.2217436,5.9594927,CB
5.435429,3.7194333,CB
8.731844,8.263239,CB
1.1732588,7.1288714,CB
17.016333,4.4495006,EDR
16.40922,4.968202,EDR
5.403179,5.1496196,CB
2.5669742,12.878533,EDR
17.08586,1.2819359,EDR
9.654437,-0.42371416,CB
-10.262351,-1.2768599,EDR
-9.658218,-1.0295838,EDR
8.987784,5.0919714,CB
8.334357,3.9141917,CB
7.038414,-3.9889567,PEP
15.307478,10.259453,EDR
1.16837,6.7413235,CB
11.886281,5.3496904,EDR
14.9724655,3.3984773,EDR
8.645431,16.354733,EDR
9.538593,-2.107314,CB
15.169088,7.239669,EDR
12.130667,4.8251066,EDR
11.688562,0.4707632,CB
1.7513942,11.792027,EDR
8.547347,-3.733247,PEP
0.26935932,11.619924,EDR
8.16563,4.9918704,CB
8.197232,9.455327,CB
6.3556275,4.1318965,CB
5.108216,-0.096132874,CB
0.809651,10.104604,EDR
5.1260676,0.43478966,CB
10.456768,-2.9632964,PEP
8.377484,11.686373,EDR
5.4865255,8.185182,CB
2.033564,12.023879,EDR
6.5454435,12.26405,EDR
3.6292722,13.043325,EDR
-10.744048,-1.2684658,EDR
8.002279,6.9445214,CB
19.432999,4.958129,EDR
14.198375,8.323604,EDR
1.7287835,8.059324,CB
5.592223,12.418515,EDR
10.143119,8.800799,EDR
-10.47118,-0.5934346,EDR
13.707151,4.974647,EDR
19.054543,6.0763,EDR
6.948243,-2.2152345,PEP
8.119141,16.071148,EDR
10.865629,0.5050781,CB
5.9515176,8.807993,CB
9.428071,6.8598137,CB
9.174233,8.953003,EDR
10.006949,14.18132,EDR
3.4303117,12.324761,EDR
17.052095,9.825688,EDR
12.927105,4.4393954,EDR
10.77727,10.557262,EDR
2.98276,10.270382,CB
8.61523,7.9911485,CB
12.068527,0.5071588,CB
9.453654,4.571729,CB
4.5002,-0.36164284,CB
8.730123,8.919363,CB
-9.836601,-1.2696022,EDR
3.727969,6.4419436,CB
10.7307825,8.830582,EDR
13.423066,3.384205,EDR
10.737827,8.327459,EDR
8.558481,3.2820423,CB
8.735504,0.66918707,CB
6.7789207,11.396611,EDR
6.0104556,13.388604,EDR
6.218209,3.1513352,CB
10.74503,-0.75399256,CB
14.062551,7.8593235,EDR
3.9588828,5.03003,CB
18.554651,3.9836667,EDR
11.2797575,1.945071,EDR
11.895862,11.438404,EDR
6.082791,7.635553,CB
9.236394,-0.2976123,CB
15.988254,7.885357,EDR
4.5178685,13.511277,EDR
11.047791,10.193395,EDR
12.199692,5.113114,EDR
15.916797,2.8565059,EDR
1.2232383,12.698501,EDR
5.611553,1.5867676,CB
-10.782181,-0.90362936,EDR
12.631653,-2.1069613,CB
12.026543,-3.5159597,PEP
3.460453,12.866619,CB
18.942314,3.9034789,EDR
6.851052,15.819151,EDR
11.389958,8.616242,EDR
4.066738,14.325224,EDR
17.62078,8.288786,EDR
10.021989,12.0088415,EDR
7.2312527,13.955366,EDR
9.406674,14.335493,EDR
19.374216,3.9201772,EDR
12.442969,-0.7512427,CB
2.600793,5.211823,CB
5.767847,4.7012506,CB
16.021353,12.882455,EDR
11.281108,13.693434,EDR
11.73772,8.65123,EDR
6.3029313,16.228065,EDR
15.205102,7.8462358,EDR
7.9560137,2.3129601,CB
16.678629,4.5550327,EDR
8.35372,13.3640585,EDR
13.302489,9.5907755,EDR
18.645475,1.6855237,EDR
10.8084545,1.8234837,CB
9.821363,0.5347028,CB
9.900669,12.110946,EDR
16.431154,10.115195,EDR
7.7093334,9.668852,CB
17.14298,2.5430155,EDR
16.635078,10.973566,EDR
7.215489,-1.0160134,CB
1.881807,13.626065,EDR
5.693096,5.5540867,CB
7.3511605,11.458513,EDR
8.082136,11.360212,EDR
8.17894,12.671415,EDR
15.13736,9.289084,EDR
9.732302,9.121,EDR
4.698328,4.353089,CB
2.0621479,12.693962,EDR
10.090898,9.792036,EDR
6.398362,1.8094043,CB
15.261723,9.31406,EDR
6.3448815,3.9016907,CB
17.748253,1.8331817,EDR
5.6793094,4.311623,CB
10.619189,3.438481,CB
7.1920795,3.1619418,CB
3.1873982,8.028981,CB
12.988757,15.653484,EDR
1.1688566,9.185215,CB
4.962678,10.708015,CB
10.684486,-2.3301384,CB
18.319807,2.2122266,EDR
5.1950946,12.988629,EDR
11.325425,10.84832,EDR
7.312884,13.320909,EDR
14.468868,10.90464,EDR
7.1439557,10.697335,CB
12.359196,8.841841,EDR
8.521403,1.8316984,CB
5.227208,9.399457,CB
6.4363656,-0.7935873,CB
2.7292778,12.32953,EDR
14.615219,1.6271051,EDR
1.4734932,13.40086,EDR
-10.339249,-1.5377637,EDR
-10.381243,-1.240753,EDR
5.6157956,16.364967,EDR
15.269148,10.025234,EDR
13.281171,2.512298,EDR
6.755319,4.344973,CB
7.089409,10.697485,CB
0.49275666,12.036521,EDR
2.952105,5.0408163,CB
6.6403832,2.3455985,CB
5.539422,-1.1445379,CB
-10.69723,-0.15930441,EDR
19.258541,4.5013614,EDR
12.096994,-1.518369,CB
3.4552193,10.203135,CB
5.321115,0.065210104,CB
4.157019,0.39229643,CB
4.177372,11.496905,CB
9.393836,4.0743136,CB
12.038484,-2.327558,CB
10.751633,0.7245772,CB
5.363059,9.3342905,CB
14.252182,4.588961,EDR
5.392658,5.0703287,CB
13.865352,11.022953,EDR
3.0464396,12.947347,EDR
3.903521,13.629674,EDR
9.334113,5.079542,CB
13.01495,11.350396,EDR
15.575539,1.172115,EDR
6.321505,10.604684,CB
12.031669,12.567683,EDR
4.3332796,7.0441337,CB
2.751164,11.926783,EDR
9.077278,-2.2276883,PEP
16.74849,6.2228575,EDR
15.789329,6.7010436,EDR
11.494929,10.68618,EDR
8.76162,11.409974,EDR
15.440495,11.852232,EDR
8.839289,8.62049,CB
16.682465,10.852466,EDR
13.160717,4.3405075,EDR
1.7450669,14.6359,EDR
17.224207,1.4917674,EDR
10.675085,4.138376,CB
8.681632,4.277674,CB
10.104897,10.516062,EDR
5.423523,8.514306,CB
13.49531,2.141912,EDR
17.676096,6.431595,EDR
2.1479423,13.701826,EDR
12.952966,6.8772435,EDR
15.004597,14.143213,EDR
4.0509076,9.94329,CB
6.076379,10.478592,CB
10.787999,2.7808266,CB
11.210881,2.0430946,CB
-10.97981,-0.5846156,EDR
8.091377,14.154086,EDR
16.319454,12.002413,EDR
14.218055,2.5562055,EDR
5.882993,11.819067,EDR
4.0753098,15.201366,EDR
8.043044,9.12274,CB
4.406784,12.777594,EDR
5.430221,11.623465,CB
16.874779,11.71844,EDR
9.551715,4.7580004,CB
9.459028,10.725465,EDR
13.131358,2.5989969,EDR
13.529718,11.374106,EDR
3.634132,1.6153536,CB
17.844965,2.6091044,EDR
2.139348,11.32922,EDR
7.1213512,15.210778,EDR
7.6072674,9.329302,CB
10.72685,7.849993,EDR
13.779264,4.3755145,EDR
2.9774933,8.6437235,CB
9.183133,14.909791,EDR
10.605299,8.237884,EDR
15.443123,5.488176,EDR
6.947476,2.5653343,CB
10.107722,12.881541,EDR
15.497895,8.069757,EDR
16.699581,10.438906,EDR
10.012673,13.182758,EDR
12.53444,7.249422,EDR
14.194919,13.6248,EDR
12.4666195,1.9156026,EDR
11.985888,7.0409746,EDR
4.625572,5.77491,CB
14.154035,3.7081745,EDR
10.156826,-3.2799504,PEP
15.99178,10.239743,EDR
11.131031,7.538374,EDR
13.441492,6.182862,EDR
8.334152,12.326471,EDR
9.660892,16.276789,EDR
7.386387,9.959399,CB
12.362311,-1.3334492,CB
2.9676287,5.8676815,CB
3.1333828,7.773808,CB
13.12657,8.929723,EDR
6.1403832,8.625949,CB
15.80158,11.408467,EDR
13.871413,6.6316814,EDR
13.474427,14.114162,EDR
12.368252,11.162167,EDR
4.5243235,6.4214625,CB
9.607783,1.8974869,CB
10.865631,0.4352248,CB
3.5252,3.249191,CB
6.675075,14.703525,EDR
14.07228,4.700237,EDR
8.998227,5.3633275,CB
5.1885066,2.563372,CB
16.957136,11.546228,EDR
15.384552,9.889005,EDR
4.516135,3.3444276,CB
10.202649,16.032387,EDR
6.0521274,6.5428743,CB
6.551046,3.247814,CB
8.643687,9.963676,CB
3.079335,13.712494,EDR
11.418642,13.917667,EDR
6.3921876,12.770712,EDR
1.1055652,6.1245337,CB
13.380488,10.046214,EDR
2.5494514,4.266031,CB
7.500078,5.166796,CB
12.52429,10.378552,EDR
12.875679,11.4323015,EDR
-10.994505,-0.3227752,EDR
10.993906,2.3410869,EDR
3.1341026,8.812196,CB
15.887304,8.891963,EDR
13.324116,14.338352,EDR
4.2362475,14.469971,EDR
2.7970366,3.8998892,CB
6.420666,8.522819,CB
5.224805,-1.0527505,CB
12.003546,13.540865,EDR
12.484013,2.0120313,EDR
14.611415,4.097202,EDR
11.707805,15.311746,EDR
14.34126,7.77925,EDR
6.095549,7.6447306,CB
3.4106627,11.527323,EDR
3.5287309,9.083373,CB
15.613663,12.445108,EDR
4.680737,13.129893,EDR
3.1928046,13.771579,EDR
4.921897,3.3128417,CB
15.670238,2.784833,EDR
7.259572,11.400345,EDR
11.606481,13.198589,EDR
-11.134123,-1.5216014,EDR
14.419791,2.1481314,EDR
4.7547245,5.6048784,CB
14.436973,14.176113,EDR
4.290689,11.49896,CB
4.595367,-0.5037737,CB
-10.206802,-0.83878356,EDR
6.7331347,12.779225,EDR
6.2139616,7.955838,CB
9.914516,9.636898,EDR
2.695407,14.14447,EDR
7.235778,14.201975,EDR
2.872502,14.228156,EDR
14.724736,2.5598438,EDR
13.827104,10.3500805,EDR
14.971398,8.853975,EDR
4.2120833,2.5197802,CB
8.181696,4.2312593,CB
13.826603,7.198022,EDR
13.998182,9.995617,EDR
3.0910852,15.160963,EDR
14.333934,11.710361,EDR
14.448498,2.4218469,EDR
4.4535165,11.780676,EDR
4.130314,10.713391,CB
16.094645,6.6975684,EDR
10.191833,-1.6650704,CB
16.418621,2.529493,EDR
13.625599,6.177417,EDR
12.937535,8.899022,EDR
4.8797297,1.8329743,CB
12.226003,8.329261,EDR
2.7543645,4.2142324,CB
-9.695402,-0.57876235,EDR
3.9953191,10.350444,CB
11.5150385,2.0032473,EDR
0.9379192,13.092148,EDR
14.92471,5.141106,EDR
5.41421,-0.73642015,CB
9.842158,-3.757891,PEP
5.927958,14.686448,EDR
11.991767,4.8220325,EDR
13.657847,-0.90780175,CB
10.435639,0.94044465,CB
9.4639845,5.076983,CB
14.574703,-0.8683587,CB
2.5907123,12.240839,EDR
12.799178,-1.7514197,CB
15.723146,5.058726,EDR
5.040014,0.715483,CB
14.894517,5.285397,EDR
6.9210067,14.898371,EDR
7.0858,10.930484,CB
11.341503,10.421633,EDR
2.300858,12.547217,EDR
5.4802656,4.71909,CB
16.704018,5.293106,EDR
7.215605,12.461224,EDR
8.5848675,10.8407955,EDR
7.326805,3.7936819,CB
16.93105,9.241632,EDR
17.283272,7.2409234,EDR
3.7437966,9.675418,CB
5.478875,8.189988,CB
13.838549,13.511651,EDR
11.947426,0.29479617,CB
-10.400166,-1.5368823,EDR
11.359853,-3.2758048,PEP
4.571244,13.575596,EDR
12.6866045,15.259917,EDR
3.6111062,6.192018,CB
-10.579058,-1.0245901,EDR
1.7763321,13.371903,EDR
7.930646,6.7823663,CB
7.9376073,6.640869,CB
1.4131777,8.064002,CB
5.2625775,2.912573,CB
8.174025,0.25562352,CB
9.203677,6.0396605,CB
7.357594,9.492062,CB
6.4239445,6.072263,CB
13.944277,13.708847,EDR
8.649192,-1.0445231,CB
7.292881,11.861217,EDR
6.8431983,8.701125,CB
10.082191,13.493677,EDR
12.054182,10.691057,EDR
6.3846793,17.088655,EDR
12.942604,5.2644196,EDR
9.455219,0.49921152,CB
4.0158954,6.140757,CB
5.152767,9.891888,CB
11.715998,8.312682,EDR
12.976854,5.2042904,EDR
14.017126,12.297935,EDR
2.6338832,13.729376,EDR
15.916348,12.49654,EDR
13.393491,2.114843,EDR
9.058385,16.424545,EDR
13.909454,9.597663,EDR
9.213424,13.070862,EDR
15.232783,0.33779797,CB
15.517338,11.91746,EDR
2.0817204,13.954977,EDR
12.996705,7.3244953,EDR
15.911422,10.681049,EDR
16.203035,7.0493636,EDR
10.36448,10.803697,EDR
16.804111,7.2686834,EDR
14.889219,6.9211125,EDR
8.794064,11.653691,EDR
6.292068,6.533413,CB
10.926913,8.638723,EDR
4.727776,9.263053,CB
3.1002653,4.834293,CB
4.711911,2.3564894,CB
9.222855,3.2800071,CB
14.376873,7.148101,EDR
4.8988943,13.222557,EDR
15.369969,2.9644454,EDR
2.3668602,8.960008,CB
15.736271,10.381108,EDR
10.213256,6.015474,CB
1.810635,8.758912,CB
8.060239,9.615516,CB
10.631218,7.485031,EDR
9.8652,-2.774532,PEP
-9.764305,-1.2560132,EDR
9.859505,5.22274,CB
1.3963792,9.74405,CB
9.7800255,4.798301,CB
14.120801,8.916588,EDR
5.998403,10.27974,CB
8.793984,9.755731,CB
8.410139,6.3773866,CB
3.1692133,15.114058,EDR
12.791649,4.4427056,EDR
11.951743,4.808395,CB
13.1456175,9.4414625,EDR
12.157304,11.534201,EDR
17.40869,9.027059,EDR
8.572063,7.592013,CB
10.789495,-1.8881081,CB
13.471038,4.452899,EDR
5.761868,12.003107,EDR
3.077531,8.661176,CB
6.75076,1.9207892,CB
7.125229,10.467602,CB
12.750966,5.699607,EDR
2.6082156,13.769626,EDR
5.129725,14.416791,EDR
3.472249,8.387443,CB
15.862023,12.587313,EDR
4.5365624,-0.16162017,CB
-10.346827,-0.44859773,EDR
-10.094463,-0.7299172,EDR
10.671967,2.9801195,CB
19.338205,3.3067255,EDR
13.401686,11.397803,EDR
3.0290494,2.0725207,CB
3.6998816,4.254167,CB
3.4436061,7.7429276,CB
12.750144,-0.43638954,CB
12.358556,2.887846,EDR
7.2096143,11.94059,EDR
5.6396723,8.2012205,CB
2.9479182,8.785653,CB
11.90612,11.971112,EDR
14.21503,7.8964143,EDR
11.978517,7.109643,EDR
8.4951315,1.4756778,CB
11.886498,-0.42628878,CB
10.974831,-1.7506558,CB
3.2644491,10.475194,CB
12.902785,14.798198,EDR
5.710269,0.37713793,CB
4.6537676,4.692494,CB
13.1300125,3.2744586,EDR
15.202252,11.206251,EDR
8.485048,4.1738043,CB
8.204672,3.057854,CB
12.686031,6.365254,EDR
6.4956055,2.2211573,CB
16.409029,10.237827,EDR
11.083526,3.7588716,CB
5.008497,13.007228,EDR
7.6983075,14.930627,EDR
12.4015465,0.6799064,CB
6.6796308,16.24862,EDR
18.88297,3.7256973,EDR
4.776498,11.855546,CB
6.961919,8.323986,CB
17.130743,7.057338,EDR
4.472057,9.534553,CB
15.384801,11.145913,EDR
11.708157,14.9059305,EDR
11.825367,7.0008535,EDR
10.8914585,-2.275965,CB
2.8685236,15.107694,EDR
1.3759048,7.3295846,CB
13.849064,-0.83028233,CB
11.963106,1.4770883,EDR
11.065074,10.806049,EDR
12.481686,4.6844826,EDR
10.196305,-0.40056875,CB
10.473995,12.795275,EDR
11.494255,14.22351,EDR
14.99501,1.0667797,EDR
13.816669,3.2709506,EDR
4.2693725,5.8220053,CB
5.303075,8.534842,CB
3.137814,10.204391,CB
13.868095,5.1650124,EDR
11.190873,8.854502,EDR
8.035419,6.75874,CB
11.511094,3.7219296,EDR
7.7619004,12.492465,EDR
19.142015,2.962325,EDR
6.612827,0.3465397,CB
9.94548,13.366396,EDR
9.23132,12.901493,EDR
3.4949121,13.745577,EDR
8.98121,10.546381,EDR
6.872171,7.1011596,CB
14.651519,7.203267,EDR
7.5346403,5.8781505,CB
9.805439,11.596034,EDR
-9.777811,-0.90868217,EDR
6.3387494,14.754727,EDR
11.175281,3.7495153,CB
6.0130067,0.5690505,CB
8.639473,7.2620482,CB
12.694074,-1.4684459,CB
13.653366,5.7147975,EDR
7.751903,6.4091253,CB
3.4322817,11.311185,CB
8.36146,-0.1570245,CB
15.18476,9.539603,EDR
10.8379545,5.57937,CB
17.104195,11.202047,EDR
5.6384845,4.7717023,CB
4.6109962,4.608829,CB
5.839223,14.582399,EDR
1.2886248,14.319829,EDR
11.755093,12.976514,EDR
18.795774,6.3898797,EDR
15.480506,9.7599535,EDR
-10.066508,-0.2619693,EDR
5.718355,15.50053,EDR
11.494862,5.949083,CB
6.6531296,12.333762,EDR
9.534243,14.961949,EDR
7.800602,0.4727629,CB
6.498604,-0.01806851,CB
-0.118449315,11.386476,EDR
6.7747216,8.842646,CB
13.208806,4.4585204,EDR
10.584911,13.594929,EDR
4.698721,2.7923937,CB
8.173188,3.91619,CB
5.399771,10.068156,CB
17.082905,1.1770886,EDR
7.326647,7.6153374,CB
3.5831704,4.4771595,CB
13.662011,7.4077373,EDR
7.2974353,13.929591,EDR
7.5301023,7.0582294,CB
12.185016,10.699669,EDR
-10.08625,-0.7384782,EDR
5.2898126,11.115254,CB
3.8994486,9.7246,CB
4.4414225,13.828411,EDR
10.692177,10.585099,EDR
15.219994,4.2577815,EDR
6.990707,15.978917,EDR
6.6093445,4.5799994,CB
14.085087,10.254753,EDR
2.0575926,11.896221,EDR
8.637675,7.342629,CB
14.144329,8.196032,EDR
0.47232646,7.9297185,CB
8.616488,10.976462,EDR
3.6468587,6.8866625,CB
3.6689773,11.378438,CB
7.0696516,-0.18538886,CB
2.9075816,11.220776,EDR
2.9864478,10.332991,CB
4.602131,6.8405294,CB
0.2730857,11.159444,EDR
10.732051,13.773439,EDR
10.017796,8.4221,EDR
3.780014,1.5281862,CB
17.237057,9.210648,EDR
10.71481,-1.7857355,CB
13.480387,3.3597507,EDR
12.01444,3.065072,EDR
9.790106,10.121492,EDR
13.041967,7.2425385,EDR
10.8096285,-1.9630781,CB
1.5073261,9.718717,CB
5.0664387,1.1264201,CB
12.828465,12.073382,EDR
16.677052,9.522193,EDR
6.9762006,16.263353,EDR
11.534345,10.577088,EDR
2.7907462,9.008677,CB
10.885123,8.703996,EDR
14.721608,2.7101572,EDR
15.799959,3.7622042,EDR
7.4282246,7.8749337,CB
8.807729,4.117138,CB
7.299248,8.9010315,CB
11.493551,9.002734,EDR
7.4202886,2.7663014,CB
12.776491,6.6027007,EDR
11.733142,0.7581885,EDR
2.8583686,3.887576,CB
5.23251,10.020999,CB
7.966618,3.6226428,CB
6.528359,8.400516,CB
10.740535,8.132889,EDR
10.330366,1.8770102,CB
7.328504,5.015323,CB
17.170725,6.2995386,EDR
15.165131,13.8637295,EDR
9.6379795,-0.68013626,CB
16.042717,10.239719,EDR
5.709402,8.573961,CB
9.346216,5.765514,CB
8.605013,-1.1305645,CB
10.2114525,4.020949,CB
4.318088,10.811838,CB
17.295267,2.0570755,EDR
4.3359885,16.01169,EDR
6.3492312,15.763371,EDR
12.024611,-3.5270834,PEP
10.388665,12.63944,EDR
8.349872,8.136225,CB
13.552215,12.470461,EDR
12.954158,-0.7738966,CB
12.091672,1.1635604,EDR
9.993008,11.685209,EDR
0.98080444,13.65259,EDR
2.684909,12.6868515,EDR
10.646119,5.116089,CB
15.019115,7.6782017,EDR
4.241976,12.52331,CB
16.01574,9.397086,EDR
11.170918,14.047784,EDR
11.255356,5.6006446,CB
16.325819,7.253255,EDR
13.806635,14.448072,EDR
4.593577,12.572944,EDR
11.632095,6.803681,EDR
4.063523,5.8023415,CB
5.4041247,5.9543085,CB
6.945769,2.2763488,CB
4.333402,6.5622144,CB
3.6206384,4.264688,CB
8.896725,13.369064,EDR
7.7617903,12.04732,EDR
14.989822,-0.7544545,CB
13.809542,5.4645863,EDR
13.938692,14.073278,EDR
5.5591025,13.442966,EDR
7.5314703,5.064089,CB
17.058882,9.373764,EDR
12.008395,2.0289538,EDR
12.218085,8.99339,EDR
2.4635394,4.187065,CB
12.066625,1.8072484,EDR
11.174191,-2.9601736,CB
8.296286,11.396364,EDR
6.049716,7.5742183,CB
1.4048008,7.083352,CB
4.5620403,13.466294,EDR
6.7074604,7.6079545,CB
13.200414,4.2644143,EDR
10.149969,6.728928,CB
10.8104925,10.089716,EDR
15.455423,5.995411,EDR
4.5980067,9.337372,CB
6.8953037,16.16844,EDR
14.899313,0.33545312,CB
4.1855955,2.8855722,CB
4.5935965,10.338334,CB
3.1683886,13.878962,EDR
8.584499,5.607825,CB
6.5123305,3.0108218,CB
8.337266,14.776896,EDR
7.009783,9.7310295,CB
15.28784,11.4854555,EDR
-10.058776,-0.88300514,EDR
2.8512294,13.61527,EDR
9.965846,14.407164,EDR
3.006303,5.120664,CB
12.596387,4.953949,EDR
1.7402258,14.657986,EDR
3.072128,8.157533,CB
10.743112,2.284647,CB
7.221259,10.8353405,CB
12.880323,8.99556,EDR
11.998122,15.810044,EDR
14.123362,8.4136,EDR
4.495519,12.445671,EDR
1.3041583,6.5172195,CB
11.335907,4.292733,CB
16.198833,11.828922,EDR
16.753775,11.884129,EDR
10.19973,5.099036,CB
9.931682,6.486761,CB
4.6086626,15.0380125,EDR
14.855532,10.410532,EDR
9.412161,5.958446,CB
7.1104774,8.356858,CB
9.935864,5.6733603,CB
5.5175753,9.517894,CB
9.19399,14.844532,EDR
9.976698,3.0168784,CB
6.0821486,9.468857,CB
4.3451467,12.647383,EDR
13.476441,14.615114,EDR
4.633653,15.214344,EDR
17.360598,7.1550493,EDR
-9.686321,-0.6604875,EDR
6.5315166,3.6617222,CB
6.259461,8.561235,CB
18.912895,5.7864065,EDR
13.573195,3.3461783,EDR
6.4585733,13.317604,EDR
6.294615,2.11013,CB
6.3625083,14.073011,EDR
6.10731,-1.6191379,CB
10.402612,2.8549242,CB
9.111416,12.709783,EDR
3.4694986,13.72603,EDR
5.133602,8.958179,CB
12.409892,1.4214423,EDR
16.258703,12.83365,EDR
10.232894,2.208419,CB
10.564151,1.1663908,CB
9.792026,9.917568,EDR
17.042686,7.1338434,EDR
7.971392,0.23040827,CB
6.7081428,-2.0750833,CB
8.2326975,15.068097,EDR
14.240102,1.8091817,EDR
-9.675438,-1.1729839,EDR
6.222472,3.0799518,CB
4.9361596,5.6204863,CB
14.252491,4.123474,EDR
13.353579,1.2022766,EDR
8.490338,14.953061,EDR
1.2884238,11.721609,EDR
7.97932,13.408524,EDR
17.094503,9.419781,EDR
11.328212,-0.5328217,CB
15.463956,7.699614,EDR
13.235419,13.441054,EDR
12.091214,8.801774,EDR
14.965157,3.4611804,EDR
9.902765,1.3101667,CB
15.405238,9.981557,EDR
10.468826,0.7735832,CB
10.1828785,11.607953,EDR
7.5033984,0.6276991,CB
16.843996,4.75653,EDR
11.081502,-0.84498984,CB
4.088789,12.718086,CB
15.346492,11.4649315,EDR
6.854086,-1.3678256,CB
10.00056,0.6587899,CB
10.547538,-0.70125306,CB
5.0794525,7.520042,CB
12.776122,1.9312991,EDR
11.229206,10.996352,EDR
6.6737003,16.687536,EDR
-9.824743,-1.291478,EDR
17.018475,4.7304697,EDR
8.907526,3.4223776,CB
9.813551,3.1510048,CB
6.310246,15.868161,EDR
6.1456614,6.3492923,CB
12.674789,4.3534594,EDR
2.114769,9.902088,CB
9.230615,4.335475,CB
-0.008686807,11.229259,EDR
13.184319,7.6161427,EDR
3.685091,4.8734164,CB
8.05331,14.739659,EDR
9.837129,2.471032,CB
8.225254,13.215618,EDR
5.573507,6.0825515,CB
4.169673,6.806075,CB
9.507315,-2.5480292,PEP
-11.367454,-0.87081766,EDR
6.4007516,2.6435907,CB
3.371743,10.683743,CB
8.298878,8.930414,CB
3.7752202,4.0999956,CB
10.334591,15.432799,EDR
7.227123,4.5071254,CB
8.858196,12.845179,EDR
4.72505,4.7269106,CB
11.714209,15.015174,EDR
4.5475035,12.306071,EDR
9.73797,6.2082443,CB
11.469788,0.28130594,CB
11.18481,12.003164,EDR
3.6473734,7.9633927,CB
12.051716,2.9417152,EDR
11.633614,14.858118,EDR
5.0906854,0.7402098,CB
4.0673037,11.5654545,CB
15.006744,8.781775,EDR
0.035661086,10.07127,CB
5.8828535,9.258374,CB
5.9806533,8.784825,CB
10.020008,7.7755866,EDR
10.118575,14.609932,EDR
-10.343207,-1.1726049,EDR
4.792118,16.072067,EDR
13.034313,0.4330504,CB
4.9970374,11.828619,CB
12.061313,6.303293,EDR
18.290154,5.1940737,EDR
1.0912882,12.524533,EDR
3.332011,9.810205,CB
5.390005,0.3978742,CB
13.701055,10.625534,EDR
13.944558,-0.64314306,CB
4.669752,7.2177334,CB
7.5828433,2.1996782,CB
0.6022547,11.454366,EDR
13.3793125,3.3822322,EDR
9.097896,8.099863,CB
6.1699305,2.1340735,CB
0.28118032,12.460254,EDR
10.914159,9.482132,EDR
13.972916,10.73087,EDR
6.8201733,-1.4440925,CB
5.254604,16.289286,EDR
9.576868,5.0112643,CB
6.649209,-0.93905926,CB
15.2079,11.478105,EDR
7.0599093,8.538551,CB
6.7962,13.718661,EDR
13.357231,9.41153,EDR
14.490889,6.051823,EDR
5.4275923,6.8481092,CB
6.608028,7.054949,CB
10.816732,10.763782,EDR
8.552936,4.9786406,CB
5.198804,0.42610797,CB
9.155184,4.2965164,CB
2.730047,13.621895,EDR
13.812852,0.99394286,EDR
5.4815145,9.38007,CB
15.3345585,12.325345,EDR
5.351118,12.33345,EDR
12.108242,13.034975,EDR
8.138202,10.244624,EDR
10.236073,15.875666,EDR
18.116156,6.5811334,EDR
11.619717,15.007018,EDR
11.594474,12.165581,EDR
0.29474917,9.031451,EDR
12.652426,9.193895,EDR
10.98569,10.687534,EDR
13.050472,5.488714,EDR
13.444673,14.543439,EDR
8.682889,7.440866,CB
1.7693231,10.629662,EDR
15.477099,13.259787,EDR
17.97803,5.2984824,EDR
5.6338625,7.897424,CB
7.50311,4.064212,CB
6.9203906,12.483505,EDR
9.965328,10.474964,EDR
13.598598,14.050774,EDR
-10.098553,-0.62259007,EDR
9.9055,14.203048,EDR
6.9059844,-1.090073,CB
9.691592,11.141309,EDR
11.460442,8.032735,EDR
12.893182,-1.3475953,CB
3.061396,3.0029154,CB
0.48172456,13.192706,EDR
5.467406,13.669088,EDR
19.044516,4.898071,EDR
10.3737955,0.7358944,CB
8.82711,6.6053586,CB
4.0313487,10.605524,CB
10.467202,1.5299923,CB
4.1117043,7.761333,CB
0.509449,13.702818,EDR
16.912289,9.99286,EDR
11.954136,9.042585,EDR
4.993973,14.2224,EDR
8.639006,5.8405337,CB
14.563345,6.879674,EDR
7.269071,11.355072,EDR
4.8671193,13.318326,CB
11.3863535,10.315906,EDR
9.708282,6.051466,CB
9.776583,1.5491015,CB
4.493367,10.480534,CB
13.699961,4.7524858,EDR
4.7348742,1.4252659,CB
6.440257,10.694132,CB
6.4512014,8.295913,CB
5.3984194,7.7014823,CB
13.471976,9.30957,EDR
14.346285,4.3468437,EDR
6.102621,12.617547,EDR
-0.0337414,9.096272,CB
4.5885777,13.346593,EDR
4.5751405,2.6233268,CB
0.79131913,9.549248,EDR
7.773874,10.864686,EDR
10.324937,1.417079,CB
7.616653,13.280672,EDR
5.17425,12.978341,EDR
16.923658,10.469831,EDR
9.426966,8.997548,EDR
15.805445,3.0614896,EDR
8.629116,12.242526,EDR
9.741424,0.27623183,CB
8.988377,2.1988251,CB
11.513056,6.1323113,CB
11.496299,0.97907346,CB
-11.118882,-1.5061134,EDR
4.494502,14.494745,EDR
12.219046,11.407001,EDR
15.192407,4.656914,EDR
8.685268,7.7956424,CB
6.6220384,11.593472,EDR
11.198162,11.597794,EDR
4.050309,8.111191,CB
9.8913765,12.3599205,EDR
7.5928636,3.4849203,CB
13.598583,9.039117,EDR
10.391577,7.4229865,EDR
5.8107195,5.966636,CB
14.7251005,8.021584,EDR
14.14796,5.851264,EDR
-9.962372,-0.9921072,EDR
7.283343,13.149244,EDR
17.711521,7.144034,EDR
0.99707276,9.291508,CB
-10.709376,-1.1691263,EDR
9.342482,12.7322855,EDR
12.479801,12.347883,EDR
2.8986712,15.032272,EDR
15.872706,13.186597,EDR
5.433206,10.111153,CB
6.5626225,15.424175,EDR
13.503367,13.499165,EDR
6.54821,13.54317,EDR
4.4785504,15.973069,EDR
10.651158,7.5416613,EDR
9.691703,6.670368,CB
18.44484,5.264963,EDR
6.3546314,11.314523,CB
-10.86096,-1.2346957,EDR
11.593416,6.082246,EDR
11.474781,12.076836,EDR
12.422847,13.046923,EDR
16.831846,1.1078901,EDR
8.82309,4.8939896,CB
9.171661,5.0624146,CB
-10.850442,-0.6370709,EDR
7.785083,3.703222,CB
3.6567028,2.4409235,CB
5.228412,0.8900987,CB
9.155128,8.032535,CB
12.218956,3.1368566,EDR
6.4492736,15.462627,EDR
7.168627,12.937652,EDR
15.169727,3.9361634,EDR
14.9282675,5.177349,EDR
12.880006,9.839311,EDR
12.234981,5.7675233,EDR
11.994035,13.915199,EDR
14.010761,1.8898712,EDR
4.3743377,2.1613784,CB
14.873357,8.930589,EDR
1.4290931,12.319787,EDR
4.785972,2.7677028,CB
-10.268009,-0.5122587,EDR
13.414352,4.2144403,EDR
19.090233,6.3022804,EDR
4.1377625,5.3246436,CB
5.3337307,12.670473,EDR
8.04416,9.217078,CB
8.649203,5.477906,CB
17.127743,3.0304475,EDR
14.179078,13.266801,EDR
2.9843102,9.700309,CB
15.254741,10.114384,EDR
18.152973,2.8155718,EDR
14.894747,4.9361806,EDR
16.072071,3.2605956,EDR
14.262442,8.88485,EDR
3.484913,15.50005,EDR
13.024326,2.1827784,EDR
9.294245,13.210459,EDR
10.422261,4.89287,CB
17.652048,4.6080294,EDR
11.768916,4.216126,CB
12.023827,9.909272,EDR
6.846732,14.297012,EDR
7.590204,14.286874,EDR
1.1154978,9.565724,EDR
12.557563,-1.3379129,CB
1.6600962,13.559107,EDR
9.853694,6.362023,CB
5.1647463,4.9167204,CB
8.138808,13.330959,EDR
1.4395423,8.881034,CB
15.34482,2.6061423,EDR
21.453941,9.55911,CB
1.4406466,12.196785,EDR
8.020997,4.146706,CB
15.397619,13.011409,EDR
4.257441,10.584856,CB
9.79888,-1.4398432,CB
10.025407,-4.0232215,PEP
10.790311,11.640918,EDR
13.110215,7.6321387,EDR
7.8788543,16.11701,EDR
10.761639,11.00313,EDR
5.8289895,15.7525,EDR
11.010997,7.6296797,EDR
5.066829,13.973436,EDR
2.3954897,14.25112,EDR
5.8143625,1.6691318,CB
-10.802159,-0.42701915,EDR
-0.040893465,11.39393,EDR
12.345519,-2.1029928,PEP
8.119199,12.92172,EDR
6.12484,10.620542,CB
8.001626,8.257769,CB
12.774174,2.3270345,EDR
14.430097,9.8223915,EDR
16.295555,7.354322,EDR
-10.148425,-1.5476989,EDR
8.447354,12.563639,EDR
5.89556,2.0115478,CB
7.225753,12.797914,EDR
4.375768,12.65476,CB
15.029484,1.4153427,EDR
10.249032,-2.8776877,PEP
9.733955,0.954625,CB
6.7900796,15.4411,EDR
11.860718,8.508448,EDR
13.254721,4.8307314,EDR
9.064282,14.089195,EDR
8.623266,8.474776,CB
11.9670925,8.512768,EDR
11.204288,7.07142,EDR
4.3416963,6.9265704,CB
3.5071757,3.5559416,CB
10.55328,-2.9382377,PEP
5.884725,15.084422,EDR
6.9107275,-1.1013256,CB
14.73729,11.562298,EDR
9.228452,-3.5772502,PEP
2.8838995,4.2908216,CB
12.558014,13.1373625,EDR
5.062103,2.659736,CB
10.284029,9.04807,EDR
4.0954475,4.5428567,CB
11.834272,8.641979,EDR
5.7859907,9.43062,CB
5.408109,9.809162,CB
7.943787,3.4416225,CB
13.084743,15.095162,EDR
2.9097102,9.720543,CB
8.128639,9.119154,CB
1.2852638,6.821344,CB
3.7455125,2.6480985,CB
3.7459145,1.6909995,CB
17.70693,6.005609,EDR
7.0406013,6.071653,CB
13.111396,8.406363,EDR
11.9052515,12.562704,EDR
14.3804455,13.017997,EDR
16.362814,1.7932633,EDR
7.5124006,14.364757,EDR
9.404108,2.1419091,CB
15.826401,13.4002075,EDR
14.598806,0.8689179,CB
13.41478,2.5818903,EDR
16.532759,1.6151395,EDR
11.675204,2.1156418,EDR
8.815334,-2.3389416,PEP
12.5342245,5.2484574,EDR
7.3764415,8.39379,CB
10.188294,8.1166115,EDR
14.783477,11.506184,EDR
1.8116208,12.2212,EDR
13.541648,-1.03977,CB
15.252454,6.2393603,EDR
11.660222,9.000906,EDR
14.282172,7.6557384,EDR
10.102219,-0.6696983,CB
10.390251,7.6866097,EDR
15.203641,11.171946,EDR
4.2080135,11.682761,EDR
14.859616,6.329634,EDR
15.210352,0.41967034,CB
5.8294115,15.269031,EDR
2.8816822,3.5965323,CB
9.92327,11.62091,EDR
7.840871,-0.3997375,CB
5.4551067,15.803009,EDR
9.405784,9.683991,EDR
10.540166,6.341589,CB
15.218834,14.124533,EDR
13.419699,0.7647791,EDR
12.65904,5.0040298,EDR
9.076887,0.7983775,CB
13.594337,5.931198,EDR
13.776376,14.81237,EDR
10.645066,5.915512,CB
10.93559,8.343645,EDR
12.495078,8.642569,EDR
11.803472,-2.6664596,CB
6.071211,5.1636686,CB
14.599563,11.774433,EDR
16.179161,8.557403,EDR
0.89134294,13.915242,EDR
19.315186,3.3075411,EDR
14.752009,7.2989006,EDR
6.8678427,8.437913,CB
9.095959,4.778145,CB
2.7274857,13.875453,EDR
9.356403,9.088457,CB
13.04906,3.0248988,EDR
12.473004,13.544819,EDR
10.967591,4.654596,CB
-11.054294,-0.5238454,EDR
6.7573714,16.942179,EDR
12.506731,11.370893,EDR
17.239277,10.719035,EDR
4.4352274,16.029089,EDR
6.875774,4.266193,CB
12.7666645,5.713221,EDR
14.188319,10.197771,EDR
13.835592,10.553737,EDR
5.3801684,8.503388,CB
8.232278,10.510907,EDR
15.53114,8.733916,EDR
13.657225,4.7878337,EDR
11.208105,-3.1236217,CB
13.082207,8.952195,EDR
15.678924,5.3126984,EDR
8.756065,9.36187,CB
9.04879,0.8546786,CB
9.78515,9.834864,EDR
7.5184245,16.829105,EDR
6.995065,1.2993047,CB
10.567539,10.180493,EDR
18.604294,5.6304646,EDR
15.81205,5.552703,EDR
10.332589,11.873641,EDR
0.44637287,13.662185,EDR
10.213013,10.4619255,EDR
4.6457615,6.99237,CB
11.581833,1.9434183,EDR
-10.614181,-1.6385309,EDR
14.760517,8.467605,EDR
10.089543,15.422223,EDR
9.394168,-3.4581869,PEP
4.4545302,3.1440012,CB
5.254773,10.00251,CB
-10.303926,-1.1494222,EDR
3.5893154,13.397042,EDR
11.701909,12.475982,EDR
8.000529,-1.8966664,PEP
15.836901,1.146375,EDR
11.641589,0.5644039,CB
7.0550017,15.88924,EDR
8.285321,10.092567,CB
12.833628,5.620273,EDR
5.655314,2.927207,CB
4.1597614,4.5549464,CB
7.34821,9.937928,CB
12.029751,12.32564,EDR
7.8398843,15.196171,EDR
6.1929665,14.340849,EDR
7.6979237,8.784481,CB
8.268985,5.8920155,CB
4.112495,2.8641703,CB
11.392869,-1.6819409,CB
9.9672785,-2.8961215,PEP
4.276326,15.511833,EDR
10.549076,10.763714,EDR
3.9011762,10.850031,CB
8.341914,10.316834,EDR
4.351216,9.409218,CB
5.195706,10.384233,CB
9.866548,5.820189,CB
10.621502,-3.290247,PEP
3.3339264,11.396576,CB
9.890567,1.606418,CB
2.6689975,8.449963,CB
4.785303,12.863906,EDR
8.308289,9.91611,CB
14.334047,6.6630836,EDR
11.606289,14.790989,EDR
11.854346,11.711327,EDR
-10.297723,-1.1870345,EDR
12.389177,-1.8415426,CB
15.228788,5.5677934,EDR
12.375756,-2.1688843,PEP
13.12949,3.32173,EDR
6.061658,7.052234,CB
7.0190554,1.2916851,CB
8.151669,10.787106,EDR
15.864005,9.025773,EDR
7.3565416,14.901865,EDR
4.8932185,5.360342,CB
12.775041,14.1286335,EDR
14.5255995,4.515353,EDR
16.348598,7.1847816,EDR
6.819479,11.470337,CB
10.848996,7.152336,EDR
9.744283,13.31885,EDR
12.041186,8.562646,EDR
19.163424,4.1824117,EDR
11.523731,12.298806,EDR
7.222263,16.53612,EDR
5.4218,11.075398,CB
7.8819165,7.7355604,CB
5.490992,12.021842,CB
2.3231173,7.0431023,CB
15.4779825,4.1834097,EDR
5.343123,-1.2793924,CB
2.023128,6.4558463,CB
5.8793764,-2.6518724,CB
8.702303,12.356345,EDR
6.287757,-1.7200902,CB
11.7491,1.4145703,EDR
14.263255,4.983631,EDR
2.8411136,8.826224,CB
7.2863235,-4.6069694,PEP
15.532189,1.2763796,EDR
7.8826447,1.1767913,CB
12.054999,-3.5173829,PEP
13.55165,7.9848185,EDR
11.696774,7.7024536,EDR
13.610854,11.252404,EDR
6.308776,-1.7054687,CB
10.896805,10.690988,EDR
9.024039,-0.7430638,CB
6.0083795,15.824911,EDR
10.214037,13.465804,EDR
7.9147525,1.7559363,CB
17.048271,1.816309,EDR
5.939908,0.119577385,CB
13.006614,3.3209698,EDR
2.8522255,13.049711,EDR
13.840373,8.996775,EDR
4.3177395,15.460171,EDR
6.1447525,-1.039365,CB
6.766091,9.623227,CB
9.488261,12.061607,EDR
11.364148,10.74364,EDR
17.809889,1.6776302,EDR
15.20297,5.252505,EDR
13.244616,12.199535,EDR
9.501921,-0.70069647,CB
3.4130356,10.287669,CB
9.0319605,-2.3065,PEP
3.7428412,8.154355,CB
3.4362648,1.56885,CB
15.9035845,7.694017,EDR
14.124027,3.1218116,EDR
7.5489297,4.432294,CB
8.570894,5.2446995,CB
0.14022848,8.315267,CB
3.3897004,12.909782,EDR
8.1825285,11.115256,EDR
10.156368,7.2987556,CB
18.741243,6.128053,EDR
6.727303,-0.68772596,CB
8.638481,5.7053227,CB
6.4570994,-0.07347785,CB
1.071473,6.24107,CB
4.952672,2.6164134,CB
7.4440765,8.486305,CB
7.2283497,11.143643,EDR
7.5601335,5.2539053,CB
13.950886,2.4998639,EDR
8.07721,6.952438,CB
3.8056343,14.325576,EDR
8.09931,4.6800127,CB
12.061953,15.6086035,EDR
2.5206378,11.707462,CB
21.422644,9.523973,CB
15.336792,11.233778,EDR
4.9199233,6.564537,CB
13.539995,1.5218239,EDR
-0.01298198,11.0464945,EDR
16.240105,1.2897412,EDR
6.263609,10.469199,CB
13.430822,-1.0398327,CB
12.172674,1.8232867,EDR
4.8979387,4.257568,CB
6.599739,6.147674,CB
7.509853,-4.004128,PEP
9.289049,13.426769,EDR
11.263649,10.581458,EDR
3.7160184,7.419893,CB
11.782093,0.66700995,CB
13.410235,12.986969,EDR
4.731967,9.08417,CB
15.710511,9.773529,EDR
7.729016,-2.9010563,PEP
9.578138,8.33265,EDR
4.284383,14.377889,EDR
7.725683,6.910172,CB
0.8393033,9.768781,EDR
6.2785077,15.298345,EDR
12.386875,11.008906,EDR
12.472954,11.413605,EDR
6.787086,14.859944,EDR
4.3932986,0.22674362,CB
16.824562,5.118896,EDR
9.060479,16.380285,EDR
5.768901,11.861759,EDR
15.561311,0.7877347,EDR
8.676932,7.467229,CB
3.4963815,4.294214,CB
-10.233778,-1.5233026,EDR
12.134602,6.4427443,EDR
12.464467,9.12206,EDR
16.894663,10.061763,EDR
8.223097,8.331036,CB
0.35262144,11.593798,EDR
15.463865,9.466823,EDR
11.007796,2.8821368,CB
9.318742,4.998996,CB
14.160404,5.698213,EDR
6.3719373,11.028559,CB
11.509024,10.41836,EDR
-10.596419,-0.4298887,EDR
14.137998,6.120608,EDR
9.88808,4.0962663,CB
8.443634,6.945221,CB
10.129233,4.9023757,CB
8.725947,13.744579,EDR
12.208411,15.212751,EDR
12.032584,9.732592,EDR
5.488891,-1.2402945,CB
14.679462,6.213686,EDR
18.411077,2.1129687,EDR
4.8915215,0.49283054,CB
6.5675535,4.946331,CB
16.00641,10.852933,EDR
15.562095,9.879036,EDR
7.9814816,8.575013,CB
5.243005,15.167555,EDR
12.70052,1.1473022,EDR
13.927413,2.2920685,EDR
9.639521,4.5992,CB
7.474545,4.9865756,CB
3.3214667,2.423964,CB
11.529689,9.8362,EDR
6.175212,11.7771635,EDR
4.866037,-0.84077954,CB
8.009935,14.032958,EDR
7.1096373,-4.1046515,PEP
14.988536,2.7040956,EDR
11.420411,11.888564,EDR
4.973069,-1.1327592,CB
12.214211,13.370625,EDR
12.448492,-1.8350004,CB
0.59033424,12.341305,EDR
6.160824,10.381233,CB
17.821299,0.8204109,EDR
11.050518,4.773676,CB
14.866687,7.491876,EDR
3.507514,5.561044,CB
5.5821004,8.437788,CB
9.362651,7.2997704,CB
10.796081,8.274749,EDR
10.635167,9.053902,EDR
7.731586,10.812983,EDR
2.7779279,6.503256,CB
14.108414,8.557873,EDR
17.513182,6.7818246,EDR
6.7877564,10.217992,CB
11.680996,13.697494,EDR
17.094648,9.121678,EDR
14.196142,5.295199,EDR
16.454939,1.5932661,EDR
10.397304,10.207981,EDR
11.264618,10.968504,EDR
11.653468,8.657193,EDR
16.809938,4.693963,EDR
18.839647,5.77204,EDR
17.516294,8.08025,EDR
12.140382,7.24284,EDR
11.06122,13.081819,EDR
7.5073657,12.974313,EDR
15.753887,11.376007,EDR
8.649321,15.79039,EDR
11.322427,-2.9697154,CB
5.917006,14.670844,EDR
14.436206,10.991512,EDR
11.104339,11.32542,EDR
11.620569,9.21082,EDR
13.727045,1.6588336,EDR
9.352242,9.202276,EDR
8.470117,10.562809,EDR
9.722645,2.9605684,CB
4.0623164,2.4131072,CB
8.570521,3.0965877,CB
3.6663127,8.229242,CB
6.5134363,9.6232,CB
10.136253,13.369103,EDR
7.1821556,12.407114,EDR
10.14367,13.105922,EDR
6.045367,0.41851005,CB
14.630114,2.4937317,EDR
5.285296,1.3335918,CB
4.523019,4.850455,CB
12.107807,-3.0204432,PEP
17.870626,4.09404,EDR
7.0698237,11.852827,EDR
3.904059,0.9720758,CB
7.1089945,10.388684,CB
9.536302,-2.5140944,PEP
5.653132,14.645214,EDR
4.837137,13.236269,EDR
8.697333,14.938883,EDR
14.331468,4.6962576,EDR
13.514962,8.707369,EDR
5.3308644,11.981507,CB
4.6984944,13.877615,EDR
13.822078,4.7985864,EDR
10.443464,14.994446,EDR
3.0040572,11.329724,CB
15.856098,9.816095,EDR
6.5094814,5.8468246,CB
9.982278,3.5591786,CB
11.790813,12.940567,EDR
11.728625,15.008287,EDR
10.667407,4.6520844,CB
4.5288296,13.134644,EDR
5.1575675,11.941944,CB
7.2640686,11.928226,EDR
13.53839,6.5894833,EDR
12.077472,-3.521002,PEP
2.9499457,2.964005,CB
14.487209,4.2993345,EDR
7.2968693,3.2384245,CB
1.3159914,8.7318125,CB
11.545171,-2.8738594,CB
4.869173,0.024298187,CB
14.35449,11.725546,EDR
13.891955,8.919271,EDR
10.535303,7.6718407,EDR
12.944085,9.936074,EDR
1.1594635,11.619751,EDR
-10.59949,-0.48808247,EDR
10.602831,10.581429,EDR
14.940904,2.2475939,EDR
5.0897026,16.337582,EDR
9.883872,-4.0717616,PEP
8.340445,-2.887191,PEP
7.7172356,16.305964,EDR
9.852488,14.489558,EDR
5.4467373,5.5759954,CB
12.516528,-1.4949261,CB
7.754778,13.513849,EDR
9.147845,5.65612,CB
9.15346,2.641228,CB
5.537274,16.676838,EDR
9.074802,13.019703,EDR
9.084914,6.1498394,CB
3.954081,0.7553534,CB
5.4613256,9.660296,CB
5.950729,13.990751,EDR
0.9101094,9.505755,EDR
13.486299,11.780956,EDR
14.520492,2.3812137,EDR
8.7310295,7.4614024,CB
0.08698823,10.761719,EDR
5.2991056,2.8432322,CB
10.916552,7.5178013,EDR
13.314422,14.814161,EDR
15.417473,10.771384,EDR
8.259946,5.046559,CB
15.230499,12.024616,EDR
4.259616,4.789162,CB
10.311247,-3.0733912,PEP
18.878359,3.9674313,EDR
10.234636,1.7561437,CB
8.22113,3.2931616,CB
6.7962937,8.674638,CB
11.045384,11.0767565,EDR
5.6753683,15.990396,EDR
11.9515705,-0.20910478,CB
1.3289641,6.759436,CB
9.459363,6.849333,CB
8.889252,7.5956116,CB
15.156332,5.62228,EDR
14.401038,6.572184,EDR
11.207595,7.591533,EDR
7.313737,0.8633265,CB
8.439575,7.66729,CB
7.116097,11.105282,CB
8.432619,8.851511,CB
8.515279,11.700742,EDR
4.6389027,11.805621,EDR
18.503206,5.1309495,EDR
13.063338,12.656417,EDR
10.422021,8.279204,EDR
8.330847,6.7437725,CB
9.099804,2.4466853,CB
17.482523,7.038499,EDR
-10.369234,-0.3077383,EDR
3.2453704,12.238476,EDR
-9.735302,-0.9722881,EDR
12.566337,11.195891,EDR
9.209357,5.4845405,CB
11.556111,12.714604,EDR
-0.054074485,9.170766,CB
2.2085843,8.81853,CB
12.640643,7.823631,EDR
0.9377254,8.052266,CB
9.299881,3.2401576,CB
1.0972259,8.964754,CB
14.159455,7.741923,EDR
2.0383215,11.584937,EDR
14.743995,8.112424,EDR
4.4626617,4.4314895,CB
9.8091345,2.1997395,CB
9.601421,2.5491207,CB
14.4087515,-1.0196944,CB
9.052151,5.9696956,CB
0.22441171,12.7741375,EDR
3.4508631,6.8380795,CB
12.599772,-1.0391599,CB
11.023699,11.054253,EDR
6.095309,0.25242347,CB
9.983896,12.103715,EDR
11.10597,5.8806915,CB
14.776951,9.249978,EDR
8.88515,11.060634,EDR
7.4383335,-2.945717,PEP
12.915176,4.284593,EDR
12.278326,10.526453,EDR
9.383663,14.399371,EDR
17.573118,1.9061527,EDR
11.567151,3.3621542,EDR
5.938583,6.520254,CB
17.078382,1.3296579,EDR
6.778859,-1.3625027,CB
15.868663,6.1488924,EDR
8.9068775,2.6190147,CB
7.144924,6.34768,CB
12.585034,9.263166,EDR
4.981145,13.721431,EDR
7.7561097,6.807521,CB
15.640593,10.913235,EDR
-10.285345,-1.037832,EDR
5.9447126,-1.5681332,CB
6.1670947,17.014328,EDR
17.276245,8.805236,EDR
11.608821,11.52443,EDR
2.4423523,4.8259354,CB
6.876552,11.173935,CB
18.410006,5.9124765,EDR
14.756333,6.293648,EDR
17.080242,6.76788,EDR
3.138997,12.050929,EDR
6.557979,6.5364995,CB
15.77291,6.9959197,EDR
16.865742,8.49388,EDR
10.303101,7.065624,CB
13.604446,13.663939,EDR
3.8838658,12.809268,EDR
5.054396,10.27023,CB
10.821285,9.703563,EDR
7.953122,-0.08050888,CB
8.529471,15.454372,EDR
8.144964,8.108639,CB
0.94888884,13.381028,EDR
16.688719,8.955007,EDR
12.85855,-1.2319989,CB
15.360269,8.135392,EDR
14.144128,3.7036536,EDR
15.563999,10.013962,EDR
9.576196,-3.6470973,PEP
5.871288,7.051503,CB
6.8331923,16.60982,EDR
16.744427,5.59643,EDR
8.181315,12.924181,EDR
4.5848045,11.280648,CB
14.069678,10.567586,EDR
4.539522,10.956678,CB
9.526914,4.9542875,CB
9.660033,4.3625817,CB
7.8853097,13.329411,EDR
5.843796,15.215197,EDR
16.754622,11.749332,EDR
15.443354,4.655726,EDR
16.816036,11.7132635,EDR
7.0757875,9.875138,CB
7.8156695,11.42835,EDR
16.86849,3.8379316,EDR
2.9312818,10.126709,CB
14.433585,7.4212885,EDR
7.6172566,4.185928,CB
8.151269,9.682522,CB
11.220786,-2.0452216,CB
11.940619,13.061986,EDR
5.884079,14.805542,EDR
7.7856803,11.6627,EDR
4.847934,5.902551,CB
15.285831,8.935564,EDR
3.4881332,1.4688674,CB
9.29997,4.7092214,CB
11.3665695,2.0911925,EDR
4.7584085,10.778424,CB
2.8400161,4.314693,CB
8.138603,2.5449054,CB
14.970134,14.192971,EDR
16.616262,8.633516,EDR
10.940314,11.948238,EDR
12.510395,10.232276,EDR
0.15449657,9.941848,EDR
18.47512,1.2366962,EDR
11.672636,6.1311,EDR
21.399769,9.6186905,CB
7.133481,10.713022,CB
-11.155943,-0.66036063,EDR
8.531873,11.73532,EDR
4.3813725,11.086798,CB
10.321267,6.392628,CB
-10.531682,-0.24146631,EDR
6.95903,0.078312136,CB
3.0750923,5.9880705,CB
10.993491,13.034821,EDR
2.63196,13.58161,EDR
16.02682,8.640313,EDR
1.739162,10.582741,CB
14.567444,7.038873,EDR
21.370293,9.6005535,CB
7.5435953,8.459711,CB
13.544013,10.141269,EDR
8.893615,6.2632513,CB
16.67581,5.190999,EDR
7.542954,-2.167463,PEP
9.5908785,14.576009,EDR
10.81182,12.023385,EDR
6.8686557,14.399531,EDR
7.072552,2.5303416,CB
16.914537,1.2390692,EDR
14.159903,7.2570086,EDR
7.1962404,9.29816,CB
6.1098943,5.286561,CB
8.280001,5.65094,CB
8.401817,6.5098386,CB
14.709919,4.6089096,EDR
6.04378,12.494677,EDR
17.075827,5.9840603,EDR
16.809204,10.686303,EDR
8.818031,14.944092,EDR
10.683138,6.2814236,EDR
3.614348,10.023092,CB
12.867882,15.66184,EDR
16.590054,6.091292,EDR
8.199466,-0.91680735,CB
7.859588,1.9584066,CB
13.449739,6.6315374,EDR
2.6693335,13.440866,EDR
-10.235384,-1.5894358,EDR
5.207809,6.6981816,CB
10.890876,12.082171,EDR
11.72535,4.2207246,CB
3.0545678,4.4579506,CB
12.2554655,6.5543203,EDR
7.995275,5.401904,CB
6.9917665,7.1340384,CB
16.541538,2.6079655,EDR
11.328656,14.113393,EDR
1.3320022,12.446254,EDR
6.9392786,4.765682,CB
13.909307,-1.0250487,CB
5.839765,4.191288,CB
5.4627337,12.882814,EDR
9.237329,11.646698,EDR
7.4353843,11.7394705,EDR
14.292422,3.36977,EDR
15.640115,2.7033477,EDR
12.806491,13.733076,EDR
15.333901,1.2144339,EDR
14.109479,12.088424,EDR
9.809149,13.801839,EDR
7.312866,10.785787,CB
9.526116,11.368168,EDR
7.9120727,6.835171,CB
4.8884835,15.978114,EDR
14.729657,12.969347,EDR
17.084656,11.032607,EDR
1.613975,10.57125,EDR
9.412176,14.841234,EDR
5.215468,9.308354,CB
14.678225,12.606288,EDR
11.116146,12.578411,EDR
8.450198,6.3719363,CB
6.0089703,16.070208,EDR
10.755213,8.8083935,EDR
4.437025,9.4172735,CB
5.020824,2.99122,CB
10.467343,12.607804,EDR
5.9007483,1.9444146,CB
4.266045,12.990967,EDR
6.2004514,7.785325,CB
14.821517,1.5046974,EDR
18.97558,4.280203,EDR
6.1905656,6.823812,CB
2.6174788,14.909506,EDR
5.386869,12.968895,EDR
18.49332,4.4828362,EDR
9.4680195,-1.4368232,CB
-10.91782,-0.96546775,EDR
10.3533125,5.0576844,CB
10.184095,15.828772,EDR
10.181832,13.510535,EDR
3.45706,8.525306,CB
6.120716,16.218002,EDR
3.4193997,4.086388,CB
4.1832657,5.9108367,CB
11.245334,5.8044567,CB
13.370171,3.742709,EDR
5.311374,2.20176,CB
7.4329805,12.697882,EDR
-11.2180195,-0.5619169,EDR
12.416491,11.102317,EDR
14.240757,4.715646,EDR
12.8203335,6.842721,EDR
21.44322,9.53042,CB
6.064804,6.3454437,CB
4.322472,14.042014,EDR
5.763838,15.144879,EDR
1.9982435,12.657636,EDR
0.61922175,11.530577,EDR
8.969781,3.2932024,CB
10.027322,-1.3686767,CB
13.3107,14.064074,EDR
13.673548,10.281297,EDR
6.509056,3.1876597,CB
8.3307495,9.288367,CB
14.652868,7.128449,EDR
9.170693,13.797541,EDR
0.081278406,9.014417,CB
10.768561,5.6092315,CB
3.7540262,11.185413,CB
7.305022,7.109975,CB
18.45755,1.1394982,EDR
9.033672,-0.4121392,CB
2.849292,5.509523,CB
8.932688,3.3850017,CB
6.7007685,6.305235,CB
9.484067,10.018401,EDR
13.147997,11.490369,EDR
11.372269,11.737772,EDR
-10.141509,-0.9326988,EDR
12.535449,4.6264567,EDR
7.9276295,3.3935204,CB
8.24567,16.446157,EDR
7.5102844,3.2239254,CB
10.513807,8.674554,EDR
6.263679,5.339345,CB
-10.401563,-0.11750144,EDR
14.286966,3.5750198,EDR
-10.23554,-1.2741634,EDR
13.323284,15.370347,EDR
12.200386,1.6910198,EDR
15.220175,7.42295,EDR
-9.835264,-0.4227005,EDR
7.4856443,4.8059216,CB
7.3869624,-2.7133362,PEP
9.398828,-2.1011744,PEP
6.580028,10.775864,CB
8.38275,3.970243,CB
16.9786,3.8670828,EDR
0.72939616,9.879529,EDR
3.609192,8.867959,CB
8.171403,10.124592,CB
12.763653,4.344826,EDR
4.3283086,11.648363,CB
1.8673263,8.508995,CB
17.318264,9.501474,EDR
14.549399,2.5097926,EDR
12.036902,4.608042,EDR
15.101329,13.713555,EDR
9.165113,2.1005113,CB
11.266615,15.085014,EDR
8.123505,-3.4069712,PEP
4.2995095,7.2694087,CB
0.5718275,7.3675303,CB
8.7599535,6.5147815,CB
6.0662913,13.03592,EDR
16.109768,9.738177,EDR
4.647033,4.3912272,CB
10.540082,10.125641,EDR
14.082853,8.1676,EDR
3.6509123,2.6152258,CB
12.908797,5.504401,EDR
11.445813,15.226229,EDR
9.683568,9.202314,EDR
4.3495226,4.5442615,CB
8.868126,14.3115635,EDR
3.6153433,9.397623,CB
15.921714,5.938775,EDR
11.489391,10.496151,EDR
1.4232172,13.336156,EDR
12.788251,10.023154,EDR
9.21902,-0.16216764,CB
5.334318,9.744665,CB
13.25856,8.641609,EDR
6.0646067,6.0000343,CB
21.353529,9.570487,CB
7.7236776,1.9341928,CB
5.195139,10.9809885,CB
7.2688303,8.143833,CB
7.6799917,2.3523118,CB
8.4761715,5.7130904,CB
9.694447,-4.203112,PEP
12.814383,4.082309,EDR
7.094989,11.989977,EDR
7.120836,0.86912835,CB
18.443735,4.8882523,EDR
11.138028,15.507624,EDR
13.69783,1.5654119,EDR
11.856301,10.766044,EDR
18.67543,5.3690457,EDR
2.5868003,9.955681,CB
12.885754,0.5066589,CB
-9.867483,-0.3581753,EDR
-10.467435,-0.48103172,EDR
9.982319,13.138865,EDR
9.922866,-4.03179,PEP
4.080824,14.900146,EDR
16.316322,11.149106,EDR
16.954195,2.257821,EDR
9.171643,13.551884,EDR
13.716825,9.977358,EDR
19.304012,4.698968,EDR
10.130626,4.6511984,CB
12.5736065,3.9778066,EDR
9.727286,12.600919,EDR
1.40642,12.587245,EDR
14.177136,10.439834,EDR
1.6178282,11.420539,EDR
7.342167,12.68341,EDR
7.418824,6.906897,CB
13.687846,0.9421205,EDR
3.283048,11.357567,CB
2.7329733,3.282574,CB
10.934466,7.9327407,EDR
9.2072315,5.563541,CB
12.845725,-0.44107693,CB
0.45059863,13.853498,EDR
12.040661,3.5093963,EDR
9.157777,11.445147,EDR
18.314392,4.315268,EDR
7.946724,2.0169396,CB
15.085306,10.8951235,EDR
8.012698,7.3821526,CB
4.3402386,2.5435112,CB
4.556335,3.4326487,CB
2.9064734,6.0395036,CB
0.87313986,6.729362,CB
14.67546,7.858624,EDR
4.562932,0.9756768,CB
15.037453,1.4083378,EDR
5.8744836,14.237328,EDR
6.6267457,8.744257,CB
16.960833,4.446427,EDR
5.5211487,0.64685667,CB
8.139693,11.129364,EDR
9.110539,8.091204,EDR
15.012131,7.3564935,EDR
7.158236,-1.7033732,CB
10.880946,7.7063317,EDR
9.402056,10.84626,EDR
4.5630617,7.5927076,CB
18.747677,3.666943,EDR
2.603754,11.300714,CB
15.85472,5.7261105,EDR
1.1346203,8.710634,CB
11.187866,1.3099557,EDR
13.282242,0.6008781,EDR
6.420642,11.838008,EDR
10.704964,8.085902,EDR
14.131658,6.4701395,EDR
6.425443,12.993554,EDR
5.281735,11.16614,CB
8.0228405,0.3834338,CB
4.890159,13.461333,EDR
7.439863,2.1582425,CB
10.575115,7.0486236,CB
5.732663,6.6942124,CB
10.313938,9.187196,EDR
17.01927,4.591456,EDR
0.41970792,11.761328,EDR
9.11976,4.154108,CB
3.7404664,4.235968,CB
7.8312774,0.32831997,CB
10.06359,6.59802,CB
12.140884,9.911513,EDR
10.60917,1.4431714,CB
3.8696914,4.5251756,CB
0.77867454,11.562933,EDR
11.813462,1.6288635,EDR
5.721284,14.995073,EDR
10.52559,2.8505359,CB
10.309136,12.248338,EDR
2.8783734,4.554378,CB
1.380449,9.636215,CB
12.86882,7.209249,EDR
2.2432108,7.896957,CB
10.014414,-3.9827044,PEP
5.785679,-2.1894329,CB
11.97766,4.4982543,EDR
11.193668,-2.7106514,CB
9.1792555,11.7208605,EDR
0.95869935,8.555035,CB
3.911122,12.522556,CB
7.6273947,13.236096,EDR
4.955147,10.236274,CB
6.4229097,13.955178,EDR
12.943755,4.349242,EDR
-10.825662,-1.0662299,EDR
19.010448,5.372285,EDR
-9.9799595,-1.4112496,EDR
-10.978872,-1.0309561,EDR
12.764733,5.3024497,EDR
11.46544,9.114727,EDR
3.890271,11.359436,CB
15.608133,2.8571277,EDR
8.352062,-2.3639827,PEP
17.025621,1.5507594,EDR
5.6729417,11.944475,CB
13.304204,-0.04547523,CB
12.51918,12.149071,EDR
10.491034,12.827029,EDR
8.612691,-0.41896498,CB
14.8654375,12.686101,EDR
5.7848134,-1.911109,CB
10.486811,7.916619,EDR
12.379146,4.1003785,EDR
13.111741,7.6138406,EDR
11.951936,0.6759705,EDR
14.300444,-0.77123547,CB
13.092464,0.23300195,CB
13.289713,-0.9442916,CB
14.286888,3.623447,EDR
11.643162,3.9002535,EDR
9.541649,0.43721044,CB
11.717485,0.758235,CB
8.746516,10.918126,EDR
3.412105,8.293464,CB
9.104259,8.15359,CB
10.715583,16.105572,EDR
-11.006237,-1.1443616,EDR
7.3346977,-2.8385415,PEP
12.498051,3.8775537,EDR
9.574469,-0.6340772,CB
2.5434566,8.956037,CB
6.3509607,6.1731014,CB
0.030469975,10.249462,EDR
4.5394845,7.2533083,CB
10.761172,5.08676,CB
5.5621123,12.962968,EDR
4.5064034,9.683269,CB
11.96591,4.401336,EDR
12.469436,12.442436,EDR
5.0669193,2.266216,CB
7.1696577,8.257755,CB
11.160375,10.756035,EDR
10.528704,-2.2165895,CB
15.678533,4.252087,EDR
13.526909,9.619599,EDR
9.639732,8.249451,EDR
7.239005,8.499047,CB
10.674036,10.093709,EDR
8.28118,15.719807,EDR
0.9320393,12.847415,EDR
5.671229,3.0361574,CB
9.16783,13.748526,EDR
5.980587,15.373344,EDR
3.1322505,4.5590835,CB
2.812529,12.92329,EDR
12.182187,1.438105,EDR
18.701603,3.481164,EDR
2.727686,6.124062,CB
8.203323,3.4504383,CB
9.074427,6.5621333,CB
-9.889871,-0.14497012,EDR
7.0762873,14.007249,EDR
5.700812,9.0934305,CB
-10.311673,-1.1084006,EDR
5.860349,6.557664,CB
6.84567,15.717595,EDR
8.335456,2.4610488,CB
7.8528433,3.2873313,CB
10.467938,-3.6306694,PEP
13.465466,6.7324104,EDR
10.944135,3.0457752,CB
5.7513165,2.5962598,CB
4.4718575,3.5337458,CB
5.6796737,0.2292754,CB
6.331108,8.08505,CB
12.713314,9.87272,EDR
-10.058989,-0.1260682,EDR
6.6955266,0.8161749,CB
3.9212265,2.9500525,CB
10.655476,10.923363,EDR
15.691566,5.5367827,EDR
11.109763,0.32498536,CB
9.753659,-1.0023113,CB
11.541524,4.782833,EDR
13.280989,11.500844,EDR
6.5062523,13.6547,EDR
8.663031,6.968606,CB
15.824123,1.524122,EDR
9.603901,-3.1951935,PEP
11.1761875,10.702966,EDR
1.692244,7.495179,CB
5.3205423,-1.391692,CB
6.419537,0.9986002,CB
12.425968,-1.8925984,CB
2.222977,13.582931,EDR
4.3936863,4.227992,CB
6.0990796,8.742132,CB
16.486286,4.665368,EDR
-10.567294,-0.7995226,EDR
9.032063,5.834133,CB
0.95624787,6.8821244,CB
8.136707,15.929994,EDR
15.041503,-0.58377373,CB
15.180542,2.4158096,EDR
5.5710707,9.852879,CB
12.778731,7.9164944,EDR
8.686107,-4.0127807,PEP
5.7736697,15.947398,EDR
6.519145,15.258489,EDR
3.750337,12.434946,CB
2.2123532,6.8041024,CB
8.618694,1.0062779,CB
14.453189,9.432474,EDR
3.6813567,9.549457,CB
1.3365977,10.657668,CB
3.0791714,13.392031,EDR
12.387075,9.555904,EDR
2.869998,10.830423,CB
4.693799,13.743696,EDR
10.5655365,12.557921,EDR
8.437093,8.746048,CB
11.725321,12.98953,EDR
7.1184654,10.403822,CB
-10.0395565,-1.2815355,EDR
4.8451858,2.9448695,CB
6.1626706,16.864536,EDR
5.2790895,6.2625184,CB
10.513847,14.420187,EDR
12.109412,14.162515,EDR
1.0486656,14.083149,EDR
8.280019,-3.4264393,PEP
13.510171,9.200176,EDR
7.2303925,-4.380952,PEP
15.591954,7.2555237,EDR
9.5646515,4.0686684,CB
12.391787,2.7015476,EDR
9.513623,7.5266857,CB
16.643303,12.023044,EDR
4.667473,5.5852776,CB
10.220457,8.038444,EDR
4.0448003,10.44819,CB
-10.205622,-0.18966319,EDR
8.87985,-3.5848432,PEP
14.969629,9.230199,EDR
4.165482,3.8389125,CB
8.016644,10.956674,EDR
4.3892426,7.713561,CB
14.453739,2.9179044,EDR
3.125589,11.457023,CB
18.456018,4.873145,EDR
6.887872,15.307041,EDR
1.4866049,11.078686,EDR
16.939974,3.321571,EDR
6.449789,0.3366423,CB
-10.389483,-1.128915,EDR
8.118448,11.895383,EDR
15.356281,11.289951,EDR
8.940243,4.4822917,CB
2.8482199,7.8339057,CB
6.708705,13.212965,EDR
15.518489,12.17575,EDR
8.042002,13.203593,EDR
17.170282,10.802677,EDR
12.174257,10.771518,EDR
10.505143,5.617369,CB
5.339657,15.070808,EDR
11.328559,14.023145,EDR
14.858135,1.5823736,EDR
7.592374,3.2198014,CB
13.061582,13.17638,EDR
10.182509,7.477981,EDR
7.5163627,3.465394,CB
7.9295573,6.7926817,CB
9.068448,8.164507,EDR
10.979599,4.2424607,CB
16.765463,9.493277,EDR
3.4844017,10.808378,CB
14.991102,12.613048,EDR
2.693583,13.183376,EDR
10.055301,15.1977215,EDR
9.460666,-4.218958,PEP
7.0315776,4.506923,CB
7.9706373,10.960962,EDR
4.5722795,13.420497,EDR
8.048243,12.825968,EDR
16.417671,6.734093,EDR
10.530952,13.161785,EDR
11.33412,-0.22889605,CB
13.287159,9.398994,EDR
2.4715698,9.157419,CB
12.278236,1.8293617,EDR
0.09153976,11.15961,EDR
8.838165,-1.4086281,CB
12.544259,2.8833125,EDR
8.781728,4.2709007,CB
12.68691,13.222208,EDR
10.46317,14.291478,EDR
7.3055615,8.648085,CB
13.428423,12.631103,EDR
14.044853,6.7031493,EDR
17.546328,0.89939183,EDR
7.543916,13.584147,EDR
8.90632,12.607873,EDR
8.846557,3.913567,CB
13.158602,4.3128834,EDR
4.324297,11.034354,CB
12.744838,13.93418,EDR
5.440398,8.151355,CB
11.545275,6.6732154,EDR
14.455268,7.6919017,EDR
14.981675,6.3379965,EDR
2.2921038,14.631992,EDR
6.919544,6.895795,CB
7.7099037,12.70948,EDR
8.0240755,-2.9588814,PEP
4.5658917,8.396006,CB
13.649926,5.5018134,EDR
11.484195,11.343017,EDR
11.421641,-2.7891753,CB
14.877113,9.888635,EDR
11.7083235,-0.07534753,CB
12.418735,9.829196,EDR
8.410243,5.1998367,CB
4.4686785,9.947489,CB
8.494936,4.43634,CB
11.143605,9.883511,EDR
6.6451645,5.9753575,CB
15.079271,1.1142457,EDR
8.1627245,4.8652105,CB
10.569268,8.223527,EDR
4.3700457,13.52821,EDR
9.308314,-0.02644037,CB
4.61444,9.215129,CB
8.351974,1.3408841,CB
17.993773,3.7373254,EDR
13.139788,13.365124,EDR
10.029655,-3.9544764,PEP
-10.206792,-0.27808547,EDR
4.348301,8.684379,CB
10.817288,8.274134,EDR
10.103999,8.748472,EDR
6.299365,5.513166,CB
-10.113592,-0.7550911,EDR
8.68063,7.054731,CB
9.694716,13.44846,EDR
13.432399,11.735685,EDR
15.54252,9.936696,EDR
6.975959,2.4686053,CB
11.18505,2.8991003,CB
19.485727,4.641625,EDR
10.103602,14.2122345,EDR
8.832351,10.677709,EDR
9.493199,0.88302857,CB
14.372751,12.616908,EDR
9.501168,8.843878,EDR
5.742177,6.291805,CB
7.7575436,10.062452,CB
2.3289716,6.6841583,CB
8.980996,4.2930756,CB
8.884209,4.8727283,CB
8.665501,1.702216,CB
16.975716,0.95431036,EDR
0.8740122,7.5618625,CB
14.514263,7.778653,EDR
13.411946,5.063606,EDR
9.6898575,7.7234316,EDR
3.8993707,13.889074,EDR
4.9416137,13.789409,EDR
1.5661058,13.229811,EDR
14.481695,11.074236,EDR
14.254962,10.783993,EDR
8.692219,-2.105871,PEP
8.508609,4.120627,CB
5.1924415,9.892456,CB
11.57325,14.76212,EDR
5.5437493,13.967825,EDR
5.6067953,7.355068,CB
21.334436,9.657283,CB
16.436148,7.71975,EDR
6.6123195,7.677554,CB
6.702255,14.154367,EDR
8.013976,14.9913435,EDR
4.7228665,13.241099,EDR
11.165579,3.2734964,CB
13.75962,8.60564,EDR
4.024903,2.6582513,CB
13.912811,2.546676,EDR
7.805694,1.474185,CB
11.472847,10.8301,EDR
14.258903,7.165223,EDR
3.9828403,10.3001585,CB
3.6837585,9.69178,CB
7.6086206,-1.9165949,PEP
17.769188,2.9590116,EDR
4.8568974,8.8382,CB
13.590987,10.10042,EDR
11.475017,15.268597,EDR
11.862789,14.812337,EDR
12.739802,12.517901,EDR
3.7370276,13.215686,EDR
8.479359,13.829488,EDR
11.36959,2.960158,EDR
4.367627,11.764277,CB
18.73863,3.6160073,EDR
9.263273,-1.6683699,CB
15.883311,12.288614,EDR
6.682967,7.2095704,CB
14.129749,11.482233,EDR
9.652669,6.7120867,CB
8.359897,10.206616,EDR
9.153979,0.36569893,CB
11.975829,12.751203,EDR
4.5506,9.689577,CB
-10.834822,-0.52439845,EDR
4.949949,2.733176,CB
3.260563,10.274118,CB
10.625584,13.105489,EDR
12.282026,8.453756,EDR
5.0784063,9.940752,CB
-9.693004,-0.68481,EDR
14.851285,12.842842,EDR
9.205005,10.856019,EDR
14.042373,14.325612,EDR
14.394433,4.787634,EDR
15.892903,2.9638782,EDR
12.683412,7.0815687,EDR
11.974129,14.889651,EDR
2.714147,6.6976485,CB
14.974549,0.950453,EDR
4.887337,9.090096,CB
1.7312595,13.418012,EDR
5.252152,8.28234,CB
13.477941,14.912007,EDR
16.828035,6.466794,EDR
9.901182,7.3851576,CB
5.5269127,10.127508,CB
7.991142,9.065872,CB
7.365141,14.737368,EDR
9.046234,11.57316,EDR
11.825663,13.130232,EDR
5.6510296,12.096073,CB
2.4941547,12.289636,EDR
5.7634625,10.666942,CB
6.191146,2.0864,CB
8.656678,8.187601,CB
16.861832,4.9198976,EDR
9.484731,3.8698764,CB
8.408135,8.474073,CB
12.131388,9.890064,EDR
5.2047925,3.2345011,CB
2.4900832,12.476872,EDR
9.936729,11.560032,EDR
6.8561926,6.011549,CB
3.9252865,6.0533996,CB
4.274508,13.107154,EDR
11.579876,11.634203,EDR
13.689797,4.9669013,EDR
14.557511,-0.9258968,CB
-10.668561,-0.85336995,EDR
11.784607,9.916136,EDR
1.640739,12.407057,EDR
-10.347548,-1.2513025,EDR
10.348897,1.5327567,CB
11.4527445,8.543068,EDR
13.4966955,14.428071,EDR
16.999525,2.099406,EDR
-11.021603,-0.8249133,EDR
13.111681,3.0787802,EDR
-10.008657,-0.57030815,EDR
15.532002,13.65504,EDR
8.373715,10.268273,EDR
17.356297,2.2003646,EDR
8.210263,14.829679,EDR
12.750501,8.633268,EDR
10.335642,12.916157,EDR
5.2810063,10.947863,CB
14.357004,6.6999135,EDR
15.81042,13.316108,EDR
2.5539978,9.387235,CB
7.3343244,15.479712,EDR
11.036676,6.611209,EDR
8.009191,-2.9302852,PEP
5.7910247,0.7919171,CB
15.985269,5.6122956,EDR
8.331796,11.002321,EDR
12.080424,-3.489851,PEP
10.102824,12.756052,EDR
10.311719,6.485481,CB
9.707999,-2.4594908,PEP
11.1192465,4.43818,CB
6.0211644,11.666016,EDR
6.5255265,9.192457,CB
13.528192,11.992117,EDR
10.647353,9.430784,EDR
6.043274,2.6801724,CB
1.3651413,5.6155233,CB
9.04439,5.0786185,CB
13.445773,6.9300203,EDR
5.1310873,1.2677344,CB
14.642935,4.7876053,EDR
9.027073,9.437218,EDR
10.913161,-0.44255587,CB
11.753995,12.608467,EDR
8.8384075,-1.0970232,CB
15.075483,2.665534,EDR
10.751227,14.244764,EDR
3.9423883,14.291928,EDR
14.757708,0.7355394,EDR
5.996603,11.606704,EDR
2.876688,10.371493,CB
7.7442837,2.7929316,CB
5.753626,0.87910175,CB
9.093107,3.0636525,CB
6.5624375,13.934095,EDR
8.028945,6.4824014,CB
7.4806046,8.614908,CB
3.6989532,8.183812,CB
2.7911358,14.515924,EDR
1.4690742,11.114383,EDR
2.8156738,5.4030123,CB
6.3858376,7.9624863,CB
14.784437,4.499181,EDR
5.618441,3.8278437,CB
6.790047,10.023594,CB
8.969989,9.426487,EDR
7.0457377,11.687378,EDR
5.6612124,16.065445,EDR
9.260986,9.047527,EDR
10.625078,9.691731,EDR
11.513763,0.8634155,CB
11.039402,10.694838,EDR
5.736658,7.9096107,CB
10.534834,-1.009171,CB
11.717079,8.5756235,EDR
13.312975,3.20668,EDR
10.856726,-2.4880624,CB
2.7058074,4.3926916,CB
4.5534897,0.28405032,CB
15.08454,9.716234,EDR
10.1939125,12.086649,EDR
6.1113954,15.235819,EDR
11.982879,-0.98128,CB
16.211739,6.1596546,EDR
12.466249,-0.18137759,CB
12.80671,7.588232,EDR
12.306624,10.00885,EDR
3.1062794,4.87113,CB
8.170329,14.982512,EDR
2.6924987,4.6656804,CB
3.99795,11.185573,CB
10.555189,2.6173396,CB
10.268521,8.841663,EDR
13.368454,10.539672,EDR
13.057989,6.938258,EDR
17.539043,3.2157946,EDR
17.745275,3.395097,EDR
18.135382,2.250981,EDR
11.438212,-1.4105623,CB
12.511587,9.453282,EDR
14.805615,1.972549,EDR
14.977633,12.261527,EDR
12.096723,12.636774,EDR
11.055301,-0.90385854,CB
0.72668993,11.959036,EDR
4.360578,9.659745,CB
9.397933,3.1370316,CB
10.969823,3.7933877,CB
3.6427386,3.7833178,CB
16.673716,1.0240532,EDR
4.8574834,11.7287245,CB
5.7232237,8.704299,CB
12.845072,5.9766164,EDR
7.923616,3.5620008,CB
9.06147,13.8635645,EDR
4.751161,13.440163,EDR
8.888458,10.674403,EDR
5.484918,5.9586,CB
5.590989,4.560541,CB
11.722127,2.539692,EDR
13.679993,11.473078,EDR
3.793507,2.0627255,CB
-10.744779,0.019244995,EDR
13.463765,11.033239,EDR
4.80881,6.9712844,CB
4.352522,7.5017715,CB
1.1353755,11.217239,EDR
8.881177,-1.6929638,CB
21.3588,9.4838,CB
18.45755,3.1678627,EDR
2.2873292,8.729121,CB
7.3089356,9.87084,CB
4.0167193,10.986789,CB
9.13661,2.3538666,CB
9.526877,14.406295,EDR
7.0557265,7.2224736,CB
3.5354102,2.2268305,CB
13.750169,2.4491818,EDR
12.43926,3.9122286,EDR
5.39562,3.0065815,CB
2.6476696,10.535418,CB
16.604012,5.886903,EDR
4.8623266,5.178478,CB
4.7422156,-0.020260504,CB
9.893582,6.9203453,CB
13.604434,14.795329,EDR
3.8349943,13.781917,EDR
16.834621,7.650699,EDR
13.892495,14.818212,EDR
8.383435,15.127797,EDR
6.01785,1.0152613,CB
11.211432,-0.73590857,CB
3.6281457,14.599665,EDR
13.32971,14.826782,EDR
9.786156,-3.190044,PEP
6.883059,2.20141,CB
10.636561,9.294168,EDR
19.06734,4.1397142,EDR
7.8511567,1.1737719,CB
7.133327,1.1478097,CB
8.411395,15.254088,EDR
12.552117,8.29962,EDR
10.9413395,5.871024,CB
4.023721,4.42212,CB
8.65642,6.2153893,CB
16.669546,0.97545874,EDR
10.835904,14.421496,EDR
14.321979,10.614835,EDR
17.8784,7.1475697,EDR
8.878855,3.2946436,CB
11.911559,9.7080765,EDR
13.3456955,6.24874,EDR
7.7056217,5.002596,CB
3.1250975,2.082765,CB
4.263804,14.058088,EDR
7.864567,-2.4575295,PEP
10.318043,13.073481,EDR
5.1647463,13.151062,EDR
2.698669,7.1924343,CB
13.112161,7.5074944,EDR
6.4611826,-0.8814753,CB
3.9805925,14.798119,EDR
15.468425,13.377767,EDR
10.492295,7.881033,EDR
3.9754992,11.902419,CB
11.079671,12.218447,EDR
17.107025,6.836848,EDR
14.1973295,11.623504,EDR
7.029802,-1.620019,CB
7.055524,12.989674,EDR
4.296993,11.322851,CB
4.115252,3.4554968,CB
3.9869084,3.636245,CB
7.510632,0.92494094,CB
1.5905151,14.651418,EDR
7.1283035,5.350287,CB
0.7964235,11.856896,EDR
6.967092,11.53578,EDR
9.379448,9.98751,EDR
7.369991,5.9086623,CB
15.101882,9.364706,EDR
6.9897776,16.795948,EDR
12.756067,4.2870064,EDR
14.17991,3.016087,EDR
-9.709866,-1.3452406,EDR
10.827377,-2.6122751,CB
2.2149818,7.3335633,CB
10.772158,6.479679,CB
8.216594,10.928255,EDR
9.04428,3.7900615,CB
16.593065,4.046666,EDR
1.5197607,10.871287,EDR
3.0303018,15.109633,EDR
12.238116,2.6722193,EDR
11.385023,11.215324,EDR
13.977891,1.0649635,EDR
-10.9749155,-1.1091045,EDR
9.094361,1.1756253,CB
10.527925,0.076086335,CB
10.118584,6.94092,EDR
3.6322632,6.9471993,CB
4.674175,16.12314,EDR
13.770778,8.114902,EDR
12.548607,15.524046,EDR
4.1022167,5.46426,CB
8.742983,6.0405555,CB
5.1426277,10.363377,CB
14.240311,9.335799,EDR
16.767336,4.7856383,EDR
4.8195295,11.084374,CB
9.8771105,4.0601187,CB
9.045702,12.468798,EDR
17.650894,5.8046894,EDR
8.939491,15.107327,EDR
11.059047,13.962701,EDR
3.5868917,11.9881935,EDR
14.4901,7.3363123,EDR
9.426788,1.2693096,CB
3.504592,11.530717,CB
16.290567,8.77426,EDR
9.818079,3.7722263,CB
8.642665,3.1953938,CB
11.280464,14.105558,EDR
0.99914247,14.258376,EDR
5.1133037,8.958716,CB
3.8903532,5.3919377,CB
16.84516,11.389085,EDR
4.3402333,9.529169,CB
14.471559,8.096336,EDR
1.8194759,13.822236,EDR
5.7821774,11.890815,CB
18.080898,1.2979909,EDR
5.4455395,0.7455467,CB
7.63878,4.8435063,CB
13.165117,4.3434763,EDR
5.260346,0.27382934,CB
7.815118,3.032772,CB
-10.358113,-0.19892052,EDR
13.467977,13.815702,EDR
14.440484,-0.97488254,CB
15.488445,4.8974247,EDR
7.7513695,11.819008,EDR
5.7785854,-2.012178,CB
7.900222,14.5015745,EDR
18.037481,1.4624743,EDR
4.3336034,9.40041,CB
11.339819,2.3354216,EDR
3.5121832,3.8531413,CB
12.865171,-0.39039072,CB
15.357072,10.268506,EDR
7.2489004,8.87968,CB
19.6238,4.0909233,EDR
-0.08763961,9.78529,EDR
7.4530377,-0.19475304,CB
-10.507875,-0.70484966,EDR
15.244877,14.040595,EDR
15.61942,1.6942476,EDR
7.1631117,5.824974,CB
4.1844316,8.058531,CB
4.506959,7.5584354,CB
11.436939,12.676138,EDR
7.564037,13.640377,EDR
5.0658445,9.695538,CB
0.84323967,13.274352,EDR
6.2840667,12.650964,EDR
6.8010373,3.0530014,CB
12.151495,6.923203,EDR
18.401129,5.7685447,EDR
12.766167,9.469248,EDR
6.415004,-1.276664,CB
6.561869,-0.7333126,CB
7.2110825,-0.28440732,CB
15.790922,5.775505,EDR
13.500109,13.508497,EDR
11.651653,13.005478,EDR
13.922892,13.76982,EDR
1.0360525,12.820788,EDR
10.513146,2.0655608,CB
15.722345,11.411658,EDR
4.5174246,16.065535,EDR
5.297805,3.453926,CB
13.3372345,10.551524,EDR
13.009563,9.551183,EDR
14.694209,-0.2091834,CB
10.967936,7.5956836,EDR
8.744263,-1.2024555,CB
7.0873256,13.75151,EDR
5.8739657,12.404821,EDR
4.5342717,10.300604,CB
13.124752,13.188799,EDR
10.418699,-3.0653322,PEP
18.936031,6.1505466,EDR
15.131708,13.469957,EDR
5.1817255,10.961187,CB
11.387117,6.0994935,CB
4.568612,16.00236,EDR
6.387887,5.1215854,CB
7.9977837,12.697449,EDR
5.434518,5.0956364,CB
6.7942724,5.6508846,CB
8.597089,8.261078,CB
9.612074,7.435379,CB
4.1115766,6.55254,CB
9.030006,14.327125,EDR
6.8930635,6.9906535,CB
4.2077136,7.7027946,CB
13.677077,9.184247,EDR
2.548085,14.350089,EDR
2.8855348,9.17745,CB
15.178645,8.325625,EDR
8.13132,3.3052661,CB
15.231013,9.370676,EDR
12.169943,8.924939,EDR
3.939204,5.4682894,CB
1.7002121,12.978623,EDR
2.066574,14.939346,EDR
3.314469,6.0147724,CB
3.7290034,11.158067,CB
9.592969,7.353425,CB
10.945524,6.349862,CB
3.1312492,8.319897,CB
4.5834427,0.66203505,CB
5.417557,8.425253,CB
11.47669,13.187382,EDR
16.918093,6.3312488,EDR
10.346218,12.7000885,EDR
6.9677076,16.527382,EDR
3.8659203,11.747332,CB
5.6953874,14.659759,EDR
16.332754,11.5660715,EDR
6.015245,-0.8414219,CB
4.953658,8.933862,CB
4.8110166,7.6692605,CB
15.725134,6.7471924,EDR
0.005272571,11.310507,EDR
13.75429,-0.7328657,CB
4.7259874,7.922398,CB
9.366496,4.517704,CB
9.659449,6.349678,CB
11.273109,10.78077,EDR
7.2578397,10.937143,CB
13.473067,7.1501236,EDR
7.7895794,9.382133,CB
1.9663817,14.121275,EDR
9.445704,11.037257,EDR
7.8867507,3.1420417,CB
15.562209,8.688626,EDR
13.767993,11.730189,EDR
4.855312,13.770486,EDR
3.806974,14.316189,EDR
2.9054387,11.854928,EDR
12.483654,-1.6879935,CB
14.868644,13.691944,EDR
16.387243,3.400984,EDR
3.3838851,13.956295,EDR
6.724036,3.9004529,CB
12.307102,11.138823,EDR
-11.190487,-0.7453972,EDR
11.945505,11.6215725,EDR
6.2401814,15.446876,EDR
12.318215,11.633328,EDR
3.81672,9.955035,CB
7.5077906,-0.1972264,CB
14.732242,12.290249,EDR
5.44372,9.793346,CB
3.9999218,9.606877,CB
5.952251,0.33184755,CB
6.645817,7.845898,CB
17.581774,6.151539,EDR
2.9574103,6.864575,CB
9.091359,3.0300572,CB
12.160248,13.899041,EDR
4.8349123,6.2583375,CB
12.164142,6.494573,EDR
9.837949,12.91472,EDR
3.6957777,7.201118,CB
16.951561,9.65161,EDR
7.875621,9.787752,CB
11.654495,6.699853,EDR
10.074483,11.989437,EDR
3.0552318,15.121408,EDR
1.8571631,12.631933,EDR
2.7424667,5.2367673,CB
8.052268,4.7345777,CB
12.632226,0.0016037701,CB
7.120278,14.227387,EDR
16.825577,4.202435,EDR
16.54101,1.3493912,EDR
11.9393635,3.6388664,EDR
10.35405,4.9085226,CB
3.7311327,1.9412725,CB
11.657802,3.425136,EDR
5.9733195,14.122233,EDR
9.2735815,11.739807,EDR
9.337527,-1.9433918,CB
5.9057345,-1.9032348,CB
12.873206,-1.4982965,CB
10.159769,7.511458,EDR
12.009372,0.9161675,EDR
10.536367,4.9574375,CB
5.6428614,12.507726,EDR
4.774194,6.670736,CB
5.3550854,10.7217245,CB
6.041006,2.3165817,CB
7.8977914,10.313727,EDR
3.4385002,10.842685,CB
9.864639,-3.862617,PEP
11.449929,3.1997883,CB
3.6083655,8.598691,CB
11.695945,13.595287,EDR
8.285711,9.226848,CB
12.112831,7.207557,EDR
11.946331,2.5734868,EDR
7.5196724,13.795748,EDR
9.29622,4.5904093,CB
9.315806,-2.6168299,PEP
17.62179,2.3478072,EDR
0.98794764,11.394607,EDR
4.12763,5.4234953,CB
-10.690202,-0.2931839,EDR
7.4052577,9.477838,CB
5.256365,3.7666535,CB
11.880677,0.90232897,EDR
10.891941,9.48292,EDR
9.693038,8.052727,EDR
15.3454275,11.374298,EDR
15.704668,9.9352455,EDR
3.061947,4.7120585,CB
-9.712915,-1.2637916,EDR
9.048652,-0.32272413,CB
14.550417,1.5699055,EDR
4.5799036,4.503725,CB
3.5683932,14.901317,EDR
11.110055,8.452014,EDR
10.298094,4.364329,CB
5.697886,8.527426,CB
10.292465,10.41757,EDR
10.436882,10.27663,EDR
9.090687,13.693282,EDR
15.027888,13.604964,EDR
-9.895317,-1.0435128,EDR
4.7069135,8.167009,CB
11.180257,0.9033007,EDR
11.382699,9.534023,EDR
6.9745946,10.908696,CB
11.482982,13.13207,EDR
7.312261,16.529419,EDR
9.467548,-1.9323069,CB
3.6076794,6.793736,CB
11.9022,6.9974766,EDR
12.882068,6.240529,EDR
9.925874,2.37299,CB
10.00784,12.58302,EDR
17.209679,4.6115613,EDR
7.274718,1.7242279,CB
7.524674,-2.6296115,PEP
3.994783,7.101344,CB
6.944707,10.34595,CB
7.075095,9.990597,CB
3.492962,13.1989975,EDR
6.171445,13.411046,EDR
10.401104,14.42019,EDR
10.547497,11.966036,EDR
7.875027,-3.3551605,PEP
7.278147,10.300417,CB
10.445581,12.864702,EDR
21.200521,9.525169,CB
6.1390944,0.25067306,CB
9.092575,6.8566947,CB
6.853614,11.338167,EDR
4.5749936,15.119259,EDR
6.0954285,5.546917,CB
8.272209,14.495797,EDR
9.058736,9.127034,EDR
13.2198105,2.4052532,EDR
14.604218,8.154719,EDR
12.634798,8.554512,EDR
4.5051713,12.20003,CB
5.217909,10.061795,CB
12.503359,8.54535,EDR
4.8646855,5.5986795,CB
-10.9739685,-0.21853116,EDR
6.5377197,15.055118,EDR
4.7634096,13.050408,EDR
7.514506,13.702207,EDR
3.5041075,10.027806,CB
11.734248,10.417638,EDR
10.017521,12.164225,EDR
6.7082534,4.925519,CB
12.980917,0.071305275,CB
13.037974,2.3382652,EDR
-10.518064,-0.601094,EDR
1.9075087,12.0643835,EDR
17.947979,6.3390923,EDR
9.791389,9.87698,EDR
1.8563696,8.479363,CB
7.4540367,3.2989333,CB
16.753843,3.3424902,EDR
14.535935,12.436955,EDR
8.824455,6.056061,CB
6.90759,2.1914277,CB
4.280551,1.956947,CB
3.564011,14.185659,EDR
6.264264,4.3342223,CB
8.887035,-4.0159993,PEP
13.742877,8.461476,EDR
11.236141,1.7479874,EDR
8.972662,3.4111986,CB
8.577348,-2.6596649,PEP
15.674476,13.331518,EDR
14.6974535,7.910774,EDR
15.394365,7.6606417,EDR
16.180788,1.9570514,EDR
17.047947,2.255462,EDR
11.782387,15.71291,EDR
8.157239,1.3129853,CB
17.68657,6.5630217,EDR
12.29491,11.201249,EDR
8.169727,14.7354145,EDR
5.0303016,9.434054,CB
10.619593,-1.7637851,CB
6.922296,9.132797,CB
1.8855265,10.3414755,CB
4.698935,9.102658,CB
15.434202,9.345935,EDR
12.142532,5.424154,EDR
13.018108,12.91301,EDR
5.4880013,5.274323,CB
11.242101,6.136823,CB
17.763361,7.1960034,EDR
9.983937,5.404145,CB
7.975755,1.7781595,CB
4.056667,7.7240596,CB
1.2217349,6.976339,CB
14.914004,4.140197,EDR
6.371463,4.105475,CB
8.216749,11.970032,EDR
11.38099,2.2478576,EDR
11.091711,2.9021282,EDR
14.122578,4.776103,EDR
6.0935516,16.586634,EDR
21.474792,9.493899,CB
7.5676975,5.7225313,CB
13.72085,10.52387,EDR
10.510309,5.3414545,CB
8.2649555,15.785052,EDR
14.9712105,1.4710132,EDR
18.466875,5.7632785,EDR
9.837902,3.5769536,CB
21.500826,9.546988,CB
12.8443775,-0.10837031,CB
12.085493,11.094686,EDR
16.657347,1.425704,EDR
8.85452,12.216201,EDR
11.335974,-1.0592972,CB
14.190223,4.7192273,EDR
5.2804337,6.8068504,CB
16.680218,1.7165177,EDR
14.784995,12.186648,EDR
-11.122245,-1.4530373,EDR
4.8327975,8.348196,CB
6.3778143,15.914484,EDR
4.364654,8.596087,CB
15.88782,12.9373,EDR
11.87163,5.1469827,EDR
7.9430785,13.423625,EDR
3.953668,14.229374,EDR
7.496091,5.7369356,CB
6.4778943,-1.8120911,CB
9.351228,10.979674,EDR
8.760634,10.604592,EDR
2.4882493,11.126938,CB
15.46111,5.1839924,EDR
4.6864767,5.867459,CB
9.610202,9.738741,EDR
8.814702,1.5855107,CB
4.137592,15.093528,EDR
-10.874762,-0.145941,EDR
4.8212547,9.107819,CB
11.269937,3.0681813,CB
9.78293,-2.3345006,CB
17.646832,7.8383884,EDR
5.96568,5.2232943,CB
9.612845,14.723734,EDR
15.56975,11.626854,EDR
9.757585,3.6753418,CB
15.476497,7.792088,EDR
7.8425484,13.7278385,EDR
-10.007948,-0.551565,EDR
1.9249115,11.49653,EDR
1.2641699,8.793514,CB
4.722384,3.3062432,CB
10.680023,-2.1252148,CB
2.2636862,9.93816,CB
6.8273544,9.786092,CB
10.625528,5.3140388,CB
13.023024,6.74165,EDR
12.587691,7.0728745,EDR
9.098261,-1.0099045,CB
6.263578,3.8803177,CB
15.572368,7.2550154,EDR
6.3813367,2.0577438,CB
14.602444,2.229623,EDR
1.2290906,6.991386,CB
14.733445,12.928192,EDR
11.534817,0.66197246,CB
0.7634871,14.143396,EDR
15.978642,11.176856,EDR
13.613249,-1.040589,CB
7.5964203,-2.7765424,PEP
3.3948643,9.1446295,CB
12.212646,8.706252,EDR
8.155326,2.0114193,CB
7.4830775,7.288508,CB
13.358293,6.545911,EDR
9.137954,4.720572,CB
5.5268474,-1.7557919,CB
-10.056128,-0.8381875,EDR
10.319098,10.441711,EDR
12.075541,10.104135,EDR
7.7275953,16.728512,EDR
7.8000627,16.565952,EDR
8.8745365,-0.8415867,CB
5.6197667,5.4030194,CB
13.414326,13.613472,EDR
16.912086,10.3156395,EDR
7.1451216,12.348941,EDR
10.377251,14.315859,EDR
4.085167,4.8106256,CB
11.599461,2.1320055,EDR
7.316108,15.840874,EDR
8.017137,2.0613117,CB
14.928116,0.8876325,EDR
9.396857,9.157211,CB
7.3188167,16.201172,EDR
4.421993,7.950975,CB
19.141665,4.549061,EDR
11.896577,11.826964,EDR
16.175549,12.42662,EDR
13.407822,3.5995598,EDR
6.4740825,7.6761518,CB
14.526571,6.7958794,EDR
13.74083,6.1688566,EDR
11.1853285,9.644669,EDR
6.886034,9.692963,CB
12.763879,6.8374934,EDR
5.033638,-0.013438534,CB
17.472445,6.79903,EDR
7.828416,14.883082,EDR
17.32646,3.8570418,EDR
15.83859,1.2611743,EDR
4.763308,10.836103,CB
14.449502,7.7663445,EDR
11.619259,7.9104896,EDR
6.769085,14.100461,EDR
10.1094055,2.9646423,CB
3.8973236,14.152814,EDR
16.688477,10.183345,EDR
5.2588177,3.1410704,CB
10.531777,8.984195,EDR
6.903382,16.208292,EDR
6.486898,12.456971,EDR
7.5331135,14.526361,EDR
14.143292,6.144871,EDR
5.2368565,6.0581684,CB
9.441017,15.099438,EDR
12.569435,9.759221,EDR
8.105009,6.451552,CB
8.684014,2.1144657,CB
9.89845,8.000351,EDR
6.214207,3.415166,CB
17.00878,9.840899,EDR
10.662939,6.434577,CB
9.086084,4.7794304,CB
3.0015855,7.6932197,CB
5.768057,13.136328,EDR
10.705189,6.0614643,CB
8.312179,1.9259919,CB
19.358727,4.213562,EDR
7.847175,12.132164,EDR
-0.045016073,11.183317,EDR
3.1479185,12.7871475,EDR
14.698883,6.3626876,EDR
3.3729575,14.267501,EDR
7.814642,8.953809,CB
17.21632,0.850739,EDR
14.31993,14.385545,EDR
12.494829,7.11071,EDR
14.162958,4.1437864,EDR
2.128244,11.014857,EDR
4.6231523,12.541604,EDR
12.222603,12.930043,EDR
11.48954,5.9001393,EDR
5.9194264,8.632185,CB
10.147987,3.9713724,CB
12.105115,10.114179,EDR
16.613028,4.9124446,EDR
7.2623715,14.1627865,EDR
16.104933,3.3211608,EDR
3.6788185,4.7646265,CB
8.298217,15.045278,EDR
7.1343794,7.940621,CB
13.797221,1.3753963,EDR
8.108925,3.8270364,CB
17.583618,0.8640918,EDR
7.6061344,5.2867374,CB
10.387612,11.37609,EDR
18.398598,5.255368,EDR
9.395314,8.867116,CB
14.646063,1.4703261,EDR
9.075429,13.380609,EDR
14.065475,14.54193,EDR
12.130146,10.37758,EDR
14.3780985,12.693104,EDR
7.750737,13.06323,EDR
6.043626,3.0595734,CB
11.9033,5.155781,CB
8.832451,-3.0486786,PEP
17.204548,2.7185898,EDR
3.8869412,9.527016,CB
8.888196,-4.201597,PEP
19.390148,4.028085,EDR
9.164733,7.0987444,CB
10.964732,-3.2132413,PEP
-9.762606,-1.3611333,EDR
6.8239837,3.6311183,CB
5.385415,5.810146,CB
10.857906,-2.639883,CB
11.754393,12.353646,EDR
5.900595,5.1280046,CB
-0.049507413,11.097701,EDR
10.462172,5.1813827,CB
10.762486,12.297736,EDR
2.2911067,9.736408,EDR
-10.612524,0.069827,EDR
7.3554454,-4.5443625,PEP
7.3815284,-0.5137219,CB
6.3960457,15.52382,EDR
6.2115183,4.288584,CB
10.0728,10.201947,EDR
11.792429,2.7074273,EDR
11.776312,11.630957,EDR
12.601655,1.3771241,EDR
9.413829,6.413468,CB
8.931336,10.170899,EDR
11.160294,11.5382395,EDR
13.926252,1.3378184,EDR
1.1221962,9.041232,CB
11.771104,13.618687,EDR
3.210257,4.249229,CB
12.610053,13.533079,EDR
-10.108471,-1.5657456,EDR
15.223131,4.715168,EDR
-10.156144,-0.25662914,EDR
11.262286,0.8573606,EDR
9.128539,7.377394,CB
5.967174,11.59716,CB
10.629658,-0.01440854,CB
18.481436,4.7790437,EDR
6.956223,2.2208452,CB
7.647937,6.0573,CB
9.318228,12.558892,EDR
17.806593,3.255986,EDR
10.020576,7.1920424,CB
0.15803322,10.820379,EDR
4.6274796,13.450334,EDR
11.747292,-1.5907991,CB
5.6035895,6.748149,CB
14.33277,-0.9023269,CB
3.5699153,11.348472,CB
9.853715,7.338562,CB
7.2086782,5.7018867,CB
16.046017,2.9251325,EDR
4.0245867,4.0867515,CB
6.2154255,1.0045491,CB
9.453555,11.290858,EDR
16.090303,5.209046,EDR
8.941722,0.2993614,CB
16.08716,10.529446,EDR
9.087515,16.51306,EDR
12.0970335,2.1577218,EDR
5.93918,6.283686,CB
-10.08681,-0.54994065,EDR
11.256547,1.9234325,EDR
0.8304798,13.371209,EDR
8.888359,13.899445,EDR
-10.490891,-1.2250981,EDR
13.640041,1.913556,EDR
13.101852,8.533252,EDR
11.538382,1.5570987,EDR
2.9763503,13.57241,EDR
18.273527,1.0239023,EDR
2.9915597,7.268124,CB
9.641586,1.0901377,CB
13.63871,6.304922,EDR
3.831539,12.272471,CB
8.026342,12.356693,EDR
21.293478,9.529439,CB
15.958885,9.175311,EDR
12.746161,15.449109,EDR
18.062887,6.153677,EDR
4.212631,11.281401,CB
6.646932,-1.8837134,CB
1.2711432,12.953078,EDR
12.11202,7.060702,EDR
4.406844,6.805009,CB
-9.805245,-1.3084235,EDR
8.378322,12.351405,EDR
12.288991,6.3946967,EDR
14.151063,14.619693,EDR
8.273834,6.460144,CB
7.3547335,2.6520143,CB
4.094963,13.438483,EDR
4.8737974,-0.51601875,CB
8.422559,-1.4844484,CB
9.950548,8.175858,EDR
11.507578,5.3374615,CB
10.137815,5.1909957,CB
4.1822934,13.363579,EDR
12.087989,2.6848652,EDR
7.0811176,7.418043,CB
9.258672,14.889074,EDR
5.361615,14.724116,EDR
5.8578124,6.1572404,CB
4.635478,3.2248402,CB
9.30188,5.9557166,CB
-10.666835,-1.0552727,EDR
4.899109,-0.6887704,CB
5.652463,3.198669,CB
13.36082,10.339329,EDR
7.258592,2.0778728,CB
5.0440645,6.924253,CB
16.80565,6.453582,EDR
5.431728,5.9393034,CB
4.481949,6.224692,CB
6.869226,1.4794319,CB
3.7966897,7.3697686,CB
11.286966,8.3420105,EDR
8.261792,16.27563,EDR
14.145391,14.364484,EDR
14.155996,5.338608,EDR
14.308015,3.9841704,EDR
18.202072,2.246761,EDR
3.4137406,2.6603544,CB
11.754012,3.4049592,EDR
6.9950237,8.175579,CB
11.012619,9.378571,EDR
9.028042,1.0355197,CB
9.606491,10.508826,EDR
8.263535,10.35571,EDR
5.2673907,7.9395194,CB
0.91228896,7.9835234,CB
7.9116225,12.734154,EDR
5.077477,1.8851241,CB
8.000033,14.236409,EDR
12.306831,-0.20441984,CB
8.59292,10.139745,CB
2.7672791,14.935932,EDR
10.564155,14.761306,EDR
-9.764513,-0.5677635,EDR
-10.122423,-0.40874714,EDR
15.041761,14.065466,EDR
1.7213734,10.713864,EDR
-10.587378,-1.3998529,EDR
5.5138793,6.209612,CB
11.437265,9.185873,EDR
6.0509424,13.37772,EDR
10.541093,1.8560091,CB
14.444731,7.390818,EDR
11.788329,14.059079,EDR
16.672382,4.644603,EDR
7.9908004,5.4020543,CB
18.540047,5.369353,EDR
14.928285,12.830167,EDR
16.11086,12.915084,EDR
8.705095,9.214773,EDR
7.2183766,8.50118,CB
14.19815,-1.0709486,CB
-9.426664,-1.3211919,EDR
2.7377508,14.099227,EDR
12.478977,-1.3064775,CB
14.071129,8.758496,EDR
3.8490956,1.4984148,CB
18.78397,3.9515138,EDR
12.379426,4.986285,EDR
12.9536915,10.097625,EDR
8.286578,2.0265784,CB
-10.267743,-1.549976,EDR
9.366767,-0.38131365,CB
10.491647,14.645953,EDR
10.663231,12.289202,EDR
13.6909895,4.2858186,EDR
13.739513,10.015806,EDR
14.632478,-0.64237875,CB
0.6550655,13.286996,EDR
9.763235,15.499901,EDR
14.47928,-0.12763672,CB
-10.751648,-0.16362576,EDR
6.7096605,2.191279,CB
13.058468,11.921148,EDR
7.1042204,2.6652005,CB
3.6955802,9.517985,CB
14.447484,12.690992,EDR
4.672104,7.315076,CB
19.160322,4.478394,EDR
5.4606447,10.067306,CB
9.38238,13.442555,EDR
10.821032,-2.8054237,CB
11.582259,12.165833,EDR
6.8136873,5.969202,CB
4.5719795,9.465356,CB
14.245672,7.1875434,EDR
5.4019957,6.085812,CB
3.8981187,10.223201,CB
11.607916,5.99383,CB
2.43653,6.143879,CB
0.028371649,9.302458,EDR
8.255738,9.262087,CB
1.4262317,5.438442,CB
9.980034,6.765447,EDR
5.1666174,10.186333,CB
14.096995,6.0629983,EDR
7.862042,5.9627867,CB
15.168684,3.4019163,EDR
11.199831,2.844516,CB
12.075653,12.430526,EDR
7.3291564,11.130843,EDR
10.9816885,4.9892783,CB
2.5119243,7.009774,CB
14.319933,3.887124,EDR
5.634046,-1.8763396,CB
5.037759,1.6570886,CB
9.800056,8.228055,EDR
15.504051,9.795967,EDR
7.70055,10.093204,CB
-10.915585,-0.25758952,EDR
14.775627,3.154934,EDR
0.12594141,9.272379,CB
16.380743,5.1777515,EDR
3.8721042,11.322621,CB
0.82876134,12.115464,EDR
9.157341,12.547673,EDR
7.756515,10.270973,CB
11.922632,2.5478127,EDR
7.172859,13.541871,EDR
13.964044,6.7401915,EDR
12.034063,13.323386,EDR
14.728468,9.293929,EDR
16.066538,6.5723276,EDR
8.087643,9.267562,CB
7.0719705,5.7172556,CB
15.905508,13.15434,EDR
4.9569764,10.245209,CB
14.483431,4.640698,EDR
17.968716,6.3807817,EDR
10.340321,1.9592181,CB
6.094294,1.728735,CB
12.077645,11.837386,EDR
5.3967147,9.216301,CB
-10.984256,-0.4777811,EDR
9.438957,-1.0577822,CB
12.950332,2.1927414,EDR
6.6682925,9.478799,CB
11.644851,1.930381,EDR
5.6700726,15.269815,EDR
13.454188,7.4366693,EDR
8.87706,9.80486,CB
13.648869,11.065443,EDR
17.011078,9.412184,EDR
14.323477,8.731213,EDR
7.772028,6.4467754,CB
6.4962673,3.2834234,CB
12.764541,13.431005,EDR
19.319544,3.7203429,EDR
-0.037697464,8.491235,CB
2.15247,11.264456,EDR
18.943478,2.4260676,EDR
7.1658735,1.6557851,CB
13.532283,7.898113,EDR
1.1118972,6.8245506,CB
2.5182242,13.615055,EDR
19.04161,3.8129666,EDR
3.4666374,11.4586735,CB
13.672017,13.399937,EDR
10.199467,12.662273,EDR
14.736581,2.3826735,EDR
4.8362346,2.7281432,CB
9.238526,-0.43953383,CB
12.437351,5.462591,EDR
12.744151,7.0151906,EDR
4.176678,8.602284,CB
11.077942,5.6159124,CB
4.213665,7.04643,CB
0.18860304,11.006002,EDR
6.161219,-2.1656537,PEP
18.374325,2.3404968,EDR
10.38811,12.235498,EDR
0.04770297,9.919279,CB
9.038823,3.8360317,CB
17.370106,1.5645422,EDR
3.5328128,6.6623316,CB
17.378212,2.7360554,EDR
6.283591,1.3682169,CB
10.763426,0.5361839,CB
17.117834,6.4781146,EDR
10.043997,0.5134919,CB
12.1538315,0.09859413,CB
11.80723,9.407161,EDR
18.34832,1.987243,EDR
10.060929,14.178534,EDR
3.7496796,12.834201,EDR
5.7643337,2.945913,CB
8.032313,7.345983,CB
2.6473482,8.128315,CB
10.305908,10.694905,EDR
12.333359,0.6109992,EDR
4.8647494,16.073029,EDR
12.206623,11.849934,EDR
7.35781,-1.5543885,CB
5.1675096,14.396706,EDR
8.209852,10.984564,CB
12.063214,-2.2078373,CB
16.051088,7.1933584,EDR
7.4857683,10.46799,CB
4.230368,9.616938,CB
2.133415,13.51307,EDR
15.982621,5.805373,EDR
7.175089,1.8901811,CB
10.1084585,6.357326,CB
11.946402,4.9609714,EDR
13.501619,11.531699,EDR
7.2254105,-2.0911696,CB
5.077678,-0.46766654,CB
14.763172,9.432657,EDR
2.4149375,5.69103,CB
7.0456634,2.8924248,CB
12.016545,10.779462,EDR
-10.498242,-0.74012697,EDR
6.4398804,10.546418,CB
13.9066105,14.829394,EDR
3.3321853,8.295252,CB
15.41761,9.969145,EDR
10.941043,1.4374657,CB
7.9293203,5.1155033,CB
1.4354507,7.975639,CB
8.872432,7.1561103,CB
8.6714735,2.4296167,CB
6.181844,9.107868,CB
9.878253,0.51841414,CB
16.160656,5.4838066,EDR
-10.151044,-1.3560945,EDR
1.3076152,11.386445,EDR
7.726796,9.553892,CB
11.031615,4.322204,CB
3.9456673,11.928421,CB
-11.14991,-1.4591289,EDR
9.44615,11.08746,EDR
6.999319,-0.38104174,CB
12.906747,5.368249,EDR
5.6899004,0.958808,CB
7.3195195,8.054266,CB
6.624251,11.66871,EDR
14.342058,4.5931315,EDR
4.7432537,2.5199132,CB
-10.559109,-0.20733058,EDR
14.957897,2.4340491,EDR
7.4380755,6.3997874,CB
9.462245,9.789616,CB
9.165258,-3.6453562,PEP
14.442091,0.40799642,CB
6.492079,0.13439396,CB
13.712819,12.064238,EDR
5.3765554,5.3116913,CB
7.90357,14.781406,EDR
8.524954,7.039148,CB
9.403735,9.377173,EDR
0.26734555,8.680048,CB
18.286764,1.3111045,EDR
9.093602,1.215663,CB
8.436945,14.569043,EDR
12.987327,12.254616,EDR
9.582563,-2.950459,PEP
5.428627,0.5909869,CB
10.614806,7.616663,EDR
8.40747,12.470997,EDR
11.414674,1.3674495,EDR
9.793751,15.019992,EDR
17.281584,9.379022,EDR
16.329035,7.9999313,EDR
4.276303,12.63503,EDR
12.132381,0.8441772,EDR
14.075519,10.041735,EDR
21.451694,9.573266,CB
2.6636806,11.367117,CB
7.711221,0.18005255,CB
10.56745,7.3337693,EDR
13.426119,5.967233,EDR
6.751969,0.89020985,CB
3.2326767,1.741081,CB
6.5606003,4.27267,CB
3.9186692,0.910861,CB
12.121909,9.674835,EDR
9.813011,-1.0768889,CB
10.704363,1.9123646,CB
6.942869,14.734184,EDR
10.690688,9.345229,EDR
9.04531,14.987216,EDR
16.380688,12.301684,EDR
5.2523475,10.716751,CB
13.460962,2.6276898,EDR
14.972863,2.6745214,EDR
7.517664,9.700093,CB
15.1361065,14.103446,EDR
9.437398,4.6792665,CB
7.2882853,5.131676,CB
13.900232,13.33391,EDR
4.0581255,2.8717725,CB
18.340921,1.2370212,EDR
13.542435,12.682388,EDR
11.951484,4.935881,EDR
14.824075,10.310259,EDR
10.198142,4.820878,CB
18.226688,6.301404,EDR
10.001883,14.213743,EDR
8.159407,1.5651336,CB
12.765137,10.640878,EDR
10.7164,9.32641,EDR
16.785223,4.678737,EDR
11.382667,10.709528,EDR
14.546901,14.61024,EDR
11.319452,5.4519773,CB
12.586985,0.5091711,CB
14.263747,4.833628,EDR
8.974582,-0.098684624,CB
7.7129784,3.8113785,CB
14.245458,12.293739,EDR
8.527073,10.593913,EDR
11.185716,5.684148,CB
4.9939485,9.660851,CB
13.207647,2.038556,EDR
4.7744145,15.562347,EDR
15.069714,1.3980917,EDR
2.6884365,14.613,EDR
16.390713,6.751246,EDR
11.819013,15.360906,EDR
6.828374,-1.1254467,CB
15.203532,0.39132628,EDR
13.460922,13.668741,EDR
7.9330473,4.314923,CB
12.293261,-1.6309308,CB
13.404193,-1.2496028,CB
10.710426,5.695893,CB
14.467073,4.642315,EDR
-10.845483,-0.10647671,EDR
11.092074,0.70136815,CB
6.398694,1.1212398,CB
18.609547,3.3193533,EDR
16.514277,6.9450173,EDR
8.890429,6.415501,CB
-0.023806654,12.438401,EDR
9.626098,6.459725,CB
1.7039634,10.741622,EDR
5.1617856,14.391316,EDR
13.268783,11.020296,EDR
3.3053858,13.329304,EDR
8.755311,-4.1581707,PEP
3.3601224,8.088235,CB
6.966443,5.466962,CB
5.967844,12.247319,EDR
13.847284,9.777917,EDR
13.185209,-0.42851982,CB
14.334782,11.44269,EDR
6.2763076,15.818364,EDR
13.713371,5.1963506,EDR
9.000381,-1.7192492,CB
9.771633,5.8366337,CB
7.6628847,7.15383,CB
15.8708725,2.8183715,EDR
6.088686,15.483578,EDR
7.3026733,10.371411,CB
1.7803621,13.709018,EDR
11.463276,2.8741689,EDR
14.903805,8.504627,EDR
3.8666444,9.251737,CB
3.5903103,13.032962,EDR
15.987277,10.158116,EDR
14.497336,1.7235188,EDR
8.304636,15.004915,EDR
9.277529,0.99606574,CB
8.465152,13.185987,EDR
2.441057,7.368675,CB
14.879953,12.954481,EDR
10.926972,1.8608629,CB
1.8435783,6.393531,CB
17.385057,0.8180785,EDR
7.4516597,13.9841585,EDR
7.3517475,0.32871774,CB
6.084134,8.269593,CB
7.605877,5.4393926,CB
13.234021,13.556045,EDR
9.55898,12.686676,EDR
16.937782,3.9734254,EDR
17.014374,2.0063512,EDR
11.311716,9.52974,EDR
15.949565,5.8124046,EDR
5.1862516,5.4923162,CB
11.308193,-1.7368056,CB
10.365817,12.026375,EDR
4.1988935,14.741788,EDR
17.974468,4.196645,EDR
17.419706,3.0165048,EDR
17.847647,6.297383,EDR
9.316355,11.181151,EDR
13.160837,8.877277,EDR
-10.376193,-0.43652067,EDR
16.316175,8.518533,EDR
16.210588,6.0849605,EDR
6.221088,11.934502,EDR
6.6639676,3.3371465,CB
-10.338113,-0.34645852,EDR
11.587441,7.407594,EDR
2.5515268,13.103982,EDR
9.325561,14.429741,EDR
3.289688,14.1068535,EDR
2.4303484,14.165081,EDR
7.8675685,13.37458,EDR
6.824311,10.18633,CB
4.7025304,4.483688,CB
8.201045,8.32725,CB
2.004038,8.524436,CB
4.7144356,14.664705,EDR
-10.474138,0.061920132,EDR
10.029375,8.24092,EDR
10.257511,1.848545,CB
14.715954,6.538529,EDR
13.969771,-1.3437129,CB
6.2160506,6.395415,CB
8.7674465,16.387499,EDR
7.7731776,-3.1219578,PEP
17.355526,2.7767584,EDR
4.7350764,4.953293,CB
4.1062303,2.202306,CB
14.400181,13.752315,EDR
2.5273511,4.2145677,CB
9.529945,-2.1850767,CB
7.4094934,9.204309,CB
9.506974,4.341826,CB
2.3285713,13.772922,EDR
3.069781,4.424549,CB
11.073753,9.567648,EDR
12.982612,4.0572286,EDR
9.779008,9.9202795,EDR
18.346264,4.7460914,EDR
11.599386,-1.0956976,CB
7.6794343,8.839773,CB
11.733166,14.305548,EDR
6.6732154,13.984731,EDR
7.9664464,8.800488,CB
4.2346916,11.547531,CB
-10.933715,-1.0376968,EDR
5.8618455,6.6348405,CB
14.206107,-1.2151718,CB
12.484495,5.1598163,EDR
-10.827046,-1.3260049,EDR
11.613212,10.341956,EDR
3.0571313,10.461346,CB
7.342113,-2.7572608,PEP
5.3192906,11.813457,CB
12.222995,8.458407,EDR
4.095401,5.953784,CB
12.067207,4.8428197,EDR
11.856868,2.8733482,EDR
14.537285,-1.0018935,CB
8.149266,12.000011,EDR
3.2809546,6.552131,CB
6.848587,0.76779836,CB
19.349333,4.8248315,EDR
9.093583,5.425693,CB
13.116285,-0.16494808,CB
4.9992256,12.459781,EDR
8.808678,3.157907,CB
13.426019,14.838408,EDR
7.601907,14.320476,EDR
17.924274,5.6808424,EDR
15.818878,11.016383,EDR
4.5926275,12.08173,EDR
10.850572,9.087156,EDR
11.014423,-2.884518,CB
14.683935,6.8405743,EDR
3.7452247,13.265683,EDR
15.343221,3.6904407,EDR
16.49724,5.5808096,EDR
9.340941,13.967095,EDR
15.260627,12.831791,EDR
15.368957,8.242585,EDR
3.4148273,7.9629526,CB
5.0535,10.283226,CB
5.808592,6.0800157,CB
5.2632484,3.9764528,CB
3.1395664,8.879045,CB
10.970877,8.844299,EDR
10.470641,-0.58002794,CB
6.14825,7.0127435,CB
12.244225,12.176124,EDR
15.209258,10.149832,EDR
8.647064,8.528766,CB
10.355555,6.6683106,CB
6.52823,13.8324175,EDR
0.4891602,13.807517,EDR
8.940765,-4.097013,PEP
10.68009,6.5996614,CB
13.341678,6.331913,EDR
7.320396,14.597367,EDR
3.47381,10.054919,CB
14.840352,2.6043108,EDR
9.2030525,2.1049967,CB
4.6355505,13.429646,EDR
14.632359,0.39016214,CB
15.203522,5.225963,EDR
4.9328227,-0.14150263,CB
7.9098063,9.267872,CB
-10.166001,-0.7173123,EDR
9.440619,14.67833,EDR
5.9540987,5.595362,CB
3.603164,8.480264,CB
1.2181649,11.112156,EDR
7.656822,1.8837007,CB
13.498494,13.843717,EDR
3.5098665,13.2623005,EDR
-10.160059,-0.7649921,EDR
3.6229272,13.563028,EDR
6.407667,9.717343,CB
12.1366205,-0.015728474,CB
15.99445,-0.04671445,EDR
10.157684,-2.8616505,PEP
9.677212,11.472997,EDR
10.401573,15.03771,EDR
4.3526206,-0.24780245,CB
13.640543,14.2180605,EDR
1.7450137,9.194302,CB
8.5422535,6.698398,CB
3.3600578,7.459888,CB
0.7887899,13.272405,EDR
-10.730192,-1.3332503,EDR
12.185903,8.385781,EDR
6.510357,1.1731485,CB
14.970127,11.475293,EDR
12.643024,12.576144,EDR
6.453206,15.776465,EDR
16.954374,11.297067,EDR
12.88558,13.688557,EDR
12.79495,6.4984965,EDR
6.8091226,0.39297953,CB
6.902851,-0.6334087,CB
5.4501534,5.534452,CB
9.717223,4.8336973,CB
9.677864,11.605614,EDR
10.897899,8.040326,EDR
4.107855,7.550348,CB
17.881193,6.502022,EDR
8.593558,13.128485,EDR
18.557652,5.2080407,EDR
7.158737,14.664636,EDR
9.93446,-1.5680096,CB
11.243341,-0.8456675,CB
14.341521,6.454192,EDR
12.309273,15.43277,EDR
4.44766,12.86085,EDR
4.845965,3.0640311,CB
14.811598,6.510844,EDR
9.243613,11.354352,EDR
9.222125,12.483728,EDR
11.45905,3.1964908,CB
1.189162,7.0619154,CB
13.031815,2.6730397,EDR
12.448107,13.463505,EDR
15.978479,12.609394,EDR
13.4517765,9.204864,EDR
9.424399,6.885073,CB
2.553155,10.745557,CB
4.8295197,7.9811354,CB
12.82614,3.7812703,EDR
11.006349,11.0616,EDR
-10.507267,-1.5712632,EDR
8.706467,6.402601,CB
16.376041,10.648426,EDR
-10.676713,-1.1534204,EDR
6.8955812,11.274699,EDR
10.706659,-2.230359,CB
15.3505,3.6937504,EDR
5.134789,3.4319491,CB
10.444061,5.985398,CB
8.132681,5.248256,CB
4.358863,3.1626494,CB
15.781165,11.473139,EDR
10.1445875,-3.1478832,PEP
14.863524,4.566382,EDR
6.6405725,-0.30329403,CB
13.968096,7.878416,EDR
13.053684,15.271834,EDR
-9.749412,-0.39135513,EDR
10.941698,14.013767,EDR
5.8226213,2.65211,CB
16.047739,9.815392,EDR
16.179502,0.11764351,EDR
18.996485,3.9150198,EDR
10.29211,-1.8155303,CB
5.045113,1.2339913,CB
13.25284,11.899965,EDR
15.752407,1.502547,EDR
12.900778,1.2207481,EDR
11.664806,-0.69839627,CB
6.808325,3.2206469,CB
2.613737,9.2179365,CB
6.4985404,12.987426,EDR
6.0535083,-1.272603,CB
8.490467,9.590865,CB
10.745103,-2.9063134,CB
-10.648706,-0.56879026,EDR
13.876822,1.9303699,EDR
2.275146,10.035336,CB
18.027872,1.0985633,EDR
4.3260446,4.432589,CB
2.129572,6.9454927,CB
4.3173766,2.007003,CB
7.327465,5.2086034,CB
5.466578,8.849306,CB
13.26177,2.8162134,EDR
8.631333,16.531067,EDR
12.262641,-1.9139507,CB
3.910655,6.4850006,CB
8.873777,2.7187123,CB
15.944987,6.3275375,EDR
9.566052,8.620346,EDR
4.8583813,9.972387,CB
12.848697,6.6975226,EDR
11.504198,9.350262,EDR
16.203451,12.562252,EDR
11.757322,-1.9743931,CB
15.387051,11.549162,EDR
8.617424,11.230461,EDR
15.857929,8.91306,EDR
9.932298,9.425945,EDR
0.08727307,11.478796,EDR
13.27583,-1.8398416,CB
7.349668,10.1479225,CB
3.6174893,1.3317497,CB
16.124155,8.519152,EDR
7.4698358,-1.8297777,CB
8.784063,7.8261857,CB
5.136459,3.0061753,CB
12.655668,4.22453,EDR
7.1560497,5.9887996,CB
15.415918,1.3878376,EDR
8.545567,14.164225,EDR
2.838392,3.2022226,CB
16.802137,2.6630719,EDR
3.8525357,11.921313,CB
0.18154024,11.166032,EDR
5.0398936,-0.9926102,CB
5.0345483,3.3190691,CB
4.589584,-0.55301815,CB
0.36695918,7.811949,CB
3.3302104,14.477891,EDR
11.022028,1.6028821,CB
7.833293,10.934425,EDR
4.217204,2.991179,CB
3.7423391,8.799507,CB
13.141756,12.534105,EDR
17.831127,1.7983867,EDR
13.025098,-0.006332814,CB
6.018707,4.9509273,CB
12.45309,13.403684,EDR
5.5381045,8.025588,CB
5.4256063,11.77873,EDR
14.226594,8.999242,EDR
2.5159483,4.100087,CB
11.404118,-1.1823937,CB
7.460879,7.2817345,CB
9.63347,9.473217,EDR
-10.43184,-0.31583107,EDR
21.4483,9.634974,CB
5.107047,8.423335,CB
7.576734,8.351173,CB
6.4282765,13.5651655,EDR
6.210323,4.7605915,CB
2.0748844,13.705536,EDR
16.521116,4.247593,EDR
14.315818,2.4362743,EDR
13.512714,-1.1138039,CB
7.053777,7.2809844,CB
1.7397571,9.937358,CB
9.160414,10.295506,EDR
-10.002678,-1.4263973,EDR
4.758723,6.9295278,CB
5.392586,0.8138556,CB
12.4221945,-0.2220853,CB
16.602121,5.07556,EDR
1.3371713,11.676188,EDR
3.737423,3.3698435,CB
12.811281,12.294676,EDR
6.396712,-0.9194405,CB
0.16935179,8.973737,CB
2.5769176,11.837178,EDR
12.09907,1.5324746,EDR
5.6645947,0.895175,CB
4.8464446,5.125348,CB
-10.602639,-1.0445039,EDR
9.664351,3.8449202,CB
6.0470037,1.4685606,CB
8.679765,7.1329737,CB
17.260237,10.316713,EDR
-10.254555,-0.25404888,EDR
11.338575,11.950736,EDR
6.175188,7.1278396,CB
7.115114,6.2317724,CB
3.9457736,15.700811,EDR
10.539238,3.9970737,CB
6.774624,8.21356,CB
11.59161,4.4071064,EDR
-10.517923,-1.2625324,EDR
7.776626,2.4967456,CB
4.34709,8.664147,CB
13.816838,4.999699,EDR
12.905164,12.915635,EDR
11.624796,0.44126394,CB
1.4568938,11.515099,EDR
9.798723,2.6520538,CB
9.1249275,11.321375,EDR
2.9593983,5.342197,CB
18.27124,6.0624433,EDR
6.0927,8.86109,CB
10.961963,8.232053,EDR
8.285597,2.0232368,CB
11.738836,7.247677,EDR
11.421499,1.8441315,EDR
10.677556,12.186435,EDR
5.1844754,6.0039616,CB
10.2147045,6.5773087,EDR
14.137917,2.4874296,EDR
-9.76001,-1.1577559,EDR
17.726723,7.7180753,EDR
6.0132933,8.481905,CB
1.4119979,11.911388,EDR
7.3083906,10.647001,EDR
11.34853,13.6491585,EDR
18.323378,4.3679457,EDR
9.941514,7.9586015,EDR
4.2102175,4.291664,CB
10.307158,10.538957,EDR
14.305392,7.0625086,EDR
14.271875,3.7314775,EDR
12.361677,4.0678887,EDR
6.669623,14.979321,EDR
11.955939,9.059606,EDR
6.835058,5.522811,CB
7.872676,6.2404504,CB
10.743727,9.449735,EDR
11.6125,6.4924235,EDR
7.011416,6.1536555,CB
5.088842,12.946723,EDR
11.616741,5.7701983,CB
7.7097034,6.713866,CB
8.281273,9.385118,CB
8.861213,-4.1175585,PEP
13.829207,1.9328877,EDR
12.0941,12.632249,EDR
8.941563,9.043193,CB
9.200095,12.895125,EDR
3.7703557,5.594503,CB
-0.017846182,9.958134,CB
17.649317,6.812464,EDR
14.17378,7.901082,EDR
5.05951,-1.0171686,CB
2.4415379,10.66778,CB
8.604233,-0.94557935,CB
13.240358,12.496488,EDR
2.080064,13.335942,EDR
1.6472447,9.441497,CB
3.0417335,12.153002,EDR
2.6620858,10.315571,CB
11.916073,0.32284254,CB
10.0747795,11.548034,EDR
7.917898,10.341039,CB
10.699998,0.75412315,CB
7.579605,9.012352,CB
1.1761147,9.746414,CB
15.858556,5.852012,EDR
7.1999083,12.610056,EDR
2.34655,9.038456,CB
3.3428082,15.356815,EDR
5.0013304,5.335622,CB
5.617275,8.232411,CB
11.201326,5.486678,CB
6.725303,14.7642355,EDR
10.519519,5.4838605,CB
14.086698,10.18556,EDR
12.830368,14.743852,EDR
11.079711,-2.343376,CB
4.533049,6.6585317,CB
3.4135118,13.439089,EDR
21.443054,9.465512,CB
8.878577,10.767814,EDR
4.4581575,-0.22749926,CB
3.6219842,15.327559,EDR
15.970193,6.76067,EDR
13.602094,11.277505,EDR
3.825075,6.493762,CB
6.9873366,-1.980326,CB
9.524559,10.503297,EDR
12.22827,15.652447,EDR
-10.156434,-0.7979472,EDR
11.961366,0.92628944,EDR
11.261888,8.885799,EDR
3.8505118,1.5794891,CB
7.9751163,4.2740064,CB
7.745103,4.479303,CB
12.331966,6.915265,EDR
9.812143,-0.56444806,CB
7.4976807,12.973037,EDR
12.0263195,10.734115,EDR
6.919726,1.4785635,CB
7.0330405,15.973613,EDR
6.7108793,-2.0625463,CB
5.215692,7.316338,CB
6.1532183,10.552674,CB
17.92791,5.203767,EDR
12.416381,2.2005918,EDR
4.3508773,4.96278,CB
0.10575749,8.594587,CB
9.991564,3.1729138,CB
11.321561,10.680725,EDR
7.5792522,7.3158712,CB
7.0324764,3.8857458,CB
16.95793,1.3980906,EDR
14.023825,6.6737123,EDR
9.479482,11.417025,EDR
4.938875,7.669094,CB
5.5966587,9.240107,CB
12.102882,14.03455,EDR
15.773379,7.428527,EDR
18.745075,4.8993134,EDR
1.6680537,13.627214,EDR
9.874575,-0.93121254,CB
7.312705,7.8459187,CB
14.853275,7.0746484,EDR
12.821425,9.1295185,EDR
5.9217086,8.352008,CB
1.3919718,10.453715,CB
6.496217,7.41467,CB
12.102459,8.12293,EDR
4.925176,14.462067,EDR
6.144565,12.7494135,EDR
9.132955,8.1013565,CB
7.040499,14.129038,EDR
13.469033,8.806773,EDR
10.928523,3.8183033,CB
4.280561,0.49660337,CB
11.940829,-2.886856,CB
10.21649,4.7207365,CB
13.963047,12.529648,EDR
5.850107,2.6703558,CB
8.187299,11.782225,EDR
10.274243,3.708337,CB
4.7222056,5.466823,CB
9.378792,5.767978,CB
8.229142,4.634904,CB
16.833508,9.695693,EDR
8.325457,10.671693,EDR
5.164484,2.7900395,CB
14.777184,10.963323,EDR
13.845961,2.4445758,EDR
11.105692,6.638885,CB
1.51321,10.537852,CB
3.8286788,14.614615,EDR
4.6232696,8.559281,CB
13.741805,11.591138,EDR
10.721657,-2.263086,CB
10.149264,7.3902917,CB
9.478652,8.493757,EDR
10.407932,4.309301,CB
6.9097657,6.183491,CB
3.1125417,15.023049,EDR
15.339572,2.5243397,EDR
7.4014707,-4.5411534,PEP
9.634353,3.2729096,CB
7.680166,9.547568,CB
-10.481494,-0.24286579,EDR
8.65334,14.499229,EDR
14.90931,0.29338682,CB
6.971293,5.6938643,CB
9.323497,13.40966,EDR
9.945205,10.535155,EDR
5.4048467,6.14947,CB
11.209961,8.0398655,EDR
0.43533146,8.184919,CB
12.448335,11.858452,EDR
5.8609223,-0.92734057,CB
2.8262687,14.604162,EDR
6.0743923,2.694088,CB
1.8824875,12.586377,EDR
8.208124,15.270897,EDR
8.112163,9.490798,CB
5.9381547,13.238426,EDR
2.8915741,13.727967,EDR
7.311832,4.3029346,CB
4.636658,3.0661757,CB
6.1184263,15.539744,EDR
3.616775,15.619671,EDR
14.6144905,5.9086533,EDR
4.744778,13.534184,EDR
3.711212,2.0049908,CB
9.334933,11.464096,EDR
14.325635,4.301851,EDR
9.738085,12.533861,EDR
10.751294,-0.6489774,CB
7.6747317,12.873578,EDR
6.943524,7.995816,CB
7.285182,5.442559,CB
17.170229,6.8982906,EDR
7.0571284,3.6171417,CB
18.332937,6.1760416,EDR
3.2795084,9.352506,CB
3.9941442,13.084655,EDR
17.742098,8.371957,EDR
8.555872,9.714411,CB
9.298498,0.20227046,CB
4.0847325,13.647246,EDR
13.684739,12.400874,EDR
9.258982,9.554598,EDR
10.329615,7.086279,CB
-9.927077,-0.72673404,EDR
14.46067,11.644313,EDR
-10.539714,-0.2867082,EDR
5.1991963,4.9981513,CB
0.6525445,9.638405,CB
13.92224,10.672657,EDR
2.5991693,10.117801,CB
6.536803,8.328397,CB
16.0403,8.982714,EDR
7.7188916,0.10839446,CB
12.939698,0.70434237,CB
6.704859,6.790236,CB
5.7168145,5.381231,CB
16.97241,2.6860747,EDR
3.0148172,4.703057,CB
14.4242325,7.721562,EDR
3.9109585,3.3095827,CB
9.385218,2.7165835,CB
12.222736,-2.5484693,PEP
12.606735,8.295025,EDR
11.7616005,13.956092,EDR
8.844487,4.871445,CB
9.4288225,10.510247,EDR
5.608886,12.916978,EDR
8.230859,7.144269,CB
11.196131,5.700075,CB
-10.876043,-0.8877665,EDR
14.226088,10.059917,EDR
7.091276,7.281891,CB
8.918345,7.613533,CB
7.645452,-1.6768622,CB
15.479545,9.381601,EDR
11.00741,14.038245,EDR
8.430593,7.988178,CB
1.831113,8.552925,CB
9.579765,11.08777,EDR
16.626904,7.412829,EDR
8.83365,2.9575953,CB
11.072243,8.4478245,EDR
9.020313,0.925198,CB
9.491666,13.811673,EDR
11.173432,14.099466,EDR
8.538948,10.360027,EDR
5.828238,2.9614244,CB
10.727345,6.5149674,CB
7.633887,4.6219635,CB
10.135747,3.0217955,CB
9.597255,-1.6708621,CB
11.198752,14.358811,EDR
10.913058,-0.11946486,CB
11.823498,-0.58080417,CB
11.866941,3.3503208,EDR
-10.451735,-1.4604274,EDR
7.1553674,10.21445,CB
1.0676624,8.22114,CB
16.719828,3.5463831,EDR
9.4604,2.5990705,CB
4.626735,11.09233,CB
8.998204,8.401193,CB
14.652729,7.524975,EDR
0.60942936,7.183937,CB
9.568854,13.28186,EDR
2.1961417,12.360126,EDR
5.047477,13.86803,EDR
5.925311,4.4595184,CB
7.1621456,15.832435,EDR
18.42221,5.077702,EDR
13.456559,14.584153,EDR
5.4607673,8.11782,CB
10.706521,14.983753,EDR
12.053683,6.6897855,EDR
3.7403202,7.939418,CB
5.11091,6.1394534,CB
6.7675023,5.830989,CB
17.572672,6.193489,EDR
13.44033,13.360764,EDR
6.4764705,-0.77169394,CB
17.783241,4.3594584,EDR
11.585816,8.688333,EDR
5.4134526,1.3224745,CB
13.715567,8.005504,EDR
4.5779185,10.1379385,CB
15.000677,3.2981355,EDR
16.496956,10.466964,EDR
7.968818,-3.4185174,PEP
6.445212,1.6146587,CB
21.491745,9.562128,CB
10.048475,1.132694,CB
0.63168883,12.603913,EDR
17.2471,2.324912,EDR
3.5849679,2.8771138,CB
0.5122256,12.359525,EDR
10.682392,7.620948,EDR
10.433152,3.840709,CB
8.316093,10.999504,EDR
14.535952,8.80095,EDR
7.1922126,12.592023,EDR
5.6489854,9.841336,CB
13.90476,12.386966,EDR
4.619204,2.7097754,CB
6.567306,5.308339,CB
10.670003,6.1265464,CB
4.202956,5.1167893,CB
15.031485,14.233305,EDR
5.2620807,9.4289055,CB
7.5220294,1.4713833,CB
9.781967,-4.0206523,PEP
8.314641,16.46382,EDR
6.723421,10.497875,CB
3.4013104,4.5630007,CB
5.3458924,14.434329,EDR
7.473233,5.333623,CB
-9.935394,-0.92968804,EDR
13.7237425,6.0992002,EDR
12.259011,14.034661,EDR
5.31817,14.726935,EDR
12.824582,0.21860322,CB
12.071395,5.407425,EDR
8.855548,2.104791,CB
-9.8421335,-1.3274966,EDR
8.096918,13.3777275,EDR
5.1213646,3.034983,CB
14.335119,4.306497,EDR
14.269979,2.3003793,EDR
9.314786,4.8501315,CB
16.103315,3.2537887,EDR
7.5263147,1.6069973,CB
9.538365,-1.1626973,CB
13.444039,7.62232,EDR
8.767582,13.20113,EDR
3.4146042,12.649179,EDR
8.416173,15.926773,EDR
14.471993,13.865208,EDR
9.213784,10.347608,EDR
16.48789,9.443877,EDR
7.9807415,9.828252,CB
-10.486144,-0.6629625,EDR
5.6929045,5.7601247,CB
7.74912,13.517735,EDR
10.301662,14.770897,EDR
9.230919,5.9771175,CB
16.39966,10.212132,EDR
8.747311,8.656627,CB
13.837358,2.0671573,EDR
16.134687,8.045956,EDR
11.837954,5.4879737,CB
12.0450535,14.02243,EDR
2.492415,9.356415,CB
9.7456045,10.537737,EDR
11.337728,-2.9424217,CB
10.993541,5.674503,CB
6.770765,4.2984943,CB
2.6559281,4.677853,CB
8.429599,6.17916,CB
11.24605,8.700327,EDR
9.152589,4.8661237,CB
11.957745,0.5997068,CB
14.416402,10.02702,EDR
13.613326,11.878587,EDR
11.196987,5.533337,CB
6.628479,1.3673278,CB
10.736643,7.401336,CB
4.1482115,4.396346,CB
18.93417,2.4159653,EDR
7.9457264,15.27223,EDR
12.23615,8.864667,EDR
-9.785209,-0.9928845,EDR
6.2030125,4.1475954,CB
2.4771063,7.9212976,CB
17.098076,9.59867,EDR
10.260021,11.959815,EDR
4.1579366,10.144941,CB
6.267998,5.2012296,CB
8.706565,8.889567,CB
9.162535,3.2968235,CB
11.214644,-3.3736675,PEP
11.022005,6.934683,EDR
3.6730285,3.5632384,CB
7.452218,11.9310055,EDR
14.176738,12.820571,EDR
14.575469,-0.8046715,CB
6.0897145,11.013568,CB
11.207516,8.3422985,EDR
11.808132,11.990068,EDR
5.3281546,7.548277,CB
8.632825,15.227639,EDR
3.858984,0.61577326,CB
6.675554,6.3326697,CB
12.819691,-2.0648417,CB
8.590647,1.5905255,CB
5.2736816,4.535463,CB
13.104248,11.097367,EDR
10.533956,9.404913,EDR
13.393203,0.77837926,CB
1.7685034,7.176621,CB
8.371066,-3.0468557,PEP
8.647964,-2.3151495,PEP
12.787243,5.4047217,EDR
18.136934,4.540205,EDR
8.366383,-2.6335292,PEP
14.262806,6.6743765,EDR
2.0416756,8.913673,CB
3.9944735,2.7377062,CB
3.2615695,10.679352,CB
3.8152115,15.3029,EDR
0.86856425,13.459069,EDR
6.1952453,9.160772,CB
13.713958,6.167957,EDR
-10.320414,-0.79224026,EDR
8.995146,-1.5574375,CB
-9.946587,-1.0388526,EDR
1.9614252,11.514178,EDR
-9.981758,-0.14456172,EDR
3.055316,13.073058,EDR
10.834448,4.7896614,CB
14.789897,5.152776,EDR
1.539302,10.500381,CB
6.653849,14.163952,EDR
4.3774133,8.303909,CB
14.515313,10.573059,EDR
5.759926,6.424816,CB
6.03192,15.235756,EDR
4.28829,3.0191696,CB
9.358575,8.961159,EDR
14.735096,12.583219,EDR
10.991789,3.022987,CB
11.594598,7.0688953,EDR
-10.3927965,-0.2909082,EDR
12.533687,10.421054,EDR
16.075405,7.226268,EDR
6.0509205,10.394418,CB
14.522769,1.9147327,EDR
5.5700097,13.71304,EDR
16.193588,0.8061705,EDR
15.822398,4.4117093,EDR
1.1580944,8.857658,CB
13.282414,-1.089086,CB
12.012297,14.126684,EDR
12.746457,5.28806,EDR
16.191525,2.2603552,EDR
13.692756,10.126202,EDR
5.6657863,0.9365176,CB
5.0052996,12.623798,EDR
7.926498,16.382128,EDR
12.0834675,-0.2877053,CB
1.3647819,9.780708,EDR
11.7976465,4.7470455,CB
6.338594,6.3497295,CB
7.0094633,4.859405,CB
11.381176,15.223334,EDR
7.0748076,7.066766,CB
8.582397,5.968156,CB
9.423076,12.627111,EDR
6.7623487,-1.2692416,CB
16.705378,10.658433,EDR
12.0304365,-0.013057814,CB
10.764926,0.17499144,CB
14.826989,3.0916796,EDR
17.482304,3.5341372,EDR
-10.98941,-0.6848235,EDR
18.21248,2.0136192,EDR
19.354849,4.8556356,EDR
12.247346,5.3509197,EDR
9.90763,1.3457811,CB
3.813334,7.134269,CB
5.5624795,15.004282,EDR
8.919633,12.479512,EDR
14.385579,6.5949106,EDR
15.663007,13.501299,EDR
11.74921,13.766168,EDR
2.27875,11.272432,EDR
12.738494,6.1796303,EDR
11.150145,7.7907996,EDR
6.979413,5.954498,CB
1.0367267,8.118888,CB
5.544049,-1.9726378,CB
19.127916,4.651995,EDR
11.011013,4.140168,EDR
12.496913,10.728108,EDR
4.6219172,10.529893,CB
1.8024603,10.481839,EDR
16.776606,6.0236435,EDR
3.1326697,14.973806,EDR
7.552717,16.80909,EDR
4.657316,15.988592,EDR
-9.567848,-0.29237574,EDR
9.893771,4.2002077,CB
13.598403,14.62803,EDR
1.6696208,6.493727,CB
6.024181,5.3964524,CB
10.525799,4.9717784,CB
-10.288143,-1.1267284,EDR
3.592651,14.6252365,EDR
8.771078,12.013274,EDR
11.240872,3.9550152,CB
21.442633,9.587071,CB
12.892451,10.922397,EDR
14.678348,9.873457,EDR
-9.896624,-0.99403787,EDR
14.786555,13.304499,EDR
1.2597363,12.470074,EDR
11.809204,-0.32871053,CB
6.7492814,-0.62150717,CB
3.0326674,8.28691,CB
12.2176285,1.7447947,EDR
7.920434,8.10182,CB
0.63549954,13.135108,EDR
7.105622,13.819557,EDR
11.717053,6.528703,EDR
5.941588,5.233577,CB
2.370379,9.289578,CB
7.981983,16.46125,EDR
-10.556929,-1.5220132,EDR
1.0819217,6.8589153,CB
14.880018,5.27351,EDR
5.007038,0.47792163,CB
4.2158465,1.09957,CB
11.327276,2.217233,EDR
15.122254,11.783799,EDR
17.434025,2.6773942,EDR
2.4527342,11.631883,EDR
16.823168,5.634784,EDR
-10.858304,-0.39968446,EDR
8.675571,12.527359,EDR
1.6123377,10.875949,CB
4.4019985,2.170815,CB
8.639629,9.319354,CB
5.4802184,3.2502947,CB
18.611217,3.051202,EDR
14.574166,4.5463123,EDR
13.710387,13.239715,EDR
5.9742,10.853616,CB
17.37521,2.0950131,EDR
4.6058764,2.4042847,CB
13.701786,10.314222,EDR
1.4265188,12.2766485,EDR
5.3329406,14.300542,EDR
4.05987,10.852337,CB
12.355164,11.851176,EDR
10.520084,9.118197,EDR
12.450043,1.8219492,EDR
14.9840555,14.207519,EDR
7.847111,1.0383205,CB
-10.470984,0.03280849,EDR
10.49722,-0.7555663,CB
4.824488,5.520657,CB
11.9056835,4.6090083,CB
7.8171425,-2.6014767,PEP
13.041477,0.10251494,CB
6.682933,14.772719,EDR
14.242779,-1.1731946,CB
9.913185,9.348084,EDR
10.96997,7.50043,EDR
10.894822,11.193012,EDR
15.091867,1.3666549,EDR
12.282862,12.023826,EDR
7.3269396,6.313479,CB
12.319193,0.045235734,CB
18.27355,4.798747,EDR
14.424097,1.1115685,EDR
0.8231463,11.337347,EDR
15.170094,-0.592543,CB
9.495026,2.8378727,CB
15.135637,12.327866,EDR
17.184946,7.640095,EDR
10.654014,10.975626,EDR
1.3144517,9.045461,CB
2.140057,6.386028,CB
9.754411,12.09537,EDR
11.859659,10.462294,EDR
10.337712,9.514367,EDR
15.459931,9.343865,EDR
8.069345,15.051853,EDR
14.199038,5.34576,EDR
3.8477244,11.695181,CB
15.293411,12.030831,EDR
6.408609,17.086914,EDR
13.865789,11.7090645,EDR
6.7664866,9.391416,CB
12.971537,9.192453,EDR
3.769181,1.1610452,CB
9.722783,8.839643,EDR
12.021709,15.520191,EDR
15.757686,9.90167,EDR
14.274833,2.1282659,EDR
9.839045,15.1945305,EDR
4.1655006,6.7184243,CB
4.4041395,14.383412,EDR
19.295404,5.2270765,EDR
9.377243,-1.7834704,CB
7.9482203,10.165741,CB
9.563159,8.516217,EDR
10.817003,7.651149,EDR
4.98432,5.9130287,CB
13.31081,7.7011123,EDR
5.993719,0.9370542,CB
7.652089,12.90738,EDR
9.448428,4.3031416,CB
9.5257225,10.687895,EDR
13.487493,5.4101295,EDR
3.1551056,11.038877,CB
0.18171595,13.137168,EDR
-9.921146,-0.89323366,EDR
12.185545,-2.7794685,CB
10.672959,4.662985,CB
6.6752887,11.0475645,EDR
14.402845,12.380347,EDR
-10.787456,-0.119637035,EDR
2.8227062,12.803745,EDR
2.6598747,11.810164,CB
6.690247,1.1461316,CB
3.5227854,15.537362,EDR
16.985481,5.7304506,EDR
10.6435995,3.6551502,CB
7.2977176,-2.018958,PEP
2.7919054,11.97005,CB
8.810201,7.039915,CB
8.995799,8.473424,EDR
6.796907,6.8020787,CB
12.450666,3.9273655,EDR
6.3200426,5.326395,CB
11.987906,3.3298006,EDR
10.535022,13.009898,EDR
12.532215,1.5518402,EDR
7.9112754,-1.7814732,CB
11.090309,5.7421875,CB
5.7549586,11.838201,EDR
7.4289007,8.479828,CB
12.713108,7.304093,EDR
5.673764,13.983326,EDR
12.437265,9.245687,EDR
10.816772,-0.69909793,CB
15.518877,1.2255461,EDR
16.021418,7.170861,EDR
3.3714333,11.902962,CB
7.3357387,4.8447323,CB
17.325747,7.4144726,EDR
16.955313,8.475369,EDR
10.637968,12.90678,EDR
9.724201,-1.7598777,CB
-9.800894,-0.6720872,EDR
9.900168,4.509834,CB
16.294352,6.338101,EDR
5.856787,8.646697,CB
9.985457,3.8097107,CB
13.486998,10.223498,EDR
8.71901,4.633016,CB
17.41238,6.479748,EDR
7.5717235,4.931847,CB
17.406311,8.0263405,EDR
6.275466,0.84913373,CB
11.252757,-3.0950418,CB
17.894558,1.9194915,EDR
0.97936577,11.341931,EDR
0.8667449,10.363928,EDR
7.915315,9.907078,CB
11.979504,0.79719687,EDR
12.02662,-1.0536485,CB
-0.054123573,8.763943,CB
5.31357,9.333611,CB
15.13906,5.0541825,EDR
1.496447,11.766548,EDR
6.094566,6.3762436,CB
5.037382,12.866321,EDR
3.5997605,13.35697,EDR
7.742075,-0.037006207,CB
2.4480839,4.116411,CB
10.279538,7.3316154,EDR
16.100636,12.738235,EDR
2.8660417,10.178355,CB
9.335117,13.848333,EDR
4.487725,11.738033,CB
5.0608582,6.107808,CB
4.7675014,15.889171,EDR
12.846554,12.459499,EDR
5.107515,3.3521688,CB
11.298738,8.65006,EDR
7.8025627,10.759702,EDR
7.4087086,8.44626,CB
14.018954,11.122858,EDR
5.480687,15.673777,EDR
8.623807,0.45106778,CB
12.40427,2.8319085,EDR
0.07617456,9.998315,CB
2.5331802,13.0587635,EDR
2.768487,8.596111,CB
16.639803,5.1572857,EDR
8.956581,4.4562516,CB
9.109881,0.6732906,CB
4.8898687,15.091592,EDR
14.946313,8.814733,EDR
21.403652,9.630426,CB
6.1516,5.5801854,CB
13.162482,4.8518977,EDR
14.366428,6.12724,EDR
9.50187,13.715924,EDR
8.617933,10.092984,EDR
14.383641,10.102243,EDR
-9.696716,-0.33875093,EDR
8.244764,5.7764745,CB
9.95736,15.94559,EDR
10.470476,2.3894303,CB
4.8952703,14.063471,EDR
6.05952,16.28343,EDR
5.5353274,11.315511,CB
11.799411,9.230385,EDR
8.282827,7.100541,CB
-0.0688523,11.913204,EDR
7.438752,-2.1034849,PEP
9.71674,9.166221,EDR
5.0261493,-1.0428325,CB
3.6568651,8.712781,CB
-9.981974,-1.0098013,EDR
14.996594,12.5004225,EDR
2.104623,8.652465,CB
8.394876,-3.335396,PEP
6.886807,15.099609,EDR
9.655793,13.060443,EDR
7.790326,14.462625,EDR
4.439535,5.5243235,CB
12.551497,-1.8484907,CB
6.7654824,1.7043346,CB
10.124589,4.6306896,CB
9.82505,5.934534,CB
14.901725,4.994825,EDR
10.023433,-2.6687036,PEP
4.4511485,10.278566,CB
6.434408,9.499992,CB
1.284079,13.099161,EDR
10.519761,1.7358769,CB
16.366667,7.7702723,EDR
10.195487,14.329472,EDR
-9.801587,-0.4436258,EDR
11.825782,-0.6359124,CB
-11.328277,-0.68126357,EDR
5.971404,2.5865216,CB
9.655356,6.028739,CB
9.752936,7.489673,CB
15.004843,9.122062,EDR
15.610572,11.064841,EDR
4.3160605,-0.1666322,CB
11.073335,3.334436,CB
5.156549,9.790299,CB
7.424328,15.73678,EDR
16.281622,6.5828857,EDR
19.142855,5.8469853,EDR
13.299011,7.3200607,EDR
11.161558,10.148706,EDR
12.924537,6.764757,EDR
9.055964,6.515542,CB
13.586803,4.6369243,EDR
6.568337,3.0325263,CB
1.5785855,10.132397,EDR
7.068469,14.357279,EDR
7.9073367,-1.9930004,PEP
7.692149,-2.4627244,PEP
7.9450016,11.742917,EDR
6.5035896,15.204769,EDR
-9.945408,-0.8147232,EDR
8.784759,-3.499162,PEP
4.9710064,5.1976843,CB
12.468307,9.930237,EDR
8.272516,2.9787834,CB
12.369617,15.462666,EDR
-10.747903,-0.051590335,EDR
1.8488262,11.429205,EDR
9.174602,13.517394,EDR
6.355207,16.04876,EDR
11.176868,7.584996,EDR
9.094118,3.2735307,CB
10.288943,4.7451963,CB
16.387339,2.6456373,EDR
13.6833,1.1543417,EDR
2.8026543,6.9267955,CB
13.406215,-0.79014623,CB
8.537634,10.013037,EDR
1.5650849,13.370792,EDR
3.7407598,14.389169,EDR
12.248428,12.515102,EDR
4.2914147,8.633482,CB
17.03902,3.4632072,EDR
14.056806,14.52646,EDR
7.308731,13.40365,EDR
8.656156,15.172811,EDR
5.785512,11.108547,CB
8.441322,6.8831763,CB
4.5803857,14.323186,EDR
15.24737,12.702536,EDR
6.067777,6.54591,CB
8.353847,9.5476055,CB
9.096552,6.304795,CB
21.445877,9.581113,CB
5.8549495,5.9745007,CB
-11.021151,-0.2622758,EDR
8.611187,2.6666055,CB
11.885914,10.447522,EDR
18.542814,5.7514415,EDR
7.771362,-0.61997104,CB
9.03327,8.464339,EDR
5.7732525,6.698247,CB
8.164921,12.034974,EDR
8.118102,16.719961,EDR
8.852312,1.224932,CB
15.456786,4.1438465,EDR
13.193439,1.0922362,EDR
7.496337,14.320241,EDR
12.118198,11.665061,EDR
16.66818,10.651509,EDR
13.8490095,10.515482,EDR
1.9511803,10.062711,CB
9.657737,3.8158343,CB
15.346282,11.896112,EDR
8.150768,6.836844,CB
7.967417,10.294157,CB
6.428387,1.6078998,CB
9.609109,-0.87815285,CB
5.152723,11.626024,CB
7.7431927,7.5918846,CB
4.022084,11.5783205,CB
8.108312,6.0085864,CB
8.427566,15.737948,EDR
1.7421042,10.153183,CB
10.669221,4.007414,CB
3.1010191,10.654933,CB
7.583505,8.584426,CB
13.425252,7.689116,EDR
12.214798,8.577667,EDR
14.279475,6.9798265,EDR
14.016421,15.090837,EDR
5.3279843,15.185992,EDR
13.642584,7.9224644,EDR
6.364271,13.0642805,EDR
13.470673,1.0287402,EDR
17.04379,5.681641,EDR
18.459854,3.5321572,EDR
9.986828,10.694684,EDR
7.3211994,13.486838,EDR
10.285101,10.084899,EDR
10.654321,6.5868506,CB
7.499489,7.3646846,CB
16.94217,9.610576,EDR
6.4425173,8.007812,CB
5.1567626,1.4879792,CB
4.473828,7.812857,CB
13.589146,-1.0267912,CB
5.150551,0.85786724,CB
18.360666,5.7442813,EDR
3.1569846,10.792661,CB
16.810812,8.981812,EDR
1.3365954,13.196052,EDR
16.742697,9.904534,EDR
6.051798,7.339738,CB
4.185279,11.0383005,CB
4.6506076,6.850655,CB
7.610021,3.4512136,CB
2.074442,10.824448,EDR
10.528745,11.46887,EDR
6.0536604,2.3636174,CB
14.973271,7.0376534,EDR
4.1039886,12.6846075,EDR
2.3809361,11.949656,EDR
8.131896,3.3145156,CB
4.89143,3.782798,CB
4.276829,11.917978,CB
6.536618,-0.039181992,CB
0.42517686,7.542054,CB
13.458735,4.9026313,EDR
5.5390573,15.532706,EDR
10.182167,12.575643,EDR
11.121112,3.1877093,CB
16.268564,12.858315,EDR
5.857428,9.784717,CB
8.557885,9.740045,EDR
5.2069693,0.755983,CB
6.3484893,1.4843769,CB
5.7870502,7.6803675,CB
5.2483463,6.963513,CB
5.0131197,11.17045,CB
12.2982855,15.508067,EDR
16.532978,10.850744,EDR
10.964077,-3.2732096,PEP
14.009084,10.178029,EDR
21.4797,9.554927,CB
16.276716,6.7877192,EDR
9.369164,4.4774723,CB
8.999875,12.934399,EDR
7.702146,3.249486,CB
4.848785,-0.9407491,CB
10.309747,12.399632,EDR
15.464445,2.5518913,EDR
-10.67105,-0.47051027,EDR
13.026685,13.252009,EDR
12.819764,-1.4937309,CB
11.742953,10.117701,EDR
14.546677,6.345896,EDR
9.331434,10.440502,EDR
1.6064913,12.8927555,EDR
8.823898,3.6401594,CB
11.000435,13.973604,EDR
13.695671,-0.91111034,CB
5.2293744,0.85763025,CB
5.733044,-2.3951435,CB
9.528902,2.0475316,CB
7.5019503,8.797953,CB
6.965877,2.2076645,CB
8.010385,10.906481,EDR
7.2723603,15.632598,EDR
4.6930485,8.366144,CB
13.057861,4.5927234,EDR
14.221863,8.003331,EDR
7.5905776,6.6213374,CB
12.414706,6.3229375,EDR
8.55917,2.9177828,CB
6.4788027,4.530972,CB
12.563081,14.634235,EDR
-10.486078,-0.39368778,EDR
6.938978,7.1189666,CB
10.872701,12.227968,EDR
3.2291389,8.004154,CB
14.781487,-0.047521196,CB
-9.8255625,-0.83845735,EDR
0.046950504,8.473097,CB
5.684373,5.4775653,CB
10.477845,0.61822015,CB
6.826954,6.556307,CB
-10.430064,-0.63499033,EDR
10.395743,4.8133807,CB
10.472218,3.7655423,CB
7.5602703,9.390413,CB
11.124704,6.758139,EDR
16.186127,7.9868855,EDR
7.958381,4.776394,CB
12.294873,-2.3062139,CB
10.981561,15.61336,EDR
8.694391,2.1823475,CB
2.7479236,14.566713,EDR
7.7488923,12.851463,EDR
14.600101,13.31031,EDR
14.859931,9.135594,EDR
6.2759686,2.2488375,CB
9.321669,4.064809,CB
1.064282,8.311431,CB
9.916784,4.9664245,CB
15.066858,1.1806573,EDR
4.7195,10.963039,CB
-10.922746,-1.051826,EDR
3.1952202,13.6211605,EDR
7.7147985,-0.21942994,CB
17.429935,5.0080805,EDR
0.24093245,9.53516,CB
7.605775,11.342459,EDR
5.369945,12.82118,EDR
6.3931947,15.211399,EDR
9.298601,-2.9265492,PEP
12.688633,8.469252,EDR
8.887475,1.9758198,CB
5.1269655,-0.3427635,CB
13.86002,-0.9132988,CB
-11.0863085,-0.35152182,EDR
11.9415655,5.300495,CB
10.745607,3.8750439,CB
5.9904113,2.3731735,CB
12.322556,7.8213797,EDR
12.672083,2.9993014,EDR
17.164354,10.686381,EDR
4.6646404,8.541,CB
7.1944237,13.527891,EDR
11.887082,11.2942,EDR
14.986721,8.601628,EDR
12.99745,12.844519,EDR
11.40502,12.844426,EDR
9.121672,13.897678,EDR
0.2664168,10.907952,EDR
0.61024326,13.255889,EDR
13.642509,13.624664,EDR
16.79707,0.99312246,EDR
1.7248642,10.157047,CB
-10.819263,-0.095997535,EDR
0.40405983,12.58095,EDR
11.364207,11.451511,EDR
13.243862,9.161567,EDR
0.85114706,6.8146553,CB
11.112553,10.384753,EDR
11.568351,12.48279,EDR
4.918754,1.2541425,CB
13.288012,9.518162,EDR
11.128469,1.4987699,EDR
6.310754,9.1675825,CB
8.711501,12.091364,EDR
13.511008,10.8552065,EDR
3.510596,11.635869,CB
6.4940577,4.3756413,CB
5.747197,4.2683454,CB
-9.60084,-1.1067282,EDR
1.2209986,6.8132234,CB
9.883725,3.4803498,CB
6.4110613,0.09267942,CB
17.820745,3.9500017,EDR
4.7600536,11.170327,CB
5.1664333,10.791616,CB
7.8766303,-0.192575,CB
3.7909274,3.5273473,CB
6.2464404,4.1834793,CB
11.2369795,10.201567,EDR
4.2065024,11.91039,CB
5.7424536,15.051962,EDR
10.302203,15.949002,EDR
9.734076,10.004317,EDR
10.164745,8.95394,EDR
7.5831513,-0.04716886,CB
12.766491,13.9082575,EDR
6.066341,15.196104,EDR
13.12728,7.9217744,EDR
0.21868472,8.229537,CB
9.563166,1.6538302,CB
3.0663898,8.782696,CB
9.911643,9.543082,EDR
7.91839,16.413767,EDR
4.501967,2.3443234,CB
10.8366585,0.42699406,CB
10.868118,7.430543,EDR
17.119986,2.594747,EDR
3.2305112,4.832727,CB
-11.082267,-0.81487846,EDR
5.3473067,5.9412084,CB
5.27008,14.413354,EDR
8.1757965,11.4203,EDR
11.990819,5.3281603,EDR
8.502206,-2.498677,PEP
13.992159,8.169965,EDR
17.473991,5.7692833,EDR
14.050869,6.169556,EDR
2.944958,12.237671,EDR
14.943231,11.247954,EDR
6.19868,4.567158,CB
9.962338,13.190574,EDR
16.66237,3.3858094,EDR
3.41577,12.700497,EDR
11.61226,7.6844816,EDR
6.704453,10.722665,CB
21.279589,9.574,CB
7.483294,14.297626,EDR
8.771116,2.362556,CB
8.840485,6.7295866,CB
9.308972,14.983857,EDR
17.666758,6.6620274,EDR
15.31627,10.311033,EDR
9.163606,12.601835,EDR
6.5695558,0.5289533,CB
14.160728,11.247418,EDR
10.488291,6.897263,EDR
10.902751,2.2042246,EDR
6.1203136,12.954757,EDR
13.142679,9.205453,EDR
7.1254315,7.6909966,CB
6.641017,6.4240723,CB
9.105717,1.059236,CB
6.8335752,3.1704245,CB
6.7198544,2.215168,CB
14.855298,6.1073747,EDR
18.874695,6.0009966,EDR
9.776383,5.7465043,CB
1.7217603,7.4848976,CB
5.0002575,13.364263,EDR
11.58673,12.690251,EDR
5.68368,8.799183,CB
7.9742265,-1.046337,CB
10.527197,-0.56497294,CB
9.706642,5.867465,CB
6.41419,13.020169,EDR
9.009611,5.426448,CB
9.510567,13.98544,EDR
5.0697765,0.24344489,CB
2.5914738,13.949747,EDR
9.007467,6.0194597,CB
15.92578,13.229705,EDR
9.559374,16.324083,EDR
-10.379495,-0.73713493,EDR
13.441956,8.897515,EDR
10.147134,3.9952657,CB
15.915618,2.978998,EDR
14.163232,1.5023413,EDR
13.491766,12.527424,EDR
9.308395,15.44775,EDR
10.044619,8.045414,EDR
8.23182,0.44592646,CB
11.96701,4.804538,CB
5.94304,-2.0082088,CB
10.64713,5.8988323,CB
9.148075,5.0773563,CB
-10.310699,-1.7187968,EDR
21.583982,9.637418,CB
7.0430365,8.81444,CB
9.282725,11.169564,EDR
15.818926,6.054551,EDR
12.402302,1.6051078,EDR
-9.916377,-0.1311563,EDR
6.594276,10.640475,CB
4.0978227,15.764174,EDR
13.386421,1.3717977,EDR
2.9829617,8.394119,CB
6.757323,7.447548,CB
11.911305,12.230984,EDR
8.326625,7.1228695,CB
15.411746,-0.57525223,CB
7.087889,1.9806188,CB
5.8107257,5.954148,CB
7.485196,4.062779,CB
5.7233605,6.1608076,CB
6.0373645,9.107851,CB
9.063578,2.6863031,CB
5.7107553,6.326001,CB
1.5224042,9.90892,EDR
5.555525,4.633027,CB
5.845113,6.497366,CB
-9.546194,-1.0687556,EDR
8.85615,11.162862,EDR
16.901577,9.794275,EDR
9.42117,6.408864,CB
6.388499,9.071877,CB
11.954893,2.7107503,EDR
12.166058,1.7833908,EDR
8.087834,14.458842,EDR
13.47964,14.990733,EDR
2.9475515,4.2626386,CB
15.538122,8.091281,EDR
13.053939,8.1537075,EDR
3.1823206,12.00013,EDR
9.60559,9.657548,EDR
8.866951,15.4410515,EDR
9.8999195,15.43324,EDR
2.1876543,14.909043,EDR
14.546215,4.3926725,EDR
-0.12128302,10.983818,EDR
14.472051,4.810164,EDR
8.574364,15.40477,EDR
19.499908,4.183422,EDR
6.144337,10.333715,CB
3.2403278,3.8214815,CB
4.332929,5.0715446,CB
16.428986,12.410719,EDR
9.538909,12.856191,EDR
8.929522,0.5562911,CB
17.197351,7.1007357,EDR
2.1894243,8.161906,CB
10.998903,-1.8290026,CB
4.2882276,12.207314,CB
11.408206,8.675831,EDR
9.120102,-0.76557255,CB
1.9845018,10.70973,EDR
6.56046,2.1361086,CB
18.179012,5.295496,EDR
8.1495075,6.6193895,CB
11.068323,14.602301,EDR
7.139519,3.6158755,CB
5.857019,12.03006,EDR
8.882582,12.326611,EDR
7.5241227,8.624555,CB
14.363688,2.0129917,EDR
3.6912255,1.4748892,CB
19.016468,4.7224026,EDR
13.626757,-0.83900875,CB
2.798838,7.9064856,CB
4.7642193,2.732144,CB
13.513968,11.444725,EDR
16.204212,9.332751,EDR
10.078894,7.329037,CB
2.8241699,14.982205,EDR
8.733724,3.928306,CB
9.263037,10.637879,EDR
4.422711,2.7645638,CB
9.411255,4.212493,CB
2.1917017,7.966235,CB
13.637317,5.1829023,EDR
8.251437,13.660399,EDR
12.048974,12.411167,EDR
12.858554,2.5375404,EDR
2.4482234,10.536832,CB
5.2861204,3.6120899,CB
12.119309,0.36121058,CB
1.2939804,7.126843,CB
7.979818,9.769489,CB
3.6421041,7.146752,CB
18.68293,6.2424507,EDR
5.3032837,11.210754,CB
7.469241,16.17258,EDR
5.8210673,2.5059845,CB
5.759319,10.354059,CB
10.617191,14.35916,EDR
11.777583,7.1629267,EDR
-10.369816,-0.8518246,EDR
13.061527,4.230434,EDR
3.7504497,5.630407,CB
13.861398,13.450723,EDR
2.0054293,14.504992,EDR
-10.176095,-1.183882,EDR
7.906936,14.752426,EDR
8.574257,16.474726,EDR
6.6744895,10.307017,CB
2.9599504,14.547004,EDR
5.2777376,7.9467225,CB
10.1745205,12.904596,EDR
12.462174,4.4689345,EDR
7.4222193,14.033669,EDR
7.308253,5.608057,CB
12.963038,-0.8145575,CB
1.1927054,13.336519,EDR
8.125004,-3.0353925,PEP
7.339423,-0.72312915,CB
10.631383,-0.25006908,CB
14.756731,5.359766,EDR
4.76785,12.68637,EDR
15.196775,12.646311,EDR
15.24722,13.492928,EDR
10.563685,11.573729,EDR
-9.849944,-1.1159716,EDR
5.866489,2.8074555,CB
11.0705805,5.018437,CB
13.333084,13.464172,EDR
10.588399,7.515937,EDR
-10.050289,-0.89818424,EDR
1.3280602,10.786081,EDR
9.506701,10.527659,EDR
9.358402,1.4662836,CB
12.819288,0.70087177,CB
11.093061,1.9957291,CB
4.335196,5.408786,CB
-10.03895,-1.468178,EDR
-10.7042,-1.0740228,EDR
11.248443,11.172182,EDR
-9.865607,-0.7190214,EDR
14.017808,9.704284,EDR
5.604451,0.3885006,CB
2.3138652,8.410229,CB
11.1717205,2.674744,EDR
7.622227,11.578265,EDR
11.922797,7.8247113,EDR
12.516634,-2.0157073,CB
17.097656,2.2890553,EDR
12.942921,3.9493346,EDR
3.6330361,13.748773,EDR
13.716916,13.607816,EDR
8.316625,14.789659,EDR
9.000104,-1.6100464,CB
12.770495,5.235773,EDR
9.47923,8.602778,EDR
-9.884496,-1.2290999,EDR
11.76038,-0.07387805,CB
14.345277,5.875009,EDR
9.313027,4.587128,CB
9.437247,15.726774,EDR
4.4735885,11.868961,CB
3.671946,6.0665174,CB
0.10286287,12.94206,EDR
9.596105,4.574976,CB
10.346186,9.811418,EDR
8.406211,0.84156114,CB
13.447159,7.186103,EDR
12.448516,7.1010075,EDR
15.058669,0.44654372,EDR
1.6464062,8.28228,CB
3.6719668,5.2198105,CB
6.1562862,14.920375,EDR
0.70431954,9.580891,CB
15.143496,2.252136,EDR
8.871156,4.0754867,CB
8.437309,8.462606,CB
6.2226763,13.487543,EDR
3.0352051,3.5589693,CB
7.5251794,0.5514803,CB
14.72373,12.103772,EDR
8.423887,3.0444138,CB
-10.865692,-0.2538079,EDR
9.866376,-0.83941644,CB
8.175341,7.632961,CB
7.308699,2.4048612,CB
4.5445743,12.689068,EDR
10.720097,-3.3617404,PEP
7.280398,4.896708,CB
12.603216,13.769357,EDR
10.506088,7.018384,CB
6.208217,4.677863,CB
1.5904343,9.916159,CB
7.024957,0.2687576,CB
1.4934967,9.080458,CB
13.314768,15.0006895,EDR
12.397104,13.404582,EDR
4.332833,6.2815375,CB
3.911095,5.7236314,CB
8.287825,-1.3647239,CB
9.292044,5.0399814,CB
3.2423937,13.413435,EDR
16.5699,4.9246235,EDR
9.585815,8.0962515,EDR
14.220045,3.3621588,EDR
4.9180202,14.647936,EDR
0.43807927,12.991305,EDR
2.4927654,10.330532,CB
17.141256,10.954784,EDR
16.973536,9.199067,EDR
12.651135,10.071469,EDR
5.5934567,2.0574346,CB
-10.869689,-1.4314622,EDR
8.482407,15.207399,EDR
6.8456197,8.832053,CB
11.578665,4.135101,CB
5.0725613,5.0621004,CB
7.403547,4.543693,CB
14.629463,10.085697,EDR
2.5154552,4.1131506,CB
9.085271,2.3404858,CB
9.565728,2.2605402,CB
13.678631,1.6248001,EDR
13.435644,0.7909761,EDR
8.75575,1.1482286,CB
4.940693,0.23885846,CB
6.739768,11.808445,EDR
5.933891,2.7114995,CB
7.5020804,3.7799067,CB
5.888937,13.837354,EDR
4.2982473,13.227532,EDR
18.897785,4.627554,EDR
-10.534068,-0.71401846,EDR
10.6437025,10.288388,EDR
9.716822,7.745422,EDR
4.781078,7.3494263,CB
14.281359,9.887522,EDR
7.710431,0.1329246,CB
8.059271,15.970252,EDR
13.052829,9.278859,EDR
7.8851223,3.110573,CB
6.974134,3.1047869,CB
12.90696,15.099278,EDR
13.440367,11.657553,EDR
13.609096,11.411177,EDR
13.818584,9.540655,EDR
4.652314,14.561296,EDR
0.9251772,12.843709,EDR
12.418557,0.9322908,EDR
16.676788,4.48099,EDR
15.233296,11.549207,EDR
-10.449857,-0.17388956,EDR
3.6064668,14.293759,EDR
0.6227064,12.873122,EDR
10.664237,13.148538,EDR
-10.953088,-0.42182207,EDR
7.585959,3.6448014,CB
16.462456,5.8005495,EDR
7.813082,14.741411,EDR
3.6270127,10.217309,CB
8.201563,14.661277,EDR
5.044832,3.3282752,CB
18.042557,0.9739659,EDR
8.359927,16.284302,EDR
-9.770406,-0.3830685,EDR
0.21572281,8.126891,CB
8.5860195,-3.5423744,PEP
19.37538,3.8969357,EDR
10.552783,14.299294,EDR
6.057102,8.002766,CB
4.5656934,0.9312027,CB
11.86958,12.41599,EDR
1.5181365,9.877135,CB
12.018413,5.3858213,EDR
4.6091156,8.29632,CB
5.1987147,9.7655115,CB
1.5719644,14.141251,EDR
4.7969747,5.6086206,CB
11.459152,9.139481,EDR
18.714966,5.55123,EDR
14.104807,11.142992,EDR
13.920383,8.468477,EDR
9.901546,7.5562367,EDR
5.9908543,10.5794,CB
4.023381,4.3158164,CB
8.123036,12.605447,EDR
2.0546956,6.785064,CB
8.540094,8.280327,CB
8.632877,10.67193,EDR
7.225398,14.096026,EDR
8.473282,10.881119,EDR
4.8716316,6.239912,CB
5.604907,6.835665,CB
9.025818,13.792394,EDR
17.392002,5.30941,EDR
7.498099,4.7513757,CB
6.7644196,6.022053,CB
8.712767,8.144355,CB
10.303326,2.3833175,CB
8.685381,5.53656,CB
5.952593,5.440149,CB
5.20933,10.423121,CB
7.5467887,8.960384,CB
6.21108,7.6948805,CB
9.4539995,8.172387,EDR
9.51867,1.0584065,CB
6.553726,14.493618,EDR
6.909051,12.615972,EDR
13.346003,1.1080794,EDR
2.8635678,10.3827715,CB
-0.06752646,10.300705,EDR
15.550995,10.201158,EDR
9.234487,7.370663,CB
7.8033752,3.2419271,CB
5.824591,4.6120687,CB
4.5240726,14.58218,EDR
13.823532,8.973037,EDR
15.868871,11.339731,EDR
4.861807,5.4566846,CB
5.2910495,8.79225,CB
8.300474,16.260273,EDR
11.956717,0.37149283,CB
9.321239,0.5147355,CB
-9.59287,-1.1431196,EDR
12.507768,-2.0177891,CB
5.923076,12.93813,EDR
5.2172313,6.070764,CB
9.253757,6.037257,CB
7.6219964,-3.1367028,PEP
5.106637,6.9095793,CB
4.106627,7.7541113,CB
1.640587,6.635578,CB
5.9132757,-2.678482,PEP
16.046148,8.267133,EDR
12.4686775,4.348504,EDR
16.659367,4.384339,EDR
5.6948066,11.675093,CB
7.832977,11.019628,EDR
9.381971,13.629857,EDR
11.741923,8.188869,EDR
15.219647,11.526123,EDR
14.61097,6.539949,EDR
12.616954,4.213225,EDR
7.039855,12.395611,EDR
15.964287,4.306284,EDR
17.40271,9.219753,EDR
10.306648,4.7387533,CB
15.285993,10.98959,EDR
12.668538,-1.663085,CB
2.4431906,9.3524065,CB
11.156615,14.65014,EDR
3.9644167,12.19597,CB
11.476338,8.159268,EDR
17.157042,3.6529427,EDR
12.940736,13.450504,EDR
12.719026,-0.08759056,CB
2.479977,13.8018675,EDR
8.02278,-1.0781436,CB
17.29769,0.5447122,EDR
6.546981,9.068542,CB
18.130163,1.0960124,EDR
16.611168,4.0365405,EDR
9.887647,9.798949,EDR
6.7198806,6.8220463,CB
19.27983,4.9570284,EDR
9.422443,3.5059144,CB
3.822835,10.379705,CB
7.945816,10.171786,CB
16.961678,11.593965,EDR
9.844253,2.5337045,CB
9.550913,-1.7169572,PEP
-10.899053,-0.2500149,EDR
2.2858028,10.272078,CB
5.510905,14.350526,EDR
4.369039,15.814067,EDR
5.8898945,9.887394,CB
7.3814936,14.47431,EDR
-10.782892,-0.698515,EDR
15.0115795,3.6261768,EDR
12.818987,6.8706207,EDR
3.061939,7.474991,CB
9.437293,12.911442,EDR
11.277357,5.077822,CB
17.39911,10.032645,EDR
11.226837,8.687018,EDR
5.329395,9.2314415,CB
10.664486,11.314773,EDR
15.5009985,9.788621,EDR
11.561383,1.085301,EDR
10.9600725,15.361894,EDR
13.499036,-1.0257982,CB
10.025034,12.798286,EDR
14.846656,2.750821,EDR
8.724699,10.643388,CB
16.453938,1.3222685,EDR
14.838067,11.868142,EDR
8.232314,14.035736,EDR
12.67093,0.7169606,CB
14.630149,4.7713213,EDR
14.286544,3.7362309,EDR
15.724307,8.895249,EDR
14.377951,5.9949355,EDR
11.485119,1.7286928,EDR
11.662928,10.592822,EDR
6.0057254,10.37049,CB
13.791757,9.164636,EDR
3.3372927,15.3001375,EDR
9.326384,11.181786,EDR
10.615694,6.86653,CB
3.2068717,2.718788,CB
17.662006,7.0699806,EDR
12.712049,2.6742036,EDR
-9.728157,-0.23177652,EDR
3.9633207,9.645747,CB
4.419754,13.503433,EDR
15.9385395,6.5076876,EDR
10.408599,-1.6523446,CB
-0.077182055,12.450972,EDR
11.79147,4.2801337,EDR
9.6222105,2.9621947,CB
10.765985,11.798956,EDR
4.2136464,6.9142256,CB
17.18911,2.336657,EDR
-10.753669,-0.052813914,EDR
15.242843,13.1607685,EDR
12.98644,5.925229,EDR
8.222797,11.563216,EDR
11.416338,9.931646,EDR
14.15362,7.2014194,EDR
8.680749,10.677342,EDR
10.8166485,5.9209824,CB
6.48108,5.310615,CB
4.356554,1.6152415,CB
6.8546495,12.334817,EDR
1.7901556,12.638149,EDR
16.438679,8.601154,EDR
8.729162,7.6358743,CB
12.094177,1.3603027,EDR
13.879415,11.100643,EDR
5.7264457,7.5248666,CB
5.8842187,4.4273324,CB
13.129811,11.835014,EDR
19.250832,3.0185432,EDR
5.813512,5.8796244,CB
4.839798,14.330162,EDR
13.367153,3.630106,EDR
3.0396876,13.925305,EDR
14.765497,5.818919,EDR
5.285917,10.949766,CB
11.578278,7.7657704,EDR
12.573271,15.389165,EDR
6.386802,0.85959303,CB
14.521494,8.392012,EDR
18.400047,2.192484,EDR
3.4983525,6.9121437,CB
4.125489,2.9002573,CB
9.675716,4.868027,CB
11.297232,-1.8966621,CB
-11.086674,-1.4981745,EDR
14.256315,-1.081746,CB
-10.2762,-1.317073,EDR
15.954066,9.542397,EDR
3.7931273,13.576622,EDR
13.662447,7.3787365,EDR
5.586155,7.994242,CB
3.63236,7.882528,CB
14.883327,7.0272326,EDR
11.391667,1.6418014,EDR
8.822056,11.746273,EDR
9.199585,10.353847,EDR
8.905144,8.571056,CB
0.647914,7.096303,CB
18.645273,3.3654578,EDR
16.458757,12.424399,EDR
-10.134974,-0.34195423,EDR
0.8108035,9.301154,CB
13.657257,9.816253,EDR
11.404279,6.7446823,EDR
5.4995604,8.294109,CB
10.287872,11.547516,EDR
5.768077,10.177768,CB
12.610735,11.017674,EDR
-10.537288,-1.0057964,EDR
5.1466846,0.6951712,CB
9.415079,-3.674277,PEP
10.526905,9.903608,EDR
2.8630173,7.5238605,CB
11.417119,5.6928787,CB
4.3861923,11.155392,CB
14.625998,9.139713,EDR
3.503016,2.4728165,CB
13.6605835,10.53497,EDR
14.680922,0.65220076,EDR
2.720348,8.113308,CB
7.4977927,3.332104,CB
10.274095,1.2657745,CB
12.35231,4.9780955,EDR
1.8999221,8.323858,CB
0.52385956,12.157291,EDR
10.011419,9.285682,EDR
14.557446,12.271455,EDR
5.879281,12.467314,EDR
12.307917,9.193525,EDR
11.208328,9.808185,EDR
11.602694,12.168913,EDR
12.653669,12.432031,EDR
6.9103465,9.625445,CB
15.720863,3.0789104,EDR
11.676439,6.90276,EDR
13.589512,14.032428,EDR
18.298801,5.1330104,EDR
11.553229,-1.0012139,CB
3.7624056,8.336367,CB
11.33807,1.6758993,EDR
6.6555104,14.086057,EDR
19.46504,3.872208,EDR
12.034359,-1.2266407,CB
14.27553,13.640572,EDR
13.003581,12.445816,EDR
5.087823,11.067114,CB
15.424653,13.344205,EDR
11.888384,12.70854,EDR
8.601301,-0.3594671,CB
3.9685493,3.564819,CB
4.752001,5.252016,CB
16.392584,12.290038,EDR
15.813373,8.943616,EDR
10.58095,5.1576095,CB
4.837415,8.114221,CB
17.713444,6.1723127,EDR
5.102959,10.592895,CB
6.3596077,12.72867,EDR
3.8087895,13.44006,EDR
8.301821,-2.674549,PEP
14.580674,5.8110495,EDR
6.1831727,11.34015,CB
7.5106916,15.5088625,EDR
2.2578216,14.109663,EDR
8.935474,4.0991845,CB
1.1236615,7.035205,CB
3.7735329,7.2361035,CB
2.2865875,12.146728,EDR
11.531925,10.569752,EDR
0.009297748,9.551891,CB
17.125114,3.2927022,EDR
11.655505,-0.5063514,CB
17.298143,7.109186,EDR
4.982434,9.263621,CB
14.260938,-0.25971666,CB
14.386051,11.1781025,EDR
14.537859,5.3736496,EDR
8.866932,8.256146,CB
13.545344,-0.96262074,CB
13.48863,2.6870692,EDR
2.3474796,8.0913725,CB
6.516568,7.2606974,CB
5.364699,13.835683,EDR
1.0452247,12.789727,EDR
3.4229279,10.531693,CB
11.892448,3.3623884,EDR
7.571951,8.529794,CB
-10.065437,-0.5070619,EDR
9.842483,4.571773,CB
11.479076,1.0546275,EDR
14.393342,9.106948,EDR
9.80986,12.770435,EDR
12.804319,12.788317,EDR
12.05801,0.91856956,EDR
15.205161,12.390498,EDR
9.909769,11.067023,EDR
7.5809064,-0.04199908,CB
18.10094,5.663279,EDR
10.903454,3.4847174,CB
2.8287942,4.329976,CB
7.1609964,10.00774,CB
6.3852596,7.7400947,CB
16.122978,7.8851466,EDR
5.0749836,10.314929,CB
-9.667449,-0.45252857,EDR
9.8994055,11.62444,EDR
10.109563,-0.6840108,CB
-9.799433,-0.92577577,EDR
2.4861836,5.8450384,CB
-9.9468565,-0.42819995,EDR
13.602723,7.9987445,EDR
11.47463,5.6241813,CB
8.770637,0.66039586,CB
12.868328,6.3671966,EDR
16.06418,3.043988,EDR
4.18626,12.926868,EDR
8.4485445,5.7573366,CB
10.216182,-1.5780874,CB
10.452407,-1.1823081,CB
11.855376,12.269295,EDR
8.82906,11.840274,EDR
3.7597682,9.32276,CB
14.112674,6.116513,EDR
4.6398954,-0.15037811,CB
4.4684086,11.099273,CB
7.3434925,0.6921669,CB
10.376726,7.3216147,EDR
13.642786,7.733511,EDR
7.915492,13.169434,EDR
14.700882,7.7465534,EDR
7.2661085,8.265806,CB
12.1243,-1.2633221,CB
14.090377,3.844516,EDR
5.897667,3.8992805,CB
5.785495,9.436481,CB
14.166312,14.403854,EDR
6.404546,16.336014,EDR
3.7333713,14.626875,EDR
5.8177166,7.6745996,CB
11.269987,9.043273,EDR
9.603068,8.423816,EDR
16.024736,7.8236213,EDR
15.673632,11.412365,EDR
17.861515,2.999658,EDR
9.213857,3.7450802,CB
1.6486257,13.221939,EDR
10.470166,11.316474,EDR
5.5853186,5.968448,CB
14.900494,4.6746573,EDR
10.370108,11.736201,EDR
13.867289,14.377686,EDR
4.3897,9.187596,CB
3.8394685,3.965165,CB
2.5532362,9.7228775,CB
9.162758,5.370368,CB
6.929767,12.88472,EDR
16.720264,4.9200773,EDR
8.675971,7.2246084,CB
10.8175,0.80382913,CB
5.6620383,-2.4147472,CB
10.3874445,9.192019,EDR
13.476578,10.733285,EDR
4.5490475,8.660771,CB
12.938374,13.292179,EDR
8.29391,10.093298,EDR
14.576939,14.345501,EDR
4.703988,10.964978,CB
8.7157545,0.7654853,CB
5.9546123,4.757526,CB
6.0051227,-2.0776565,PEP
14.970515,11.790111,EDR
8.601656,5.8299494,CB
5.089605,7.7558417,CB
10.917195,1.8910954,EDR
9.335592,10.778816,EDR
13.854159,9.884817,EDR
14.745798,11.589982,EDR
5.6398015,11.47285,CB
10.083151,-3.9859712,PEP
11.786492,12.987803,EDR
11.248399,-0.9242866,CB
10.447665,4.6953917,CB
5.6303787,0.6572692,CB
6.0705643,10.68995,CB
17.753416,3.8701255,EDR
17.94728,4.371925,EDR
3.8510711,7.4659314,CB
9.6002655,10.655406,EDR
-9.994544,-0.15906873,EDR
3.8039207,10.354693,CB
4.7925854,5.146059,CB
12.125491,8.724754,EDR
10.867165,11.60983,EDR
14.08432,2.094572,EDR
13.461394,0.89408755,EDR
10.676029,10.648945,EDR
2.3194056,5.8621,CB
2.6725762,11.9748125,CB
6.885184,6.1389775,CB
0.9453869,9.842653,EDR
9.05323,14.399479,EDR
8.193801,7.9458523,CB
0.82605135,13.885051,EDR
15.736975,10.935044,EDR
14.75215,7.2803984,EDR
5.9692354,6.8297887,CB
12.084338,11.88863,EDR
14.592862,10.684473,EDR
7.342371,2.387815,CB
7.008474,11.999237,EDR
3.2310698,7.1479044,CB
10.021883,13.225271,EDR
8.578044,-0.045430783,CB
17.324083,2.114562,EDR
10.450391,-1.1410046,CB
9.0797615,2.9316714,CB
5.3308864,4.725639,CB
5.738515,11.080996,CB
8.66551,7.7275662,CB
13.780845,13.13218,EDR
6.022493,13.848903,EDR
7.009887,3.7051795,CB
9.642953,5.681865,CB
7.3723,10.292217,CB
15.149028,12.580295,EDR
18.513002,2.67733,EDR
8.959772,2.640887,CB
12.352583,13.764768,EDR
7.2858987,2.640786,CB
10.948179,15.014997,EDR
13.254537,6.76614,EDR
12.348828,0.6094551,EDR
6.2178183,15.6626625,EDR
12.186917,12.250837,EDR
16.623283,6.2225175,EDR
13.456005,9.307102,EDR
10.1788025,-1.5019417,CB
7.38048,5.551748,CB
3.0366566,6.9484096,CB
8.756695,7.800842,CB
4.7894197,0.92820793,CB
4.365112,7.8545585,CB
13.8088875,11.508342,EDR
12.800126,8.641468,EDR
-10.860931,-0.74191505,EDR
18.065008,5.8712974,EDR
12.192329,12.887875,EDR
15.947371,12.634135,EDR
2.4996436,10.159915,CB
18.008684,5.6791477,EDR
6.142306,11.620293,CB
2.8327792,11.689106,EDR
4.2912397,14.067267,EDR
8.283957,12.712164,EDR
11.681788,7.3839564,EDR
10.461328,8.610992,EDR
7.075494,5.41454,CB
15.325551,6.7698827,EDR
10.379921,-2.751553,PEP
14.376276,7.91059,EDR
11.112114,4.7241774,CB
15.805915,1.6887245,EDR
1.0953137,10.328075,CB
9.015768,5.8378544,CB
15.752868,1.5474112,EDR
12.44319,7.2668366,EDR
11.383831,0.41103843,CB
10.733283,-2.3569903,CB
12.567737,5.4886346,EDR
5.797268,0.7127735,CB
9.319025,10.348008,EDR
12.411765,6.5963364,EDR
0.15947215,8.6237,CB
12.494247,6.154468,EDR
14.7697935,7.0224686,EDR
8.06578,11.743863,EDR
2.7849274,14.076369,EDR
19.178493,3.7503912,EDR
6.213571,2.8378892,CB
0.3572248,12.0698185,EDR
6.094087,2.2392406,CB
15.429485,11.885238,EDR
8.559338,-2.3862739,PEP
9.267625,4.525346,CB
8.813656,2.3117101,CB
6.923549,10.6693325,CB
9.792777,8.887974,EDR
7.561876,0.9640117,CB
8.914783,14.142765,EDR
3.539395,9.136035,CB
13.188052,9.810402,EDR
3.9735136,7.817125,CB
8.366122,13.477041,EDR
11.848103,5.1652317,EDR
9.600124,-2.0745647,CB
8.75728,9.604715,EDR
11.001738,11.323624,EDR
13.396983,10.254774,EDR
13.758269,1.8787792,EDR
7.841219,8.283158,CB
2.9525785,6.009589,CB
7.61374,7.4311256,CB
8.974783,15.20014,EDR
10.586412,7.551517,EDR
10.973349,0.84264,EDR
10.478783,11.82725,EDR
15.315165,13.31407,EDR
7.082842,6.051801,CB
8.840284,10.777528,EDR
11.249655,10.95311,EDR
11.868824,-1.9959525,CB
7.4134583,-2.503045,PEP
12.015097,1.7598293,EDR
8.298584,12.048256,EDR
15.245737,13.963277,EDR
7.9824815,8.084619,CB
11.001793,6.767554,CB
2.9280355,5.3553863,CB
5.5076447,13.667913,EDR
12.191358,10.283847,EDR
8.420857,4.105981,CB
10.893594,5.9693055,CB
0.9969819,10.711787,EDR
10.607101,6.7415414,EDR
6.2886677,3.3999698,CB
15.09549,13.253352,EDR
17.074356,6.528766,EDR
13.477962,7.5920143,EDR
6.1603875,11.68144,EDR
12.840861,12.629581,EDR
1.9516125,11.540197,EDR
0.4813924,9.647078,CB
6.88406,13.802592,EDR
1.4536656,10.100439,CB
4.4504323,5.2336216,CB
4.6228333,6.816413,CB
5.561642,12.054407,EDR
7.5781384,9.591011,CB
13.735879,1.640664,EDR
10.942539,4.4043283,CB
17.855328,2.0138855,EDR
14.161092,10.45579,EDR
10.043525,4.216207,CB
8.864449,-0.4463021,CB
3.3630826,11.029107,CB
2.7779293,9.725689,CB
6.391785,13.102531,EDR
5.780311,8.746811,CB
6.586215,-1.7907888,CB
-10.119729,-1.4385793,EDR
4.2382445,12.401239,CB
11.67953,7.260719,EDR
10.262168,3.9312494,CB
13.746029,1.6131719,EDR
17.996157,4.2581854,EDR
16.723059,10.759765,EDR
13.556213,11.408195,EDR
11.008801,11.504678,EDR
12.4112,-1.8690509,CB
4.083336,3.0235124,CB
10.352809,2.7769163,CB
8.998474,-0.40904573,CB
8.720526,13.098401,EDR
-10.070308,-0.6490325,EDR
16.170862,12.813564,EDR
0.070848316,11.033132,EDR
2.2963681,11.500574,EDR
3.9567316,10.20653,CB
17.091309,3.7749257,EDR
9.13724,9.388031,CB
15.602348,11.637322,EDR
6.9262614,15.389507,EDR
13.104756,12.606105,EDR
6.5094676,4.0858145,CB
2.507658,6.6915174,CB
8.036019,-2.8561554,PEP
-0.083869666,11.231227,EDR
11.893962,4.851672,CB
3.8478894,12.733282,EDR
11.100092,10.127353,EDR
6.8679485,14.826653,EDR
16.866299,10.187039,EDR
3.8479905,5.35235,CB
6.549244,2.2734745,CB
7.139923,9.554242,CB
14.013946,9.775888,EDR
5.394347,9.992884,CB
7.177297,11.101562,EDR
11.217237,4.0640373,CB
10.785632,-3.037485,PEP
7.7906957,-3.2500014,PEP
7.458265,3.2208579,CB
10.363266,1.2677615,CB
9.074991,-0.8811764,CB
13.284939,13.847396,EDR
6.2437415,2.19358,CB
9.105421,11.419188,EDR
4.614134,0.7345515,CB
10.636672,13.221772,EDR
8.801464,16.113558,EDR
13.541985,12.296516,EDR
2.5785966,9.410864,CB
4.2775373,9.550363,CB
-9.75865,-0.8831754,EDR
14.551444,10.451783,EDR
7.807212,4.169778,CB
7.4687843,15.629579,EDR
7.209307,2.8435535,CB
19.17863,2.86396,EDR
14.492614,-0.9283333,CB
12.71282,14.679537,EDR
8.294682,15.798996,EDR
13.887279,11.482319,EDR
2.5553007,11.940886,CB
0.067119785,9.78282,EDR
4.125126,9.509154,CB
7.44114,13.712821,EDR
5.4805555,10.825763,CB
1.7826451,11.023292,CB
5.093599,11.023516,CB
5.2576385,14.556978,EDR
6.1195407,5.896754,CB
12.110685,10.07091,EDR
13.869805,10.110105,EDR
9.008803,-4.006269,PEP
11.753283,8.936451,EDR
10.328012,11.016928,EDR
4.8821945,5.411341,CB
15.22395,11.755209,EDR
3.946782,10.662463,CB
7.9120297,5.339431,CB
14.237759,3.436214,EDR
8.082111,14.261084,EDR
10.950508,13.557933,EDR
11.122243,14.363531,EDR
7.4401393,9.612032,CB
13.391507,0.7727462,CB
5.1422505,1.3865889,CB
7.433789,1.0770739,CB
11.748239,-2.48466,CB
10.267697,11.6309805,EDR
3.450617,11.158763,CB
7.814837,-2.822085,PEP
12.01274,4.328633,EDR
6.8055506,4.388248,CB
5.6823444,3.3213093,CB
0.29874885,8.562497,CB
0.03980795,10.410866,EDR
2.08344,6.318501,CB
8.682027,16.504642,EDR
8.246128,5.417244,CB
10.549886,11.129827,EDR
6.414256,0.058133617,CB
7.720561,11.296006,EDR
10.750627,10.191301,EDR
13.279361,15.567118,EDR
17.724047,6.152149,EDR
7.9362974,11.44723,EDR
5.6278567,16.606888,EDR
18.975298,4.9836793,EDR
2.699366,4.7548313,CB
7.92407,13.26147,EDR
6.374926,-1.9330559,CB
-10.368121,-0.80218583,EDR
11.012066,11.672293,EDR
4.988982,11.959611,CB
7.8359466,3.048892,CB
6.2460766,12.457834,EDR
10.291046,7.310775,EDR
15.82644,6.4984703,EDR
4.758189,12.133294,EDR
10.296556,8.493347,CB
17.040712,1.8677018,EDR
8.263662,-2.2153888,PEP
4.6737323,8.560737,CB
10.412771,0.31467715,CB
6.9970493,16.842361,EDR
12.444153,10.139519,EDR
8.968555,4.3253527,CB
6.074521,-2.0808501,PEP
9.996547,4.1391463,CB
3.79871,14.22842,EDR
2.8364093,13.486749,EDR
16.059568,13.035919,EDR
11.815973,1.8195536,EDR
-10.716723,-0.39947027,EDR
11.403658,9.24355,EDR
8.357061,10.9932165,EDR
7.5532293,3.0018222,CB
5.662988,8.89935,CB
10.1934395,4.1454363,CB
14.135214,9.437243,EDR
7.3154864,3.7979803,CB
12.245746,15.208753,EDR
9.074813,10.734259,EDR
13.079399,13.336705,EDR
10.408732,7.8228498,EDR
7.9262924,2.0141757,CB
3.8226438,4.961592,CB
7.251383,16.585602,EDR
17.297298,9.855748,EDR
11.629115,7.5911894,EDR
6.251312,12.956537,EDR
12.548317,14.669482,EDR
6.0768824,12.238762,EDR
7.829887,8.18749,CB
9.47939,11.534899,EDR
6.1705337,-2.0223138,CB
17.6883,7.5238533,EDR
8.682343,-4.040158,PEP
12.048929,13.94253,EDR
8.133504,10.347144,CB
5.94505,10.140458,CB
8.417551,13.244431,EDR
14.156394,3.5071251,EDR
10.555886,1.2111338,CB
10.192183,1.5992162,CB
18.93742,4.0562506,EDR
7.450178,6.9192033,CB
7.107938,-4.1964602,PEP
4.2070417,8.62263,CB
6.627531,15.962295,EDR
7.2247806,4.400336,CB
5.529991,8.915984,CB
7.359475,-4.5010805,PEP
17.629,2.7144592,EDR
14.879879,11.249968,EDR
18.26777,4.8323145,EDR
7.7170343,9.023009,CB
10.397963,12.448635,EDR
12.8515,2.7613053,EDR
11.867687,2.8974884,EDR
1.6405613,14.373823,EDR
10.721988,9.183453,EDR
6.858724,11.498646,EDR
16.059397,9.911942,EDR
14.031021,4.958917,EDR
7.90449,-1.0058845,CB
5.302243,0.8197172,CB
11.170425,8.305832,EDR
13.159807,6.7332516,EDR
8.325508,8.3605175,CB
12.570678,9.8683,EDR
17.103624,10.554989,EDR
9.217947,2.0885105,CB
13.775754,1.6736084,EDR
3.0181901,5.336514,CB
12.515352,-0.053451225,CB
14.517023,5.092065,EDR
14.460097,2.138606,EDR
14.528023,2.019904,EDR
2.6786458,12.869989,EDR
15.551789,9.110114,EDR
8.133835,-3.2815125,PEP
15.60408,2.0029588,EDR
3.4240444,2.7119372,CB
14.237354,10.258257,EDR
14.855717,13.781629,EDR
2.2300513,10.729169,CB
13.666623,11.164299,EDR
7.356281,10.585655,CB
7.696325,3.80838,CB
6.6270523,11.593105,EDR
13.975804,13.625295,EDR
7.457231,12.715225,EDR
16.185818,10.98608,EDR
9.2567625,5.7363977,CB
8.479644,12.770432,EDR
16.065992,6.8888745,EDR
11.511611,14.930257,EDR
7.63809,1.8159721,CB
11.636316,13.876559,EDR
17.611515,2.4393914,EDR
6.4852686,2.4487607,CB
14.699039,6.1267424,EDR
10.284314,12.182181,EDR
11.297192,-1.7211463,CB
4.0196223,7.3892994,CB
9.872052,6.1451216,CB
7.126683,2.6786444,CB
7.7124276,16.203955,EDR
10.520413,-0.06080676,CB
12.541089,8.976293,EDR
8.403397,4.462666,CB
13.412412,0.0036467612,CB
10.321541,2.7412324,CB
8.726205,5.967355,CB
5.1234894,4.633099,CB
14.126161,13.95541,EDR
8.864567,8.627634,CB
6.0619316,16.118053,EDR
13.641984,13.146523,EDR
-9.532789,-1.0816396,EDR
12.542692,2.2398725,EDR
16.70179,7.027136,EDR
8.4891205,7.1938176,CB
5.1158476,14.491142,EDR
8.987443,3.963258,CB
2.117687,11.916036,EDR
1.0384469,12.81754,EDR
1.8110552,9.764681,CB
11.947308,10.197077,EDR
16.227259,2.3420422,EDR
3.039991,14.220244,EDR
0.8506436,9.260399,CB
15.676386,5.7311416,EDR
11.775075,8.228582,EDR
13.900748,10.59046,EDR
5.865225,12.8470335,EDR
16.312727,1.5518486,EDR
13.134392,7.4966764,EDR
8.950481,-0.7054435,CB
5.4557185,14.103112,EDR
16.709234,10.356203,EDR
10.246664,14.5401535,EDR
8.220696,7.5962925,CB
11.453987,2.85829,CB
5.6231065,-2.149124,CB
15.463738,3.834565,EDR
1.3757252,10.750776,EDR
8.617369,7.971909,CB
6.4492207,-0.43910474,CB
10.34514,7.6102424,EDR
-9.611646,-1.2606477,EDR
17.77402,4.062922,EDR
11.723136,13.338082,EDR
2.285245,8.764271,CB
10.281305,14.571643,EDR
7.9142118,8.418616,CB
18.576647,4.921614,EDR
9.915944,1.4787551,CB
17.532316,2.9047737,EDR
13.499314,5.916419,EDR
8.719502,5.809383,CB
16.18873,9.549098,EDR
13.084732,-0.978909,CB
-10.644425,-1.5341264,EDR
-10.2738905,-0.37376314,EDR
6.061676,4.0581827,CB
19.3629,4.804897,EDR
-10.407414,-0.7725675,EDR
13.990999,6.1414475,EDR
11.578944,15.636761,EDR
-9.91163,-1.4449046,EDR
5.097185,15.98655,EDR
5.4232383,12.932406,EDR
13.968661,10.426859,EDR
3.6389928,9.263973,CB
5.9324274,12.880547,EDR
5.253883,-1.4077392,CB
2.0832016,14.638884,EDR
13.517615,9.80811,EDR
8.714858,7.631996,CB
7.819935,7.906745,CB
5.182391,15.277577,EDR
8.371392,-1.5982916,CB
4.42415,2.311394,CB
14.839832,11.845732,EDR
13.040039,2.3980947,EDR
9.44705,2.3435225,CB
4.403318,9.591017,CB
7.086622,12.599199,EDR
6.427393,-0.88838005,CB
11.076954,4.0394206,CB
12.064813,11.724926,EDR
8.218791,8.939849,CB
13.778237,6.7297215,EDR
2.4166572,8.047866,CB
14.737735,7.1870227,EDR
14.556056,13.573288,EDR
7.4483614,9.140712,CB
1.9601486,6.549234,CB
11.438218,-0.82888794,CB
3.4426713,11.270933,CB
13.812207,14.904637,EDR
21.540348,9.512194,CB
2.980273,6.503112,CB
11.568242,10.1866865,EDR
9.026346,1.017675,CB
11.461524,6.57687,EDR
3.1376185,5.3303056,CB
13.391879,5.9097753,EDR
7.0087194,5.1924415,CB
7.9626336,-0.58460486,CB
7.462689,12.178131,EDR
8.218721,15.583624,EDR
10.778926,8.947284,EDR
12.679667,5.117344,EDR
9.396836,-4.173023,PEP
2.7578652,6.7891545,CB
15.671312,9.240978,EDR
13.091574,10.5415745,EDR
7.8545566,3.8123877,CB
7.7992206,0.11796047,CB
6.6168523,14.034841,EDR
-10.988177,-1.6607372,EDR
13.549835,15.367648,EDR
15.873727,8.695998,EDR
-10.160563,-0.570884,EDR
14.551648,6.015594,EDR
6.451322,6.520587,CB
10.865643,2.7566302,CB
4.599984,-0.47711113,CB
8.248709,11.953396,EDR
3.0332355,7.650919,CB
13.68028,2.0303533,EDR
-10.695844,-1.2684156,EDR
3.603693,1.7942754,CB
12.94456,9.322857,EDR
0.854771,12.708343,EDR
-10.831081,-0.46145666,EDR
12.331602,13.189498,EDR
13.975007,2.1096811,EDR
6.336209,2.9481788,CB
15.16886,13.296236,EDR
8.36979,10.68551,EDR
6.259875,2.2785702,CB
9.835203,14.638879,EDR
5.9948516,6.5311065,CB
8.631677,1.8450509,CB
13.09349,9.411516,EDR
14.964607,1.590833,EDR
17.115635,5.1973157,EDR
2.6905408,8.875412,CB
5.470897,12.341925,EDR
2.7327905,7.2069054,CB
8.043539,10.94038,EDR
21.439138,9.518986,CB
11.016292,0.10006754,CB
10.5045,14.460871,EDR
7.1279,-0.1305899,CB
6.9420834,10.346188,CB
10.207365,-1.5011787,CB
10.446991,11.008922,EDR
13.070291,-1.9147748,CB
8.432072,15.877308,EDR
16.640982,10.261601,EDR
13.970564,12.973399,EDR
14.395877,10.571641,EDR
6.1077127,6.526661,CB
-10.218665,-1.0459048,EDR
9.685123,-0.5688636,CB
18.06336,1.9724351,EDR
13.21128,14.694392,EDR
12.79117,0.8265374,EDR
13.17673,-0.110953115,CB
8.759678,0.909027,CB
13.460807,8.918886,EDR
7.1598573,13.910345,EDR
12.803422,0.017400002,CB
6.2663393,6.3236995,CB
9.493217,5.902521,CB
8.190725,14.112597,EDR
6.909824,13.243243,EDR
13.139241,13.981647,EDR
5.2012143,-1.3267914,CB
0.730877,11.583748,EDR
6.3492136,2.860495,CB
6.4673433,11.769071,EDR
14.037909,8.260441,EDR
2.6142035,6.7605314,CB
-9.882594,-0.48028255,EDR
9.219191,5.782404,CB
4.088371,15.929872,EDR
3.4068978,5.385065,CB
8.890115,6.6177425,CB
19.408361,4.2766414,EDR
1.3732123,14.445119,EDR
3.2394135,14.571842,EDR
8.943252,-4.0121403,PEP
18.42365,3.0249887,EDR
11.085552,15.77911,EDR
-10.207393,-0.9824936,EDR
14.408351,4.6690345,EDR
10.49675,2.9606018,CB
12.082532,6.9623923,EDR
10.72215,3.867229,CB
11.094004,10.892887,EDR
4.887389,12.915914,EDR
17.490189,6.119458,EDR
6.534188,6.1932054,CB
7.376512,-1.4589866,CB
15.797711,3.1032708,EDR
13.122362,4.5020647,EDR
5.551341,3.8102825,CB
15.697384,4.967106,EDR
0.45690063,11.71875,EDR
15.12189,12.720922,EDR
3.7997034,8.633226,CB
8.289917,11.197289,EDR
11.0629835,5.6222086,CB
7.947999,0.7107037,CB
11.1713915,14.997285,EDR
8.250663,16.447557,EDR
3.286525,3.820432,CB
6.2901664,10.552091,CB
3.7230458,1.6083266,CB
13.675123,6.091142,EDR
15.048804,2.0234175,EDR
8.599709,14.432279,EDR
10.776019,11.029237,EDR
15.93358,8.413194,EDR
3.666599,1.1460707,CB
7.2274475,8.750069,CB
11.358513,4.227457,CB
14.244048,7.2592373,EDR
9.708946,5.179343,CB
16.402273,6.647311,EDR
9.92001,-3.3027933,PEP
16.24699,7.6627455,EDR
5.639638,14.12938,EDR
13.687192,14.722645,EDR
0.4086983,9.082604,EDR
11.6463375,12.323902,EDR
13.833914,4.395133,EDR
6.30317,9.073238,CB
15.232365,1.1785324,EDR
3.3672905,11.848249,CB
0.7772452,12.814513,EDR
5.1621227,0.36788282,CB
13.768678,3.1426115,EDR
4.962728,13.31093,EDR
2.4897764,8.627539,CB
5.862784,5.814397,CB
1.6191801,9.756508,CB
16.234028,4.4187117,EDR
7.800167,12.325617,EDR
16.761045,11.677319,EDR
7.9392834,4.7759123,CB
10.373289,7.8257484,EDR
15.591601,10.869303,EDR
13.414918,-0.80112475,CB
6.3683333,7.7504764,CB
3.8389034,13.283581,EDR
15.52632,4.417028,EDR
9.772948,-4.1205077,PEP
14.7831335,8.248482,EDR
1.4614071,9.233711,CB
1.5274299,9.59122,CB
16.234842,2.1137428,EDR
13.070773,14.008372,EDR
2.0193598,13.863816,EDR
7.7350636,1.9773674,CB
17.012293,3.9047027,EDR
11.465787,11.794856,EDR
19.37438,5.260155,EDR
7.407501,0.6771764,CB
7.4761853,15.947558,EDR
11.440961,15.413513,EDR
11.258475,5.5485363,CB
4.13374,12.515075,EDR
11.814731,11.889508,EDR
13.449435,1.7465203,EDR
7.945,10.171573,CB
3.9198902,12.041794,CB
12.685807,14.171967,EDR
21.455246,9.560886,CB
14.6452875,6.9862714,EDR
5.0218506,5.746342,CB
0.9899187,10.222979,EDR
9.82342,10.43834,EDR
6.660367,8.178552,CB
2.4146101,11.115832,CB
5.049014,1.1346914,CB
7.638506,10.752876,EDR
7.830557,0.43841252,CB
6.274024,0.7538596,CB
-10.6054325,-0.8747487,EDR
14.895565,0.36006358,CB
15.282046,1.8106512,EDR
6.8028665,2.8039927,CB
12.001399,11.885634,EDR
8.726069,-1.3707829,CB
7.522578,10.435449,CB
16.771603,2.0712652,EDR
14.766947,3.5036519,EDR
13.259788,-0.6500379,CB
5.331444,5.9644775,CB
15.213652,3.889351,EDR
8.4162655,-3.2691648,PEP
10.569387,10.797743,EDR
11.163633,12.834009,EDR
6.6889777,14.243314,EDR
6.204274,14.991878,EDR
2.5261784,12.723364,EDR
6.0213094,-2.0202956,PEP
8.979471,14.972007,EDR
4.7731986,12.63258,EDR
12.167714,14.229382,EDR
6.1006765,9.978525,CB
6.1366534,1.8766987,CB
9.990968,1.7691685,CB
5.7585545,8.46229,CB
2.1872504,9.100513,CB
7.011774,11.897433,EDR
8.078683,-2.0466893,PEP
2.8485167,7.3251615,CB
15.204672,3.8484452,EDR
9.613832,8.710445,EDR
5.489403,11.006651,CB
8.290907,2.2320879,CB
10.9805,11.235422,EDR
16.20646,7.345619,EDR
7.7521057,0.3259211,CB
2.3389616,6.8552537,CB
3.108915,9.264154,CB
8.198245,4.57454,CB
5.057859,13.166074,CB
4.762334,4.669285,CB
12.232157,13.708681,EDR
13.170598,0.68070596,CB
12.84479,3.8561075,EDR
4.492271,9.289463,CB
6.8042703,4.2058654,CB
7.167905,-4.073082,PEP
7.1987367,-0.48574656,CB
12.0567875,4.168545,EDR
9.966707,-1.7516918,CB
2.92784,12.556876,EDR
6.4458094,16.692165,EDR
3.9307024,8.275779,CB
14.6578,11.3118105,EDR
8.018454,4.2282853,CB
-10.606344,-0.52959514,EDR
8.269024,7.335531,CB
5.116815,2.1846442,CB
18.847181,5.0456567,EDR
6.7121563,-2.084048,CB
9.49328,4.261319,CB
3.7714534,6.4857755,CB
2.4462237,6.9501247,CB
3.8495083,13.964852,EDR
7.067124,5.6777725,CB
-9.38121,-0.99177146,EDR
8.881946,-2.2984655,PEP
11.897953,13.509526,EDR
4.2721276,10.494547,CB
0.9290941,10.694048,EDR
15.219384,8.678037,EDR
12.691636,9.825035,EDR
-10.88109,-0.94704384,EDR
4.5546722,2.4872017,CB
12.448169,0.9166787,CB
16.30547,2.5329792,EDR
16.089628,6.627043,EDR
10.875968,-2.2933724,CB
13.149914,4.32744,EDR
7.544763,14.37354,EDR
7.3233843,1.9069887,CB
5.848679,15.586594,EDR
8.614629,8.902822,CB
3.8112464,3.9487226,CB
8.898231,11.377261,EDR
8.730089,-4.216457,PEP
4.828567,8.800971,CB
18.60656,5.101334,EDR
8.889082,-3.639478,PEP
16.78281,9.902632,EDR
13.053843,13.025036,EDR
4.326237,13.3352165,EDR
7.163342,-4.136193,PEP
4.7413864,14.542022,EDR
-10.9935055,-0.6927273,EDR
7.506917,14.348747,EDR
4.756143,9.862852,CB
11.8728075,6.873934,EDR
6.739002,0.47156763,CB
11.754185,11.704125,EDR
13.695725,7.5081344,EDR
7.4991503,-2.9994807,PEP
8.451502,3.8244264,CB
7.975708,-3.1867476,PEP
9.078177,16.463848,EDR
3.2180197,12.0355215,CB
7.477788,7.8856287,CB
-10.6885195,-0.9612867,EDR
17.133692,11.087321,EDR
8.361921,-1.3146008,CB
10.835616,9.647402,EDR
11.971542,10.625345,EDR
4.0202026,15.460448,EDR
10.862194,14.446962,EDR
12.702154,9.354331,EDR
13.796651,-1.140872,CB
-10.669728,-1.3537846,EDR
4.5307693,13.353314,EDR
9.838996,2.2945917,CB
12.525653,-1.7522986,CB
9.897725,-3.1093926,PEP
9.292945,2.7634037,CB
17.65847,0.76200855,EDR
2.5436418,4.064572,CB
7.066237,14.127968,EDR
9.906343,6.858517,EDR
15.89432,7.583996,EDR
8.698434,-4.0949106,PEP
4.5431128,8.373161,CB
0.81060123,9.42851,EDR
13.935414,-1.0977613,CB
7.1654725,5.3984833,CB
5.7602034,6.043549,CB
5.7627006,4.6867986,CB
4.243404,6.7299476,CB
10.425685,10.80044,EDR
13.694465,3.2971935,EDR
8.102886,11.4458275,EDR
12.086499,12.371206,EDR
10.989561,6.6737976,EDR
6.476749,4.2740912,CB
17.313091,2.2783504,EDR
9.5918665,6.199809,CB
12.383129,12.545399,EDR
7.8957725,11.840434,EDR
1.2664372,9.797418,EDR
14.021187,4.918104,EDR
13.64161,11.572726,EDR
15.020255,7.4310746,EDR
12.524428,11.691461,EDR
7.4410276,13.312251,EDR
9.565074,-0.8432534,CB
10.286801,-2.8727777,PEP
4.0816464,1.528762,CB
15.233242,4.052025,EDR
13.340306,2.1617913,EDR
18.868229,5.7000284,EDR
9.091368,14.830634,EDR
12.267953,2.253755,EDR
12.214691,-0.38252717,CB
11.807788,2.4643335,EDR
13.832995,3.2642941,EDR
8.045316,16.049473,EDR
6.244954,15.042194,EDR
2.5051017,7.6670585,CB
-11.335202,-0.6666575,EDR
6.560077,16.092201,EDR
12.0537615,13.12695,EDR
5.719252,12.336264,EDR
11.465864,10.175483,EDR
10.828469,8.035664,EDR
14.106224,0.30582315,CB
16.919493,9.396353,EDR
9.387983,7.604688,CB
4.6655774,2.9624584,CB
10.880035,3.9398837,CB
13.424256,4.087053,EDR
6.1666884,12.187254,EDR
18.433594,4.496984,EDR
11.42982,2.0865996,EDR
5.9717674,7.420023,CB
10.915882,4.8741355,CB
8.21092,5.700715,CB
10.478498,6.8596306,EDR
6.502453,7.4987564,CB
14.934967,5.7226086,EDR
3.9490228,1.994965,CB
4.107931,0.83935255,CB
-11.021787,-0.42893723,EDR
4.6408525,0.18561651,CB
4.8738165,9.776573,CB
16.457012,7.1582804,EDR
0.4908043,12.852056,EDR
8.890252,3.8746514,CB
7.9838486,4.8243165,CB
2.5629902,8.995764,CB
12.601188,6.089477,EDR
15.436935,9.771973,EDR
15.890267,8.707434,EDR
12.761642,-1.665453,CB
11.330374,12.816474,EDR
6.345217,16.139729,EDR
13.981821,12.931448,EDR
8.704416,11.955273,EDR
12.396358,-1.3244517,CB
14.511583,5.9203153,EDR
-11.131412,-0.48745227,EDR
11.823022,13.878744,EDR
13.998672,7.296941,EDR
15.445029,7.999765,EDR
2.759248,3.3682277,CB
11.3621645,2.6680634,EDR
12.024091,12.909506,EDR
3.6964865,14.119154,EDR
6.513636,14.561049,EDR
8.967278,-0.56135494,CB
10.322788,-2.240793,CB
5.0972314,9.170248,CB
8.96374,5.80453,CB
12.11562,-3.2691393,PEP
16.085932,12.851797,EDR
15.999363,0.18111989,EDR
15.155215,9.266815,EDR
-10.1137085,-1.2341845,EDR
6.705989,0.88347745,CB
8.095466,6.847206,CB
4.5726233,1.9529572,CB
5.9046707,4.4548526,CB
6.76448,3.1054318,CB
9.883973,13.920685,EDR
6.8443027,1.2777517,CB
6.8825316,-3.8424757,PEP
10.199769,12.0713415,EDR
2.6274364,14.276153,EDR
6.9832177,7.9337106,CB
14.851695,10.57636,EDR
6.28354,9.229018,CB
9.361101,9.910276,EDR
7.701282,14.093221,EDR
6.5088224,1.4360871,CB
14.416512,10.100641,EDR
12.961315,13.816202,EDR
3.5140936,15.3990965,EDR
19.161922,5.9620066,EDR
12.694187,3.3930578,EDR
14.284249,4.913472,EDR
8.115713,10.441453,EDR
-10.243686,-0.5224506,EDR
5.7285924,1.7382364,CB
5.7656703,0.8531713,CB
13.224447,12.001598,EDR
7.0554333,9.071461,CB
10.638343,3.082686,CB
5.739512,11.323762,CB
2.372951,4.8825054,CB
12.058754,13.35127,EDR
13.668481,7.7317824,EDR
5.410386,3.3416884,CB
6.8639975,7.879954,CB
1.9875716,11.705048,EDR
9.432326,-2.4848433,PEP
12.243919,7.130366,EDR
0.6816406,12.931719,EDR
1.0733484,7.0118504,CB
7.1125298,11.37184,EDR
11.233146,2.2762725,EDR
11.778827,9.468443,EDR
11.599409,8.946196,EDR
9.586703,0.5478868,CB
-10.546112,-0.6355132,EDR
21.515818,9.600646,CB
3.8213484,12.893783,CB
5.000866,7.2723217,CB
11.842123,12.054396,EDR
-10.036286,-1.4221823,EDR
14.162992,14.997535,EDR
2.887773,5.3298364,CB
14.970964,3.843384,EDR
11.856664,14.126542,EDR
15.847768,11.158103,EDR
10.847025,10.686389,EDR
2.4882803,11.84291,EDR
11.836612,13.705408,EDR
13.0132,11.433018,EDR
3.9080153,14.721069,EDR
4.037031,12.803686,EDR
5.4416156,5.570648,CB
11.6495285,1.6253357,EDR
8.515152,9.504759,CB
5.8566093,2.6127439,CB
3.3061738,4.7677245,CB
8.521476,15.057643,EDR
4.0530186,10.5931,CB
15.585235,6.500659,EDR
15.92593,10.103187,EDR
9.89476,4.3159966,CB
8.017444,11.930667,EDR
6.849719,8.039336,CB
9.10092,16.262209,EDR
12.207191,12.256372,EDR
5.7739053,4.5215406,CB
9.017343,12.90687,EDR
2.646598,14.572166,EDR
6.1422534,12.812557,EDR
-10.070005,-1.1663762,EDR
15.633293,7.6164217,EDR
16.67701,5.8948693,EDR
9.57359,0.86045486,CB
3.9811108,14.47455,EDR
5.20382,2.7797303,CB
10.68577,-0.8062944,CB
6.8427267,-2.4394677,PEP
13.616902,10.407209,EDR
10.540455,13.538475,EDR
1.0103571,9.774469,EDR
13.953562,10.067991,EDR
10.534712,14.512739,EDR
12.242807,-2.3736029,PEP
1.4691916,12.466948,EDR
11.505123,6.404039,EDR
5.033708,15.668111,EDR
12.493914,8.524218,EDR
16.213995,12.717874,EDR
16.417433,3.7760956,EDR
12.336358,9.745473,EDR
14.767158,2.029411,EDR
8.901967,16.296745,EDR
11.393279,1.2765114,EDR
5.0560317,4.6510344,CB
-9.506411,-1.1802416,EDR
11.929555,7.630286,EDR
4.4706936,8.551624,CB
13.968005,7.1593986,EDR
9.271888,16.388369,EDR
15.166625,3.4998646,EDR
15.41462,2.4060745,EDR
2.2446747,12.835677,EDR
15.236458,11.618584,EDR
4.207372,2.5328352,CB
13.094181,13.053134,EDR
5.760211,4.56038,CB
9.221906,16.362272,EDR
8.876477,11.282414,EDR
6.5299335,14.374045,EDR
12.190755,5.4051995,EDR
9.582075,14.744471,EDR
13.55685,13.570733,EDR
4.81956,10.497383,CB
11.753814,14.299586,EDR
11.764403,6.437267,EDR
13.040005,2.6658466,EDR
14.42316,5.484391,EDR
3.9575896,6.662001,CB
6.9167037,13.211069,EDR
2.0481048,10.662051,CB
16.008833,6.503932,EDR
8.929469,-1.2738588,CB
11.02366,2.6022491,CB
6.856522,8.426186,CB
12.5247965,14.629467,EDR
8.639799,13.029126,EDR
11.615504,9.656692,EDR
7.3563547,6.8440676,CB
7.361209,2.1527193,CB
13.127864,6.564723,EDR
6.8146863,6.8517737,CB
11.815017,5.4260726,CB
8.791346,10.766065,EDR
9.08763,13.113338,EDR
11.962679,12.143613,EDR
9.822887,1.7833515,CB
17.045938,4.481044,EDR
6.747732,3.267802,CB
8.249232,-0.27086383,CB
9.131112,2.962057,CB
7.5927377,15.922366,EDR
-10.305254,-1.0810102,EDR
17.659529,7.6081166,EDR
7.099692,-2.3227398,PEP
18.620453,5.763596,EDR
17.111832,5.3544517,EDR
-11.09038,-1.4729445,EDR
8.614345,0.42191306,CB
11.716961,0.99144816,EDR
15.791984,11.881207,EDR
15.530927,2.685704,EDR
5.934443,9.049512,CB
4.5891347,4.855696,CB
8.236796,14.73482,EDR
12.878212,5.3292613,EDR
15.506326,4.075906,EDR
7.861975,-0.053502887,CB
5.681115,5.134037,CB
4.4089355,7.170776,CB
10.026009,10.167916,EDR
2.5620608,14.3613615,EDR
2.7444708,15.033623,EDR
0.14973368,8.693721,CB
5.115014,9.233615,CB
14.124022,12.317994,EDR
3.731675,0.8566585,CB
15.844739,7.9826455,EDR
5.6403,5.6755166,CB
9.604888,3.2421074,CB
6.491347,6.6787653,CB
14.614029,0.91588247,EDR
12.163623,3.47482,EDR
10.253485,12.905634,EDR
10.789041,13.250368,EDR
2.356655,7.167908,CB
11.197015,10.136208,EDR
6.5961466,-0.63020134,CB
16.742378,1.5447729,EDR
3.8857203,4.6341095,CB
7.276402,12.001771,EDR
-10.13073,-0.23730834,EDR
4.304074,14.953984,EDR
12.907758,12.879712,EDR
9.051836,9.034702,EDR
12.571382,5.16395,EDR
14.9369545,6.9418893,EDR
1.0880545,10.96317,EDR
8.183064,-0.031821124,CB
5.691113,11.341183,CB
9.948971,6.100819,CB
11.9063,-0.28041807,CB
15.909425,1.577046,EDR
13.624017,6.5489655,EDR
-10.909585,-1.0734706,EDR
6.435912,4.4082603,CB
12.222047,1.2444947,EDR
15.839253,3.016435,EDR
9.478313,7.3273487,CB
10.791782,0.16740517,CB
4.811989,14.340736,EDR
4.3830004,14.665922,EDR
4.0140886,12.315945,CB
7.7551994,4.154164,CB
11.109536,14.143521,EDR
6.703867,2.131456,CB
12.547679,15.249813,EDR
4.1703434,6.1489124,CB
9.886469,10.124968,EDR
8.405243,3.4984655,CB
0.41629988,12.1003685,EDR
2.3365195,8.761826,CB
16.223772,13.024268,EDR
13.588804,3.6084628,EDR
8.708319,10.6879,EDR
8.604947,13.476399,EDR
4.7915034,12.795363,EDR
7.6011963,5.2984557,CB
11.223925,10.112781,EDR
11.078837,9.945691,EDR
10.449541,11.694075,EDR
-10.741472,-1.3258787,EDR
12.278091,5.2374697,EDR
-10.159376,-0.07298064,EDR
14.99186,10.468887,EDR
9.855457,8.520018,EDR
9.482103,10.41403,EDR
7.9665933,6.8917894,CB
15.015008,6.8121786,EDR
7.225597,-2.1205823,CB
7.0733557,-0.56809133,CB
8.506484,2.7341363,CB
5.519773,7.5713534,CB
12.847957,9.309134,EDR
6.4034157,2.750907,CB
10.64947,4.5140643,CB
7.574571,16.18217,EDR
9.98793,3.5408094,CB
-10.608691,-0.2818299,EDR
11.308702,-2.9169521,CB
11.046992,6.500806,CB
10.972221,15.53778,EDR
10.857222,-1.0368662,CB
8.978254,8.338723,CB
9.903417,7.357278,CB
3.5270033,8.7372055,CB
5.8485727,14.12705,EDR
14.387688,5.667168,EDR
7.3502707,15.338393,EDR
6.0539546,15.941736,EDR
16.353655,2.2684352,EDR
2.367987,10.606516,CB
7.2078104,0.7031793,CB
-11.239134,-0.86974776,EDR
2.6165872,4.480738,CB
11.776069,5.164727,EDR
12.211948,2.9298906,EDR
11.885423,10.065126,EDR
14.850777,7.2808084,EDR
7.0382295,12.078918,EDR
17.120342,8.750269,EDR
2.8239698,11.639664,EDR
10.5584755,8.310151,CB
2.9106107,13.389425,EDR
5.5080905,2.7656138,CB
16.319557,12.373166,EDR
12.145709,12.575881,EDR
8.027166,12.695193,EDR
5.0709734,5.5332785,CB
11.972803,13.507019,EDR
15.966628,7.2681985,EDR
12.611666,4.203454,EDR
3.214866,6.224312,CB
6.3967547,9.79114,CB
8.653307,4.074606,CB
2.4208272,4.144206,CB
7.222842,11.637191,EDR
1.5369133,10.521035,CB
3.8136818,7.991094,CB
5.0157714,14.05389,EDR
15.619883,1.4078869,EDR
18.823141,3.9635067,EDR
11.976568,4.805455,EDR
10.255333,15.5585985,EDR
3.9773118,11.016752,CB
13.274961,10.080274,EDR
7.9171357,10.879945,EDR
13.03837,3.7019608,EDR
14.402148,13.852179,EDR
13.98216,6.94207,EDR
13.407984,7.021336,EDR
5.031467,-0.2595863,CB
12.972871,13.253123,EDR
12.706823,12.408868,EDR
15.746139,1.7043116,EDR
13.23555,12.401232,EDR
10.488799,15.742359,EDR
17.479553,6.470603,EDR
6.3676224,12.945718,EDR
9.821365,-0.6164673,CB
6.548312,6.8270273,CB
6.5580506,4.0189342,CB
3.1178308,3.0739615,CB
13.231118,6.8593597,EDR
9.573236,-4.1995983,PEP
7.4431148,7.809957,CB
7.4264684,7.1182876,CB
8.859445,0.8561615,CB
12.529197,2.231113,EDR
11.070969,9.346105,EDR
10.936883,10.083611,EDR
2.4532242,6.9370856,CB
12.615142,12.585388,EDR
14.2693615,4.247357,EDR
18.588911,4.675683,EDR
11.7166605,1.7617487,EDR
7.872248,12.415736,EDR
3.3539903,11.668338,EDR
3.5027783,4.4877543,CB
9.2196245,13.592112,EDR
6.761165,3.366677,CB
8.117247,-3.82017,PEP
13.193623,9.323478,EDR
6.902918,9.439232,CB
8.093703,12.272812,EDR
6.0265718,16.364689,EDR
10.879048,6.3666525,EDR
11.171793,13.058507,EDR
12.3770895,7.1304684,EDR
14.294811,3.2288942,EDR
12.063677,4.570719,EDR
0.29304528,8.222671,CB
3.5427558,5.0265684,CB
13.629915,9.38704,EDR
12.170107,9.309346,EDR
2.9180088,6.474362,CB
13.375054,8.905449,EDR
4.0940647,0.83204836,CB
4.3251166,14.413335,EDR
-11.297064,-0.60383964,EDR
11.279781,6.5067554,EDR
8.781115,6.2663665,CB
9.182633,9.58618,EDR
2.6238747,7.470512,CB
9.723336,10.08985,EDR
12.282274,8.549182,EDR
10.367406,3.9632053,CB
1.2615349,8.663761,CB
4.1397796,10.145712,CB
13.261245,9.59616,EDR
1.936601,10.431,CB
12.870718,11.425547,EDR
5.440398,9.375415,CB
11.168426,12.2012,EDR
8.701005,7.3114243,CB
8.055464,1.2875273,CB
0.6186562,11.639816,EDR
12.776244,9.391955,EDR
13.1267,14.512351,EDR
9.720328,8.047965,EDR
7.6164927,4.7793593,CB
6.299728,2.991707,CB
10.503665,12.763194,EDR
4.563818,13.480022,EDR
6.2110643,15.592119,EDR
4.8332334,2.92069,CB
7.508724,-0.6976067,CB
16.441133,2.2907543,EDR
12.091992,5.052052,EDR
7.8242917,9.62816,CB
5.8169136,12.242616,EDR
9.901176,16.290699,EDR
4.457937,13.360514,EDR
10.857255,11.1747875,EDR
15.957016,6.754808,EDR
15.617753,11.495553,EDR
8.264225,9.94172,CB
13.188325,3.3765144,EDR
-10.937483,-0.7767659,EDR
11.936561,8.293378,EDR
8.633474,-1.3850657,CB
9.670663,9.3458805,EDR
4.2893147,7.067173,CB
5.2028613,10.474487,CB
-9.927031,-0.38423562,EDR
0.7231331,11.689759,EDR
16.126154,7.4833407,EDR
18.003809,6.3309965,EDR
12.100059,8.935544,EDR
11.098888,12.956954,EDR
7.4474545,11.980053,EDR
4.83093,7.7003956,CB
10.569737,3.8258972,CB
9.836442,-1.7533714,CB
2.39747,5.0855026,CB
14.118721,10.83099,EDR
7.8202324,16.281288,EDR
7.415606,-2.0828006,PEP
9.047779,9.18309,CB
14.788768,12.679189,EDR
8.3146,6.4812093,CB
10.420426,1.2260662,CB
11.01827,13.225909,EDR
0.15472968,8.055694,CB
2.3401017,9.546131,CB
6.381949,17.112087,EDR
4.063342,11.101581,CB
15.028421,3.8799894,EDR
12.1353655,12.123912,EDR
14.991408,12.71559,EDR
10.96229,4.541081,CB
10.553542,6.828753,EDR
-10.854161,-0.5454069,EDR
9.240107,3.1626952,CB
-10.579294,-1.3558639,EDR
12.383371,1.7096269,EDR
14.31142,4.4906497,EDR
9.391759,-4.098872,PEP
4.6932936,11.376071,CB
8.283978,16.355173,EDR
14.683942,11.693713,EDR
7.6948404,4.656198,CB
4.381217,3.70589,CB
9.010663,3.7585995,CB
11.103627,-2.9870906,CB
11.180415,13.870039,EDR
7.036751,-2.6161015,PEP
15.315737,2.635361,EDR
7.9811244,6.226958,CB
5.9058084,6.7793117,CB
9.0325575,-2.0475314,CB
11.774923,11.132249,EDR
7.8399134,8.901225,CB
17.284128,1.9857062,EDR
10.841455,15.399967,EDR
8.464195,7.7630515,CB
3.779765,9.144504,CB
12.096219,0.6897128,EDR
12.136893,10.186425,EDR
9.579525,7.8406982,EDR
11.034237,6.784545,EDR
12.059667,3.1312878,EDR
-10.765966,-0.32755747,EDR
8.8082695,1.9402106,CB
7.3320723,4.484672,CB
9.224335,11.388257,EDR
12.414566,7.187335,EDR
11.823385,0.649955,EDR
-9.558225,-1.3012524,EDR
7.527383,2.3247194,CB
11.635977,7.646573,EDR
4.8967886,12.254481,EDR
2.3554933,4.560808,CB
13.996436,6.4060717,EDR
8.253744,14.41523,EDR
11.033406,10.32582,EDR
8.129726,0.11877365,CB
11.6813135,2.7902522,EDR
4.968889,14.545188,EDR
4.383455,8.8963,CB
11.851121,1.7825866,EDR
3.4210703,12.171816,CB
5.756014,0.87642145,CB
12.01286,11.01248,EDR
6.958371,10.446033,CB
14.295755,8.772978,EDR
3.5809093,13.719144,EDR
16.474049,8.593243,EDR
10.884851,7.949846,EDR
4.2570567,2.6228426,CB
5.401685,8.966257,CB
5.3022003,4.1894007,CB
10.69505,9.876871,EDR
12.5554905,5.256603,EDR
15.246555,12.17799,EDR
12.823547,9.47067,EDR
9.120911,12.873426,EDR
17.137932,6.788973,EDR
6.939188,2.7330787,CB
12.368025,14.668002,EDR
6.406011,10.703855,EDR
14.35491,6.7217317,EDR
-9.880767,-0.27902558,EDR
8.575021,12.874859,EDR
-11.108335,-1.5210178,EDR
12.794658,0.54678833,CB
-9.491999,-1.2625084,EDR
6.494136,7.137103,CB
16.517138,4.8512425,EDR
1.2483543,8.412499,CB
11.204294,3.4698117,CB
10.023641,9.682837,EDR
14.4789715,12.42859,EDR
4.5749145,5.5549088,CB
9.943733,8.241857,EDR
14.0570545,1.1491232,EDR
12.185377,3.8406863,EDR
11.706369,0.64648265,EDR
13.728472,14.757322,EDR
9.536556,4.9277506,CB
10.71788,6.101939,CB
2.423424,7.3260264,CB
6.5960264,3.8339744,CB
9.448143,5.256201,CB
13.6574745,5.414437,EDR
12.933214,-1.3900123,CB
6.928829,11.287563,EDR
12.95838,4.3185,EDR
15.806792,8.890594,EDR
8.278303,3.9449866,CB
4.0844398,4.056586,CB
12.584876,5.4706125,EDR
13.062631,11.08099,EDR
3.971004,9.286824,CB
13.060792,8.483652,EDR
7.7929473,5.1806355,CB
10.421322,5.0376577,CB
10.499445,-2.562868,CB
14.539324,13.841252,EDR
9.075486,9.010519,EDR
14.834106,13.639042,EDR
11.480486,-1.0117302,CB
14.103316,5.017,EDR
1.0403925,11.649041,EDR
13.216666,0.42987388,CB
5.3306904,11.54528,CB
10.603596,5.082124,CB
10.8344345,13.17045,EDR
13.538618,5.2765155,EDR
16.066643,7.5776963,EDR
10.394418,2.3623316,CB
18.084257,1.7035644,EDR
4.5081425,11.462752,CB
9.284294,6.3625875,CB
13.125956,8.890195,EDR
4.887799,3.624942,CB
10.060941,5.3490505,CB
3.7436397,6.4891067,CB
15.338378,7.785806,EDR
1.1863765,6.021988,CB
8.3821535,9.484746,CB
9.819853,11.973983,EDR
17.250847,5.32183,EDR
6.4606075,16.750597,EDR
4.4875355,10.112568,CB
7.3945484,15.672368,EDR
0.21507792,9.205302,CB
1.3989927,11.07386,EDR
8.5096855,15.94855,EDR
3.4075456,11.0147505,CB
15.203414,13.89396,EDR
3.6366448,9.112619,CB
7.289593,12.313601,EDR
10.038382,14.654538,EDR
12.9203615,3.6690302,EDR
7.4326396,7.826164,CB
6.467076,4.4385953,CB
3.5556705,15.280354,EDR
5.951858,15.999028,EDR
4.8015027,3.4841921,CB
15.919332,6.356312,EDR
14.382447,1.4045529,EDR
-0.062294602,12.430429,EDR
3.795345,4.436054,CB
10.77215,-0.2856129,CB
2.792002,9.549054,CB
12.106565,3.5437057,EDR
9.741654,14.496746,EDR
8.668891,2.172696,CB
15.506765,4.1221995,EDR
5.3979106,13.67811,EDR
14.038085,6.7137175,EDR
3.139497,15.209355,EDR
8.810611,1.4531447,CB
14.166254,-1.0826957,CB
9.036066,0.14135432,CB
6.926202,5.6485214,CB
8.286962,4.54075,CB
10.74837,14.11938,EDR
14.203277,13.194673,EDR
10.633967,8.200033,EDR
5.2592344,4.192642,CB
6.1402235,6.675672,CB
6.1936812,1.8831547,CB
4.8485627,6.3512626,CB
9.289153,10.747373,EDR
10.452521,10.428301,EDR
8.319042,-1.8473239,CB
6.6650534,8.5898035e-05,CB
15.085336,9.472433,EDR
3.7176225,10.131447,CB
9.528985,13.844951,EDR
7.005356,15.366504,EDR
5.97152,13.97792,EDR
8.28082,8.225092,CB
6.271302,7.765686,CB
5.8475585,13.735256,EDR
8.871023,6.9794216,CB
7.849033,9.116273,CB
4.425504,15.124205,EDR
7.3013024,10.19192,CB
5.955277,14.927748,EDR
11.000406,9.269253,EDR
4.4098625,2.9850695,CB
9.280817,8.427422,EDR
14.338383,6.9173408,EDR
16.945084,4.053893,EDR
12.4994335,1.9166068,EDR
14.000754,5.075285,EDR
2.7604644,9.87044,CB
10.601874,4.8972926,CB
5.6545973,7.909105,CB
13.975779,10.670645,EDR
9.379241,8.999862,EDR
16.437298,11.340437,EDR
9.434277,11.481443,EDR
4.0274267,8.405862,CB
17.45948,0.77728313,EDR
9.298959,9.628594,EDR
1.7549292,14.601126,EDR
8.4353695,15.247872,EDR
3.864107,4.4019127,CB
9.84801,2.6616912,CB
5.694611,11.771811,EDR
8.188127,7.7648954,CB
1.458106,13.381126,EDR
10.779118,11.033325,EDR
12.466194,-1.8424771,CB
15.115029,12.778837,EDR
10.857716,8.79806,EDR
10.134929,0.329539,CB
14.235674,6.1809106,EDR
11.855068,2.171692,EDR
7.810439,6.9385056,CB
4.421349,13.011935,EDR
11.218339,3.3731995,CB
3.6257005,2.4502208,CB
19.170717,3.294583,EDR
14.94461,7.7856092,EDR
12.613252,-1.127295,CB
10.53035,6.5859227,CB
11.529291,7.324442,EDR
9.553408,0.26275024,CB
9.836586,10.0049515,EDR
12.356857,5.1652255,EDR
7.7611594,7.1012826,CB
12.939614,12.003484,EDR
15.683102,3.0479586,EDR
8.156924,-2.4287312,PEP
12.3959055,10.839457,EDR
5.2618413,1.8865105,CB
13.810489,8.012745,EDR
-9.74697,-0.82377875,EDR
13.57664,11.235931,EDR
12.641414,9.898493,EDR
10.308073,2.1819375,CB
7.9499135,13.187708,EDR
4.5602865,11.592642,CB
14.513949,5.387028,EDR
7.008643,9.747871,CB
6.7422676,-0.9750395,CB
5.6488886,11.363433,CB
6.304237,4.2458825,CB
12.217032,0.90039825,EDR
11.492287,15.164678,EDR
5.8265834,4.911264,CB
14.191013,7.0488396,EDR
7.2337627,5.20388,CB
-9.9414425,-1.017035,EDR
7.408271,-2.5070326,PEP
18.789927,3.2887144,EDR
5.1153336,3.1189473,CB
13.279482,13.732034,EDR
2.368587,9.142898,CB
5.0022955,1.5790132,CB
9.29794,15.379892,EDR
18.263056,5.93675,EDR
14.907537,12.95396,EDR
11.617686,3.1227348,EDR
15.610865,0.23690236,CB
13.714568,7.719824,EDR
7.570504,9.579253,CB
3.6862652,14.747914,EDR
14.753927,4.9096036,EDR
-10.022641,-0.28005928,EDR
2.3472064,9.944687,CB
16.932493,4.309049,EDR
6.1505346,14.248261,EDR
12.879619,-2.0435047,CB
13.254134,8.60891,EDR
8.850439,7.292124,CB
11.210965,5.4007735,CB
6.5947375,8.539383,CB
10.626473,0.86325157,CB
12.190991,8.00965,EDR
5.789059,6.8031254,CB
11.645937,2.1540523,EDR
10.204132,2.0918164,CB
3.249424,7.5114856,CB
10.364329,8.152498,EDR
5.1813784,-0.23379111,CB
16.543247,1.4691812,EDR
7.4739857,-2.6009045,PEP
11.910205,3.8042455,EDR
8.296677,15.716763,EDR
9.014438,14.576248,EDR
9.549195,0.58933127,CB
4.9203286,5.700399,CB
10.801018,9.891497,EDR
2.4459808,10.577802,CB
3.2499557,10.995707,CB
9.039665,6.8278966,CB
11.166015,9.072716,EDR
7.0113544,-4.0222673,PEP
0.19690841,11.554471,EDR
9.390176,9.170936,CB
14.444276,11.732221,EDR
7.614984,8.131528,CB
11.515213,1.8209827,EDR
18.532625,2.6961288,EDR
9.494058,0.24075766,CB
1.5393093,11.618918,EDR
11.003076,0.1694169,CB
12.056917,3.6308959,EDR
11.906573,15.718095,EDR
9.322577,-2.0199265,PEP
15.917806,12.426754,EDR
1.0910381,14.082112,EDR
14.069482,11.552481,EDR
4.78148,6.4317355,CB
17.938885,6.1800766,EDR
4.8009615,0.48068073,CB
11.201613,14.043588,EDR
8.187524,8.712817,CB
8.310575,5.2325444,CB
15.117092,5.8970437,EDR
8.569045,13.972255,EDR
-10.420759,-1.0774045,EDR
11.660212,3.16137,CB
9.745222,6.973483,CB
13.658279,-0.97104996,CB
-10.410358,-1.3107499,EDR
7.7611303,-2.1772785,PEP
6.2837744,12.659359,EDR
6.986051,5.281768,CB
4.7652717,14.192611,EDR
2.8521302,7.2111197,CB
6.3908887,16.611027,EDR
-9.8275585,-1.2512038,EDR
15.430512,3.9552858,EDR
12.111811,-3.499079,PEP
5.8155737,8.007896,CB
10.418548,-1.1982322,CB
7.759096,5.607244,CB
17.128569,10.961112,EDR
11.227334,6.162953,EDR
8.702341,12.867522,EDR
14.646454,8.08113,EDR
8.083206,5.6694827,CB
7.606823,10.934934,EDR
1.3252069,9.454165,CB
3.8783312,2.2333813,CB
6.0286713,10.5588665,CB
10.524874,7.2758484,EDR
8.283341,5.115289,CB
6.7882137,11.647333,EDR
10.832404,4.1874757,CB
15.313331,0.2026297,CB
9.05177,11.842824,EDR
